vehicle_id,greedy_dist,greedy_time,greedy_fuel,greedy_co2,greedy_cong,greedy_cost,greedy_exec_time,aco_dist,aco_time,aco_fuel,aco_co2,aco_cong,aco_cost,aco_exec_time,deep_aco_dist,deep_aco_time,deep_aco_fuel,deep_aco_co2,deep_aco_cong,deep_aco_cost,deep_aco_exec_time
vehicle_001,332.7081342943882,18628.933746808747,100.53749772832971,261397.49409365724,1.0505555555555557,851.0758823101503,0.01903820037841797,208.02961600412385,13019.144607843136,60.99225650452958,158579.86691177695,0.9718518518518521,526.3258461030244,0.6325702667236328,218.10947171628118,13381.093529229056,64.14404002665125,166774.5040692933,0.8645833333333334,551.1924756076567,0.5637655258178711
vehicle_002,227.93175239388876,13131.486203747232,68.66323528632927,178524.4117444561,0.8753472222222222,583.6490361043537,0.011339902877807617,210.82268920868412,12573.339946606347,62.44373412169106,162353.70871639674,0.9192810457516342,535.7267647042686,0.6738512516021729,215.2689098151082,12243.476546865013,65.33096048915411,169860.49727180065,0.9638888888888889,554.9635668572301,0.5934484004974365
vehicle_003,192.65625641055993,10519.133263142285,16.79933156490252,38638.462599275794,1.0961904761904762,290.53680045896124,0.02340388298034668,191.73887722269765,10639.508263142285,16.641591939402968,38275.66146062682,1.0870370370370372,288.77262625206686,0.5915758609771729,191.73887722269765,10639.508263142285,16.641591939402968,38275.66146062682,1.0870370370370372,288.77262625206686,0.5388245582580566
vehicle_004,330.4054524183166,16503.05989417989,29.632471264435093,68154.6839082007,1.0389705882352942,493.54169792678385,0.017405271530151367,228.37822584873547,12762.775487033234,19.73956563146094,45401.00095236016,0.9794117647058824,340.4153870661638,0.7102694511413574,234.78788520833217,12981.4421536999,20.366104179633872,46842.03961315791,0.993030303030303,350.15466529061007,0.6056106090545654
vehicle_005,186.51734098285982,10873.280594549355,15.365834668629342,35341.419737847486,0.9751937984496123,276.1188080312108,0.018354177474975586,155.7030737878571,9899.403357426885,12.919968988309229,29715.92867311122,1.067543859649123,233.72819159184638,0.5820908546447754,155.7030737878571,9899.403357426885,12.919968988309229,29715.92867311122,1.067543859649123,233.72819159184638,0.5495882034301758
vehicle_006,259.4674340587751,14742.057092947418,21.291560158601524,48970.5883647835,1.110204081632653,381.12229152726127,0.015271425247192383,205.98913051170067,12340.458443205996,16.713318147729222,38440.63173977721,1.073015873015873,303.7137851036183,0.6607565879821777,205.98913051170067,12340.458443205996,16.713318147729222,38440.63173977721,1.073015873015873,303.7137851036183,0.6069416999816895
vehicle_007,208.86705087918114,10898.459942590569,19.12916161080391,43997.071704849,0.9314814814814815,316.8550237320684,0.01803302764892578,187.4883171020593,9997.998076923077,16.589335377225296,38155.471367618185,0.8910852713178293,282.12306838939827,0.6237607002258301,191.1708904986698,9965.955143166693,17.337396291701136,39876.01147091261,0.9043650793650793,289.6698436239281,0.5596005916595459
vehicle_008,232.18167795708635,12521.213778399124,73.83096716684283,191960.51463379138,1.1255319148936174,616.0699478786809,0.017467498779296875,228.20701604368986,12269.774889510236,72.72565778144295,189086.71023175158,1.0097826086956523,605.3414018405028,0.6283419132232666,234.84502355249768,12503.511409886409,75.19595802091537,195509.49085437992,1.0829787234042554,625.1277985049744,0.5600903034210205
vehicle_009,259.43553364884957,14323.936897443893,79.98920004024544,207971.92010463812,1.1183673469387754,674.5440786798656,0.01684737205505371,203.01977805675622,11954.515202499026,60.35927059073744,156934.10353591733,1.0177777777777774,518.3146074555821,0.6032350063323975,203.01977805675622,11954.515202499026,60.35927059073744,156934.10353591733,1.0177777777777774,518.3146074555821,0.5566353797912598
vehicle_010,347.3490164850687,18001.65862201575,30.551528914621024,70268.51650362833,1.01005291005291,515.2076508870407,0.016458988189697266,251.63029158247758,13751.359521867022,22.16742103601058,50985.06838282433,1.03,376.58721885193796,0.663398027420044,251.63029158247758,13751.359521867022,22.16742103601058,50985.06838282433,1.03,376.58721885193796,0.5877454280853271
vehicle_011,276.491976715389,14301.051220979689,24.86898309151187,57198.66111047729,1.0264705882352942,415.0741122833512,0.020716428756713867,223.7961159500866,12548.44632245156,19.272808764237137,44327.46015774542,0.9357638888888888,333.0034781941755,0.6037297248840332,223.7961159500866,12548.44632245156,19.272808764237137,44327.46015774542,0.9357638888888888,333.0034781941755,0.5617473125457764
vehicle_012,353.64840214796766,18317.546766447533,31.986229342771665,73568.32748837481,1.0946236559139786,529.6139928560901,0.017382144927978516,232.50991175897263,12603.020902245236,20.398746186560764,46917.11622908976,1.05,348.504481831289,0.6045174598693848,232.50991175897263,12603.020902245236,20.398746186560764,46917.11622908976,1.05,348.504481831289,0.5600399971008301
vehicle_013,172.71875025280227,9557.896017316016,15.549631050435668,35764.15141600204,1.036190476190476,263.48378138280646,0.008610725402832031,172.71875025280227,9557.896017316016,15.549631050435668,35764.15141600204,1.036190476190476,263.48378138280646,0.6538779735565186,172.71875025280227,9557.896017316016,15.549631050435668,35764.15141600204,1.036190476190476,263.48378138280646,0.5843098163604736
vehicle_014,231.08626086644435,14119.07312403003,19.156780321426517,44060.59473928099,1.0184027777777778,340.9761550080297,0.01936650276184082,170.82957480971098,11217.320187941064,14.048087177227368,32310.600507622945,0.9780487804878047,253.96642077515395,0.5438284873962402,170.82957480971098,11217.320187941064,14.048087177227368,32310.600507622945,0.9780487804878047,253.96642077515395,0.533210277557373
vehicle_015,247.4363159942176,13331.587283135406,21.734850435123867,49990.156000784875,1.0595744680851065,370.4095315404478,0.012594938278198242,196.19010369903268,10923.421209099839,16.592471411829887,38162.68424720874,1.0952380952380953,293.1391253797575,0.6427223682403564,196.19010369903268,10923.421209099839,16.592471411829887,38162.68424720874,1.0952380952380953,293.1391253797575,0.5764927864074707
vehicle_016,147.55036546634545,8065.367680486831,13.239825221181935,30451.598008718447,1.0041666666666667,226.03153815016813,0.014058828353881836,129.0521211261146,7984.88684579804,10.3789604194115,23871.60896464645,0.9298850574712643,192.46379792171751,0.5722999572753906,129.0521211261146,7984.88684579804,10.3789604194115,23871.60896464645,0.9298850574712643,192.46379792171751,0.535193920135498
vehicle_017,249.51084750720662,12304.963466537554,23.069327111226006,53059.452355819805,0.9677304964539005,377.9528334352472,0.011938333511352539,227.20975568300568,11934.778473063066,20.42967484299424,46988.252138886746,0.9439393939393939,342.11274007988834,0.6521809101104736,227.20975568300568,11934.778473063066,20.42967484299424,46988.252138886746,0.9439393939393939,342.11274007988834,0.6120326519012451
vehicle_018,235.62321995659516,12064.636396936396,21.259191249104838,48896.13987294112,0.9312499999999999,354.58296409015725,0.017836809158325195,200.4952895466434,11152.708327747403,17.90050895780946,41171.170602961756,0.9789855072463768,302.8856639436399,0.5512235164642334,200.4952895466434,11152.708327747403,17.90050895780946,41171.170602961756,0.9789855072463768,302.8856639436399,0.5280773639678955
vehicle_019,169.52940397510025,8712.72753411306,54.27827969646767,141123.52721081596,0.9822222222222222,453.16322677247,0.022447824478149414,160.1876745343934,8724.04742063492,49.0592047602183,127553.93237656757,0.9688888888888889,417.59593373010574,0.5423340797424316,158.0965187377233,8481.705753968256,49.36898437092952,128359.35936441676,1.036781609195402,417.6652860604272,0.515949010848999
vehicle_020,177.55078365562997,10046.266569051862,15.341381682045379,35285.17786870436,0.7783783783783783,264.832105452155,0.009662866592407227,204.01465887592926,12543.127704613213,17.050986960478017,39217.27000909943,0.9590909090909091,302.3447049093988,0.5979483127593994,234.54964725931663,13569.793722943723,20.730309739358102,47679.712400523626,0.9117021276595744,351.087604377965,0.5383553504943848
vehicle_021,264.3554683945911,14449.374387358852,23.18409703054696,53323.423170258015,0.9074074074074074,393.3637427289997,0.01356649398803711,193.72248395768233,12738.726682710498,15.226295105257963,35020.478742093306,0.9723404255319148,283.1158989289331,0.6563634872436523,193.72248395768233,12738.726682710498,15.226295105257963,35020.478742093306,0.9723404255319148,283.1158989289331,0.5965056419372559
vehicle_022,239.04302746772942,13011.60286557229,21.18247427771444,48719.690838743205,1.0981481481481483,359.55121446710876,0.013290643692016602,237.17480673027967,12919.16262810127,21.179933880006754,48713.84792401553,1.0893333333333333,357.5564657492305,0.649348258972168,237.17480673027967,12919.16262810127,21.179933880006754,48713.84792401553,1.0893333333333333,357.5564657492305,0.5886318683624268
vehicle_023,199.96357920816766,11587.734505307655,62.521355056643415,162555.52314727288,1.0714285714285712,526.5034553460337,0.015868425369262695,155.63185773718163,9683.815038482287,44.72072512986231,116273.88533764202,1.086111111111111,392.7865431194049,0.5982704162597656,170.99346602675814,10285.711919023117,48.82747275355926,126951.42915925407,1.0986486486486484,428.9744584807696,0.6403977870941162
vehicle_024,279.4084878473195,14251.59153756943,92.5173934057114,240545.22285484968,1.045679012345679,756.4110204264359,0.019700050354003906,172.50501909588198,9983.278162902436,52.81579236059805,137321.06013755497,1.172222222222222,451.07933594412293,0.8063476085662842,172.50501909588198,9983.278162902436,52.81579236059805,137321.06013755497,1.172222222222222,451.07933594412293,0.630021333694458
vehicle_025,202.97104188970738,11435.050663743214,17.083177947218452,39291.309278602435,0.7930894308943089,299.4942288968936,0.015450716018676758,197.4479305788419,11544.682384173324,16.59176605096986,38161.06191723067,0.8541666666666665,292.1552837181838,0.5967142581939697,193.38730062993884,10973.898587151709,17.017411553022164,39140.04657195097,0.821951219512195,289.7421757532693,0.647953987121582
vehicle_026,251.90132830812533,13714.02537714839,22.288908911503494,51264.490496458035,0.9666666666666666,376.8219910259618,0.015285730361938477,195.9515901933535,11314.002259886427,16.871129745677457,38803.598415058135,0.8074561403508773,291.52457873077356,0.7124946117401123,194.62728116927525,11154.751655897522,17.110310745365577,39353.714714340815,0.7918803418803421,291.19618044154475,0.5989644527435303
vehicle_027,276.3612665623627,14867.093925668793,23.943883683293432,55070.9324715749,0.8709090909090909,408.9195242006065,0.02608942985534668,265.461443971924,14747.943682811427,22.687698397255595,52181.70631368787,0.8578947368421053,391.5755343496262,0.6247549057006836,270.72329304386085,15035.302259809483,23.289027772463943,53564.76387666708,0.9189655172413793,400.5345599285414,0.6105585098266602
vehicle_028,203.97036790965518,10928.3296449345,18.57449197080552,42721.331532852695,1.0992248062015502,310.87072294929123,0.017362117767333984,170.5697458790518,9970.274702654558,14.62821545804283,33644.89555349851,1.085185185185185,257.33219577185514,0.721703290939331,176.52553387537512,10021.59411615196,15.11573717553625,34766.195503733376,1.2583333333333333,267.4713292297653,0.5512990951538086
vehicle_029,121.64664202029039,6834.779774018749,10.286827859807744,23659.70407755781,0.7370370370370369,182.3497016269269,0.025684356689453125,119.49187908035452,6800.422573917311,9.96695724137346,22924.001655158958,1.0319999999999998,181.53567155775443,0.49537038803100586,119.49187908035452,6800.422573917311,9.96695724137346,22924.001655158958,1.0319999999999998,181.53567155775443,0.5811386108398438
vehicle_030,209.8323789847666,11792.998057307963,18.324924913538407,42147.327301138335,0.9765765765765767,314.49860211192106,0.018842458724975586,200.50173811566358,11256.687289733658,17.20916352095182,39581.07609818917,0.9365740740740741,299.040154041645,0.6692690849304199,200.50173811566358,11256.687289733658,17.20916352095182,39581.07609818917,0.9365740740740741,299.040154041645,0.5740275382995605
vehicle_031,222.0060524441694,12123.994731929766,71.09836939706898,184855.76043237938,1.0372093023255815,591.237768767195,0.01920175552368164,177.68132740308582,10185.769628895147,54.13100275001159,140740.6071500301,1.0435897435897434,461.6016190415121,0.7248344421386719,170.28381584518695,9733.290136696693,54.41638703865537,141482.60630050398,0.99,454.9694427431018,0.6911895275115967
vehicle_032,299.95427769529795,15990.589135781476,27.108927411438607,62350.5330463088,0.9289062499999999,449.2298075679858,0.014970541000366211,211.81294880927686,12160.46084928354,18.45782727491828,42453.002732312045,0.9109929078014184,316.58992005335006,0.7895169258117676,211.81294880927686,12160.46084928354,18.45782727491828,42453.002732312045,0.9109929078014184,316.58992005335006,0.738457441329956
vehicle_033,121.69037948980419,7038.733706983015,10.4991268895184,24147.991845892324,1.0086666666666668,186.22788441155814,0.015329360961914062,119.15341404553865,6679.299155207794,10.491436195942434,24130.303250667595,0.9673333333333334,183.1392892350308,0.8242695331573486,119.15341404553865,6679.299155207794,10.491436195942434,24130.303250667595,0.9673333333333334,183.1392892350308,0.5656180381774902
vehicle_034,202.42832584578997,10935.005211574473,61.895615285956616,160928.59974348717,1.0875,525.8189037232326,0.019820451736450195,195.39215950834367,10115.966322685583,60.686258873532196,157784.27307118368,0.990909090909091,511.542535430286,0.5898394584655762,195.39215950834367,10115.966322685583,60.686258873532196,157784.27307118368,0.990909090909091,511.542535430286,0.6339540481567383
vehicle_035,284.2516706733829,14291.063656677736,26.686446361359046,61378.82663112581,1.0541666666666667,432.1953090514775,0.020696401596069336,212.45960308292882,10902.9926984127,19.877891634087266,45719.15075840071,0.9470833333333333,324.3485036695909,0.592890739440918,214.62164243562304,11693.9676984127,19.4843307748339,44813.960782117974,1.003030303030303,325.32192370076575,0.6103205680847168
vehicle_036,147.12609733312854,8921.747327251356,43.8044635289974,113891.60517539324,0.9795698924731183,378.42237704930545,0.013118267059326172,146.87782876832824,8972.238865528805,43.71989207914403,113671.71940577446,0.7938095238095239,375.9076729759016,0.669687032699585,147.12609733312854,8921.747327251356,43.8044635289974,113891.60517539324,0.9795698924731183,378.42237704930545,0.5852451324462891
vehicle_037,224.27744499372028,11667.029956948187,72.57058674931243,188683.52554821232,1.0212121212121212,600.5833416071115,0.013216972351074219,126.27164261176972,7330.995500293731,38.379081182938805,99785.6110756409,0.9265432098765433,329.46886826419967,0.7043561935424805,124.05803585744839,6586.819335076688,38.09246347515217,99040.40503539567,0.9353333333333333,325.70335860406385,0.5989868640899658
vehicle_038,219.25295274445776,13091.71829249499,18.01045990414807,41424.05777954057,0.9298611111111111,322.24045179089114,0.01303720474243164,193.34316884388707,12614.040625429172,15.04533555271286,34604.271771239575,0.972962962962963,281.8033764108113,0.8763377666473389,193.34316884388707,12614.040625429172,15.04533555271286,34604.271771239575,0.972962962962963,281.8033764108113,0.612354040145874
vehicle_039,255.0327980117317,14417.879807535117,22.14306965254955,50929.06020086397,0.8751572327044026,378.50468521472766,0.016523361206054688,199.9423788899214,12081.334307716266,16.79621803570154,38631.301482113544,0.9357142857142857,296.63653812215983,0.7362806797027588,197.69844765230238,11519.315232525758,16.96413501112038,39017.51052557687,0.8333333333333333,294.05226582805034,0.7644641399383545
vehicle_040,177.32825556196113,10183.856650246624,15.124839463017723,34787.13076494075,0.997549019607843,265.75679214264113,0.014560937881469727,148.30015826124674,8853.956792352412,12.207497776934863,28077.244886950182,0.9675925925925924,221.47300551416708,0.654388427734375,148.30015826124674,8853.956792352412,12.207497776934863,28077.244886950182,0.9675925925925924,221.47300551416708,0.6371757984161377
vehicle_041,124.26233099630191,7318.612995982513,37.469865374938614,97421.6499748404,1.0519999999999998,324.16460592543456,0.008014917373657227,125.47127552970106,7729.682736797254,36.08877388803154,93830.812108882,0.9255555555555556,317.3178346189691,0.6530840396881104,125.47127552970106,7729.682736797254,36.08877388803154,93830.812108882,0.9255555555555556,317.3178346189691,0.5601644515991211
vehicle_042,191.43291082715547,11203.836578068758,56.65929787534336,147314.17447589277,0.9369565217391305,487.21114224850487,0.014336347579956055,139.53906866635222,9961.074406973314,38.214353219090924,99357.31836963641,0.9206140350877193,342.5839402257322,0.6151580810546875,136.29967166890478,9199.185813330116,38.67252335661061,100548.56072718762,0.9130630630630631,341.3482484751802,0.541506290435791
vehicle_043,136.22172143519103,7397.804230631035,43.588692202854475,113330.59972742164,0.6019230769230769,362.23935883831393,0.018125295639038086,136.22172143519103,7397.804230631035,43.588692202854475,113330.59972742164,0.6019230769230769,362.23935883831393,0.6088569164276123,136.22172143519103,7397.804230631035,43.588692202854475,113330.59972742164,0.6019230769230769,362.23935883831393,0.5272231101989746
vehicle_044,244.40146580273867,12174.934672007515,22.22609950332306,51120.02885764305,1.332051282051282,372.2344024376466,0.013118982315063477,173.8674305153023,9089.62854034476,15.178729024705953,34911.07675682369,1.2928571428571427,265.2145438841659,0.6456131935119629,173.8674305153023,9089.62854034476,15.178729024705953,34911.07675682369,1.2928571428571427,265.2145438841659,0.588482141494751
vehicle_045,183.27374492815085,10175.453653872368,15.762954062510461,36254.79434377406,1.103225806451613,275.9472882090727,0.015110969543457031,157.3673837195915,9186.504097699686,12.956671359252338,29800.344126280383,1.0774193548387099,235.47674075804576,0.5843138694763184,157.27640838446052,9035.800637199865,13.308720807240569,30610.05785665331,1.1037037037037036,237.36699407914483,0.7893245220184326
vehicle_046,324.35827537666967,17676.934027404186,28.660089834403564,65918.20661912819,1.1306451612903228,483.8754356136474,0.025769710540771484,239.31735189571774,13619.098976856478,20.83495830121909,47920.40409280389,1.1836538461538462,359.1117649124784,0.7537858486175537,237.41609535220505,13143.007461969662,21.060938709691392,48440.15903229019,1.01,356.4716243067647,0.8098959922790527
vehicle_047,141.2126092170163,8206.724406684934,11.49898339220957,26447.661802082013,0.8499999999999999,209.48717184658773,0.03000783920288086,141.2126092170163,8206.724406684934,11.49898339220957,26447.661802082013,0.8499999999999999,209.48717184658773,0.5801913738250732,141.2126092170163,8206.724406684934,11.49898339220957,26447.661802082013,0.8499999999999999,209.48717184658773,0.769453763961792
vehicle_048,186.40754063805258,10797.19403618397,15.45043042432927,35535.98997595731,0.9671296296296296,276.3302096216019,0.05928850173950195,173.54680728005042,10040.32838004139,14.310695450901237,32914.59953707285,0.9475490196078432,257.3647548362021,0.8534362316131592,172.83265684028797,10031.764053184306,14.491782299377972,33331.099288569334,1.0560185185185185,258.6383546482475,0.8958730697631836
vehicle_049,341.17355830250665,18655.161089845707,29.89197998144671,68751.55395732744,1.209356725146199,507.909014652826,0.02629542350769043,216.0786889582546,12423.25590748342,18.47139197119772,42484.20153375475,1.1283333333333334,323.1698865663219,0.8352372646331787,219.89331784031103,12130.655569004372,18.859321964082643,43376.440517390074,1.2433333333333334,329.99288754100326,0.7789731025695801
vehicle_050,150.04983040853676,9456.967893217894,43.27146910889534,112505.81968312788,1.0531531531531533,379.56564301043886,0.01734161376953125,142.17944995575763,9384.043246178771,42.66308327291994,110924.01650959183,1.0252252252252254,368.35379725210373,1.0975987911224365,142.17944995575763,9384.043246178771,42.66308327291994,110924.01650959183,1.0252252252252254,368.35379725210373,0.9259946346282959
vehicle_051,204.6783921795525,10842.468530909782,65.959975601911,171495.93656496864,1.134108527131783,548.8311522745669,0.027518272399902344,191.10070621956788,10260.545963302919,58.290177059451146,151554.46035457298,0.9957264957264957,495.3590081305616,1.021324872970581,191.71158713046785,10332.868293750247,59.53723297199865,154796.8057271965,1.0288617886178864,502.5566110693484,0.7148463726043701
vehicle_052,181.68990964593166,10716.106700779725,15.166517092336061,34882.98931237294,0.8887499999999999,269.38669141338414,0.06079578399658203,177.5527433423099,11115.286522651004,14.396954289278632,33112.99486534086,0.8421052631578947,261.04614700990726,0.7372195720672607,181.68990964593166,10716.106700779725,15.166517092336061,34882.98931237294,0.8887499999999999,269.38669141338414,0.5508627891540527
vehicle_053,130.1242175324079,7765.610754148777,10.595714028436678,24370.14226540436,1.0714285714285714,195.97418748725164,0.01955699920654297,130.1242175324079,7765.610754148777,10.595714028436678,24370.14226540436,1.0714285714285714,195.97418748725164,0.566580057144165,130.21197933812334,7775.61659394212,10.642478503039326,24477.70055699045,0.9586206896551723,195.17047224818893,0.7877230644226074
vehicle_054,219.23245505460764,11810.67971691842,69.71269822345297,181253.0153809777,1.0869047619047618,581.9457381567308,0.026860475540161133,161.80130859207847,9556.236563958917,47.719023417328536,124069.46088505421,1.049019607843137,413.5411319138078,0.9745581150054932,161.80130859207847,9556.236563958917,47.719023417328536,124069.46088505421,1.049019607843137,413.5411319138078,0.9369316101074219
vehicle_055,235.12412271677357,13693.408788516634,19.629722310219123,45148.36131350399,1.1503267973856208,348.5797269052022,0.01623702049255371,187.5316808213354,10993.28458695567,15.27637150673505,35135.654465490625,1.0616666666666668,277.5838951847206,0.9116787910461426,187.5316808213354,10993.28458695567,15.27637150673505,35135.654465490625,1.0616666666666668,277.5838951847206,0.7952711582183838
vehicle_056,277.55878335372495,16039.583703075295,23.730192592646443,54579.44296308681,1.1442307692307692,412.10749392678576,0.0171053409576416,219.11590322781507,13187.747531493067,18.250011590793072,41975.02665882405,1.2147727272727273,326.1769516577002,0.6339194774627686,226.9909996431372,13623.556479834346,19.06815720377053,43856.76156867221,1.2568181818181818,338.6842887245701,0.6509990692138672
vehicle_057,149.7853165508731,8873.280728141257,12.47244188402935,28686.616333267502,1.0136363636363637,224.74868980964493,0.021013736724853516,143.28221312948122,8847.987104093689,11.668866822244954,26838.393691163397,0.9906250000000001,213.99057143628755,0.5530643463134766,143.28221312948122,8847.987104093689,11.668866822244954,26838.393691163397,0.9906250000000001,213.99057143628755,0.6596488952636719
vehicle_058,329.787202664475,17057.365037288226,103.56009203796383,269256.239298706,1.0302777777777778,862.6285975868741,0.03273344039916992,269.59725630283583,15527.662035269128,81.1854300098694,211082.11802566037,1.0116402116402117,689.9540479228264,0.7366213798522949,269.59725630283583,15527.662035269128,81.1854300098694,211082.11802566037,1.0116402116402117,689.9540479228264,0.5948727130889893
vehicle_059,118.3801108780083,6565.362565176051,10.357834072606892,23823.01836699585,1.063095238095238,182.62394544565515,0.012059450149536133,118.3801108780083,6565.362565176051,10.357834072606892,23823.01836699585,1.063095238095238,182.62394544565515,0.6209752559661865,118.3801108780083,6565.362565176051,10.357834072606892,23823.01836699585,1.063095238095238,182.62394544565515,0.5868489742279053
vehicle_060,232.5771932956191,12739.87385034644,20.382414930657305,46879.5543405118,0.8062962962962963,346.091084759187,0.024584293365478516,216.88650075507016,12576.99222746005,18.151025873837156,41747.35950982545,0.7621212121212121,318.7564511975403,0.6431307792663574,219.1345208739803,12560.84755922576,18.62351071576635,42834.07464626261,0.7246376811594203,322.9875755864134,0.720935583114624
vehicle_061,299.30111404660187,16267.932494730947,90.53800832916579,235398.821655831,1.037962962962963,766.8896554594858,0.017260313034057617,215.80032550541307,12071.203039285074,63.92735496949389,166211.12292068408,1.0011627906976746,548.8018402152162,0.7885770797729492,215.80032550541307,12071.203039285074,63.92735496949389,166211.12292068408,1.0011627906976746,548.8018402152162,0.6562871932983398
vehicle_062,199.43621900383067,12255.552810699184,57.790361693453725,150254.9404029797,0.9476190476190476,501.268538172484,0.014991521835327148,143.2394315531865,9724.322671871663,39.68192333829378,103173.0006795638,0.9471428571428571,353.82167755827055,0.8294041156768799,143.2394315531865,9724.322671871663,39.68192333829378,103173.0006795638,0.9471428571428571,353.82167755827055,0.7635757923126221
vehicle_063,313.13544591291935,16594.88690064832,28.3053483333892,65102.30116679515,1.0215846994535518,469.4877253801365,0.01816582679748535,229.62919680293803,12910.658597207745,20.647985796333877,47490.36733156791,1.0555555555555556,347.0109753949429,0.8305716514587402,230.59181300198415,12975.932412461118,21.01155618840095,48326.579233322176,1.0263888888888888,349.51790850300586,0.6422791481018066
vehicle_064,284.6866438304819,13705.758244621718,25.917470997367694,59610.18329394569,1.087908496732026,428.9602388525911,0.021822452545166016,221.28780511250108,12022.9712006512,18.96330623580638,43615.604342354665,1.041,329.8540505139361,0.6311280727386475,239.98555598216362,12305.631981044677,21.302329555651337,48995.35797799808,1.0357142857142858,360.2725777234089,0.6266469955444336
vehicle_065,170.1861128944203,10019.720242990212,48.70375776958365,126629.7702009175,1.0571428571428572,427.05958593682,0.01403498649597168,151.25363838693718,9283.135327205999,44.32062348854498,115233.62107021696,1.065625,386.0916545316637,0.7032208442687988,151.25363838693718,9283.135327205999,44.32062348854498,115233.62107021696,1.065625,386.0916545316637,0.6080243587493896
vehicle_066,263.5641301689535,14406.631229382805,23.20909235356552,53380.9124132007,0.9525,393.13643394494295,0.021093130111694336,226.85170260171301,13473.668267875164,18.740002880151142,43102.006624347625,0.9087719298245615,333.38212193067966,0.6587374210357666,226.85170260171301,13473.668267875164,18.740002880151142,43102.006624347625,0.9087719298245615,333.38212193067966,0.6564500331878662
vehicle_067,224.27331203963126,12291.161921619316,19.770280640658356,45471.64547351422,1.145289855072464,337.991825438542,0.02033853530883789,197.21812046951746,10892.693595578547,16.928319774376188,38935.13548106523,1.2308333333333334,297.19380089572576,0.6785871982574463,197.21812046951746,10892.693595578547,16.928319774376188,38935.13548106523,1.2308333333333334,297.19380089572576,0.6557257175445557
vehicle_068,211.21450970962223,11058.834467822082,19.65339938227598,45202.818579234765,1.3199999999999998,325.753405084286,0.01815199851989746,135.8273250311673,7727.5418930450505,11.941532007035699,27465.52361618211,1.3999999999999997,211.68152448108054,0.621985673904419,137.66198031228686,7857.457888161046,12.12184884248152,27880.252337707494,1.2583333333333335,213.03718504918365,0.5891513824462891
vehicle_069,151.88762058807325,8693.050441720832,12.76704831940022,29364.211134620506,0.885483870967742,226.9924371285631,0.01596355438232422,117.84577599732555,7001.566017316019,9.32811833708828,21454.672175303043,0.9208333333333333,175.63958046535475,0.7099237442016602,114.97078273731914,6790.974012546823,9.780793096779387,22495.82412259259,0.9354166666666667,175.11529655803463,0.6745729446411133
vehicle_070,274.621368832604,15407.937586177366,85.41027690788636,222066.71996050453,1.1466666666666665,717.4194027015294,0.019346952438354492,207.12191607821725,13185.37544875929,60.36654371065381,156953.01364769993,1.1484567901234566,524.1018068240429,0.7083747386932373,231.46716689445884,13763.045802824052,68.85905330022851,179033.5385805941,1.0655737704918034,590.2412393790817,0.6529321670532227
vehicle_071,228.29760844228528,13167.273732356029,18.99261657084156,43683.018112935584,0.8515151515151516,335.43341884841016,0.023532629013061523,151.32183906992026,9786.65048407315,12.296120846305952,28281.077946503683,1.0235294117647058,225.75625144245072,0.6882007122039795,151.32183906992026,9786.65048407315,12.296120846305952,28281.077946503683,1.0235294117647058,225.75625144245072,0.6296529769897461
vehicle_072,296.4291735715146,15476.898605218008,95.63307755630338,248646.00164638882,0.8245454545454546,787.1391543999355,0.027338743209838867,248.8225809952669,13328.663323747829,77.42026149776835,201292.67989419773,0.8686274509803921,648.3125694727314,0.7198479175567627,248.8225809952669,13328.663323747829,77.42026149776835,201292.67989419773,0.8686274509803921,648.3125694727314,0.7345881462097168
vehicle_073,189.57985756745433,9914.922120793859,62.448948387296,162367.26580696958,1.232258064516129,516.9013251826494,0.021713972091674805,108.134535263174,6399.016105032772,31.835247285383947,82771.64294199826,1.175,280.83827616371394,0.5845131874084473,108.134535263174,6399.016105032772,31.835247285383947,82771.64294199826,1.175,280.83827616371394,0.5409667491912842
vehicle_074,273.046053495203,15392.364503408422,22.86962945004416,52600.14773510157,1.0012820512820513,401.68267806474665,0.013740062713623047,204.65687609432257,12130.476499672379,17.063777632330115,39246.68855435926,0.9204861111111112,302.55020217254884,0.6465175151824951,204.65687609432257,12130.476499672379,17.063777632330115,39246.68855435926,0.9204861111111112,302.55020217254884,0.5824542045593262
vehicle_075,212.60167748815837,10606.940870158209,68.20776537283442,177340.18996936944,1.1636752136752138,568.2236289530153,0.02957010269165039,212.98835410779944,11299.967024004362,67.41401006980658,175276.42618149714,1.063247863247863,563.8297628182011,0.5633113384246826,209.85457340983248,10870.683142435231,68.09162311748136,177038.22010545156,1.0683760683760684,564.0160838872321,0.5265951156616211
vehicle_076,305.718050055622,15513.916588563941,98.17248663094495,255248.46524045683,1.0383040935672516,811.2729454206203,0.015126943588256836,234.30009888133637,12937.703504795858,72.51124686322076,188529.24184437402,0.9633333333333334,610.0834730598835,0.6645224094390869,248.11865315046708,13949.344665223029,75.94812495296603,197465.12487771164,0.9815151515151515,641.5492473930108,0.5831732749938965
vehicle_077,249.06704903058053,13474.049770196407,21.854083293182082,50264.39157431879,1.0925925925925926,373.00618302524924,0.01377725601196289,196.73900449141163,10602.072930688835,17.617020836354488,40519.147923615325,1.1458333333333335,299.22746226504205,0.6370487213134766,196.73900449141163,10602.072930688835,17.617020836354488,40519.147923615325,1.1458333333333335,299.22746226504205,0.5763072967529297
vehicle_078,214.93124661394629,12560.966824024737,65.84086390907247,171186.24616358842,1.096825396825397,558.5929775786806,0.012097835540771484,207.44542500367922,11788.708720280703,63.70831351281522,165641.61513331954,1.1162601626016257,540.4242355049606,0.6449048519134521,207.44542500367922,11788.708720280703,63.70831351281522,165641.61513331954,1.1162601626016257,540.4242355049606,0.5789730548858643
vehicle_079,109.48560392112323,5867.554985330715,9.871737141777777,22704.995426088888,0.9666666666666668,170.14083268149287,0.00689387321472168,115.24636913197986,6454.162128187858,9.987147400350883,22970.439020807036,1.0473684210526315,177.4486131576461,0.5279107093811035,115.24636913197986,6454.162128187858,9.987147400350883,22970.439020807036,1.0473684210526315,177.4486131576461,0.5023131370544434
vehicle_080,181.84251984176024,9138.72736721871,16.774494419659483,38581.33716521681,1.0593750000000002,278.8472773198406,0.016675472259521484,163.59955003945436,8327.59628120771,14.476749673885507,33296.52424993667,0.9516129032258065,247.8126486303643,0.591094970703125,163.59955003945436,8327.59628120771,14.476749673885507,33296.52424993667,0.9516129032258065,247.8126486303643,0.5345911979675293
vehicle_081,201.02366636988006,12130.316583416581,16.54431593517947,38051.926650912785,1.056439393939394,297.67917236945374,0.016819000244140625,173.3992605630382,11106.044491495873,13.92369150165586,32024.490453808474,1.075793650793651,256.86066693800285,0.5624394416809082,173.3992605630382,11106.044491495873,13.92369150165586,32024.490453808474,1.075793650793651,256.86066693800285,0.5358972549438477
vehicle_082,160.21012506289884,8905.424720396304,13.672967577631518,31447.825428552493,1.1407407407407408,242.4560994474628,0.023502111434936523,160.21012506289884,8905.424720396304,13.672967577631518,31447.825428552493,1.1407407407407408,242.4560994474628,0.47380757331848145,160.21012506289884,8905.424720396304,13.672967577631518,31447.825428552493,1.1407407407407408,242.4560994474628,0.45919299125671387
vehicle_083,367.30245133503695,20014.49471118889,31.80732585567052,73156.8494680422,0.9807142857142855,541.7058053347515,0.017008304595947266,236.83603393896632,13523.097246697238,20.1721304894904,46395.90012582792,0.9209090909090909,350.66219319736956,0.6710619926452637,237.35434611384028,13858.992977328222,20.38171977960547,46877.95549309258,1.051923076923077,353.63189605257844,0.5994081497192383
vehicle_084,265.26546077096,14900.930214295066,22.89276465584471,52653.35870844283,0.9390909090909091,393.25934042284126,0.023232698440551758,236.6273856859571,14170.32837056782,19.946414342218848,45876.752987103355,0.9320512820512821,349.61617254272187,0.6040947437286377,239.11107687695954,13394.123372655815,20.786727877561727,47809.47411839199,0.8693333333333334,355.45863942383926,0.551323413848877
vehicle_085,257.8287335853157,13699.240617612611,23.3335598341699,53667.18761859075,1.108695652173913,389.3888338939078,0.014926433563232422,177.20347336667535,9620.388692131566,15.201989356606974,34964.57552019604,1.1941176470588235,267.8269268125572,0.624697208404541,177.20347336667535,9620.388692131566,15.201989356606974,34964.57552019604,1.1941176470588235,267.8269268125572,0.5690858364105225
vehicle_086,227.0217186407772,12862.783896124567,19.231087064121567,44231.5002474796,0.9865248226950355,336.6153977150367,0.014046430587768555,225.47113920944463,13233.96423800491,18.875843377308204,43414.43976780887,1.020138888888889,333.7278461620981,0.6171970367431641,225.47113920944463,13233.96423800491,18.875843377308204,43414.43976780887,1.020138888888889,333.7278461620981,0.5708491802215576
vehicle_087,95.12476528535421,6147.460822582554,7.833330578209064,18016.660329880844,1.0299999999999998,146.29904618267244,0.013109922409057617,95.12476528535421,6147.460822582554,7.833330578209064,18016.660329880844,1.0299999999999998,146.29904618267244,0.5669386386871338,95.12476528535421,6147.460822582554,7.833330578209064,18016.660329880844,1.0299999999999998,146.29904618267244,0.5394365787506104
vehicle_088,319.06087411124304,16970.082165691343,28.21007547879644,64883.1736012318,1.0325268817204298,475.1504320351216,0.01638650894165039,249.4514719640613,14619.12301499519,20.878879438177513,48021.42270780828,0.9244444444444444,367.15118110355866,0.6610565185546875,256.85446204668125,14479.90894234442,21.895733330202233,50360.18665946514,0.9713888888888889,380.06921451501034,0.5948832035064697
vehicle_089,258.420177619866,15224.814710825236,21.58295666990432,49640.80034077994,0.9198113207547169,379.76218937438625,0.017292261123657227,224.91264307792767,13718.962149497675,18.64547666448156,42884.59632830759,0.89,330.8508492196404,0.6020035743713379,224.91264307792767,13718.962149497675,18.64547666448156,42884.59632830759,0.89,330.8508492196404,0.5487966537475586
vehicle_090,132.58073550275478,7875.8671278589245,41.28804860265724,107348.92636690885,1.182608695652174,353.03480634141243,0.021237850189208984,132.58073550275478,7875.8671278589245,41.28804860265724,107348.92636690885,1.182608695652174,353.03480634141243,0.5156421661376953,132.58073550275478,7875.8671278589245,41.28804860265724,107348.92636690885,1.182608695652174,353.03480634141243,0.48651599884033203
vehicle_091,332.31045310712926,18038.90109357449,29.43072234238003,67690.66138747404,1.055721393034826,495.03208460870394,0.02198958396911621,243.47373784444022,13521.269300675169,21.083331104557885,48491.66154048313,1.066969696969697,363.3159984760031,0.6052515506744385,243.47373784444022,13521.269300675169,21.083331104557885,48491.66154048313,1.066969696969697,363.3159984760031,0.5605077743530273
vehicle_092,278.4467049465913,15550.820065934624,84.05869575122173,218552.60895317653,1.0646666666666667,713.706522609904,0.016176462173461914,230.80556510013267,12834.149363924362,70.89139617195887,184317.63004709297,0.9645390070921986,598.4729775208281,0.6382222175598145,230.80556510013267,12834.149363924362,70.89139617195887,184317.63004709297,0.9645390070921986,598.4729775208281,0.5982809066772461
vehicle_093,326.7033610356268,17672.724907554155,28.678060318097597,65959.53873162449,1.1051724137931034,486.05447701614423,0.015909910202026367,256.63215022783015,14521.952983591438,22.606641351054744,51995.27510742591,1.0019607843137255,383.71884065501655,0.6487264633178711,256.63215022783015,14521.952983591438,22.606641351054744,51995.27510742591,1.0019607843137255,383.71884065501655,0.5939004421234131
vehicle_094,264.76819324103093,13768.491479902492,84.6649429750998,220128.85173525946,0.8537414965986394,700.4549040491559,0.012905120849609375,180.16205109906565,10363.468455424116,55.279258173252884,143726.07125045752,0.8712962962962962,468.1500461659108,0.5620942115783691,183.60471110861963,10507.901710976788,55.777472572271755,145021.42868790653,0.9104166666666667,474.5151022230275,0.57301926612854
vehicle_095,156.5037339301073,8602.562570060252,13.542932263599424,31148.744206278676,1.0595238095238095,237.20323405724815,0.018042564392089844,156.5037339301073,8602.562570060252,13.542932263599424,31148.744206278676,1.0595238095238095,237.20323405724815,0.5553534030914307,166.42026383291906,8896.185102774234,15.024617757269924,34556.620841720825,1.0755555555555556,254.77007070337265,0.5139694213867188
vehicle_096,148.27654149368095,9561.423855436029,12.415255896808617,28555.088562659814,1.1117886178861787,224.12665822754028,0.01772022247314453,119.97919260562364,8302.63863491581,9.50273649960329,21856.29394908757,1.2548387096774194,182.34755071011313,0.5891580581665039,120.64772526428034,7800.18298035298,9.599442726365618,22078.718270640922,1.0151515151515151,180.96317154216607,0.5535879135131836
vehicle_097,168.09370999318133,9572.693061153404,51.84519651456209,134797.5109378614,1.164516129032258,441.62393526219034,0.03142905235290527,163.40409421542472,9587.296983239323,49.34963960653275,128309.06297698517,1.2116666666666667,424.932096965655,0.5380668640136719,163.40409421542472,9587.296983239323,49.34963960653275,128309.06297698517,1.2116666666666667,424.932096965655,0.510648250579834
vehicle_098,258.9702641898069,14473.726383196827,22.236500296647893,51143.95068229016,1.082748538011696,385.00073060405134,0.014733314514160156,211.3718040207308,12265.421249604928,17.94101933632401,41264.34447354523,1.0415032679738563,314.898994840313,0.8443803787231445,207.5806402335343,11701.107968022505,17.709011901921826,40730.727374420196,1.0638888888888889,310.01489640092746,0.6303329467773438
vehicle_099,216.7601131921388,11184.155946811472,19.001868839779352,43704.29833149251,0.8865853658536584,323.7420210347976,0.03276801109313965,216.64218322146556,11269.672186127713,18.895376429843104,43459.36578863913,0.8865853658536584,323.1153835253642,0.7012863159179688,216.64218322146556,11269.672186127713,18.895376429843104,43459.36578863913,0.8865853658536584,323.1153835253642,0.528127908706665
vehicle_100,226.34568111118512,13084.696000519443,19.088793118290134,43904.22417206731,0.8292517006802721,333.7168014873606,0.01776742935180664,196.02042182026145,12325.77864898243,16.07645704853583,36975.8512116324,0.8181159420289853,288.00769388572553,0.6796078681945801,196.5410608276835,11667.477075294373,16.505322484091224,37962.24171340982,0.8147286821705426,290.4559259240935,0.6475784778594971
vehicle_101,391.4099942085216,19913.913031874905,35.01036414124925,80523.83752487325,1.120464135021097,583.198098773833,0.0198819637298584,250.58653406020528,12961.662120392604,21.986443490637853,50568.82002846705,1.029320987654321,374.4124230900468,0.7182788848876953,250.58653406020528,12961.662120392604,21.986443490637853,50568.82002846705,1.029320987654321,374.4124230900468,0.63887619972229
vehicle_102,105.59870042396695,5965.601124700566,8.907797410628172,20487.934044444795,1.0270833333333333,162.06563223396907,0.011800289154052734,97.07306241691958,5714.229767762576,8.056209824735681,18529.282596892066,1.0386363636363638,149.32776122356233,0.608773946762085,97.07306241691958,5714.229767762576,8.056209824735681,18529.282596892066,1.0386363636363638,149.32776122356233,0.5569229125976562
vehicle_103,284.5566867388816,15030.373817620213,25.190925455739627,57939.12854820116,1.028735632183908,424.9737741776466,0.017324209213256836,236.15743444950846,12948.500784011312,20.8400447702253,47932.102971518194,1.087908496732026,354.8335490412917,0.602386474609375,248.05699039545968,13337.2098591467,21.24380830286463,48860.75909658865,0.8358974358974358,366.3397867851868,0.570631742477417
vehicle_104,235.5963096972927,11586.327594387587,21.567669791846868,49605.640521247784,1.087878787878788,357.53187086708925,0.013844728469848633,163.90754712927762,8264.049603174604,14.93102071371522,34341.347641545,1.0792929292929292,251.6511493249982,0.6815528869628906,166.5984512044762,8438.433785777073,15.179420737552793,34912.66769637142,1.0150537634408603,254.99010191158686,0.6449887752532959
vehicle_105,87.44200529748203,5293.516017316017,7.446515524741606,17126.985706905696,1.1625,137.77000403711116,0.014157772064208984,81.7377082794845,4193.812528295433,7.45816149604336,17153.771440899727,1.0625,130.81846368422782,0.6265418529510498,87.44200529748203,5293.516017316017,7.446515524741606,17126.985706905696,1.1625,137.77000403711116,0.5761518478393555
vehicle_106,177.72198742619315,9746.566389423957,15.265409489604274,35110.441826089824,1.0656249999999998,267.4126644268323,0.018758773803710938,177.72198742619315,9746.566389423957,15.265409489604274,35110.441826089824,1.0656249999999998,267.4126644268323,0.5284383296966553,177.72198742619315,9746.566389423957,15.265409489604274,35110.441826089824,1.0656249999999998,267.4126644268323,0.512441873550415
vehicle_107,190.40051455818488,11017.819364581523,57.09269349775575,148441.00309416492,0.97,488.62448742601407,0.0217437744140625,190.40051455818488,11017.819364581523,57.09269349775575,148441.00309416492,0.97,488.62448742601407,0.6996481418609619,196.6012610100323,11406.741914217902,57.33021105300151,149058.54873780394,0.8744186046511626,495.16504174216755,0.575319766998291
vehicle_108,277.04131253592584,13836.975897397184,24.67355110988362,56749.16755273232,1.0920454545454545,415.17312704674214,0.03567051887512207,225.51980882163718,12028.162314319667,19.276822681427422,44336.69216728307,1.1558139534883722,336.8032179620801,0.5977823734283447,225.46203523520387,11955.175382802234,19.668988761085032,45238.67415049557,1.0131782945736434,337.25964403714386,0.5938823223114014
vehicle_109,207.92747205873212,10632.620101664603,18.681445287540665,42967.324161343524,1.0017094017094015,314.3052980973252,0.023169279098510742,173.22353363513417,8976.80998398965,15.65169475000667,35998.89792501534,0.9364035087719297,263.3396008017728,0.6664485931396484,173.22353363513417,8976.80998398965,15.65169475000667,35998.89792501534,0.9364035087719297,263.3396008017728,0.5731346607208252
vehicle_110,152.1486418377375,10187.203020588307,11.981233549528051,27556.837163914515,0.9411764705882353,224.29635290809017,0.014050483703613281,130.46197169433648,9182.663347526657,10.338070704447953,23777.56262023029,0.9483870967741936,194.18693600307557,0.6306705474853516,130.46197169433648,9182.663347526657,10.338070704447953,23777.56262023029,0.9483870967741936,194.18693600307557,0.5956239700317383
vehicle_111,269.47211060486836,14517.546684407213,23.19602473539558,53350.856891409814,1.0481818181818183,399.96670432044425,0.02020263671875,236.18114143236375,12776.751575422626,20.187277778055652,46430.738889527995,1.0989583333333333,351.65621131581497,0.761054515838623,236.18114143236375,12776.751575422626,20.187277778055652,46430.738889527995,1.0989583333333333,351.65621131581497,0.6540486812591553
vehicle_112,197.13933571154595,11658.52117855321,16.579081794660567,38131.888127719314,0.9142857142857143,292.4160799328596,0.017260074615478516,194.40511468786116,12257.223471218025,15.748991771875758,36222.68107531424,0.9829545454545454,286.384403299346,0.6687972545623779,194.40511468786116,12257.223471218025,15.748991771875758,36222.68107531424,0.9829545454545454,286.384403299346,0.6408870220184326
vehicle_113,213.0587223369842,13202.632021000201,63.231174564147686,164401.05386678397,1.0891472868217054,543.7734658095508,0.02490997314453125,199.3745157455963,12496.241773078298,57.571987661909695,149687.1679209652,1.0361788617886178,501.0674209433305,0.6179921627044678,199.3745157455963,12496.241773078298,57.571987661909695,149687.1679209652,1.0361788617886178,501.0674209433305,0.639667272567749
vehicle_114,244.3069473291296,12795.747375382902,22.028979490215953,50666.6528274967,1.0701257861635218,368.7074769127843,0.02862691879272461,196.57067024251663,10776.064470113575,17.25399453139305,39684.18742220402,1.0693798449612402,296.5277925907925,0.6067779064178467,196.57067024251663,10776.064470113575,17.25399453139305,39684.18742220402,1.0693798449612402,296.5277925907925,0.6552519798278809
vehicle_115,198.73411135739798,11431.706178903956,59.98933015591357,155972.2584053753,0.945,511.30623607555026,0.019613265991210938,145.65495784480854,9047.30937933021,42.988258924114994,111769.473202699,0.9419354838709677,372.52874879835156,0.6429667472839355,145.65495784480854,9047.30937933021,42.988258924114994,111769.473202699,0.9419354838709677,372.52874879835156,0.6359434127807617
vehicle_116,305.3065953706673,17864.92355222073,25.861011311511135,59480.326016475614,1.093076923076923,450.504899923498,0.017162799835205078,253.6115806118674,15217.29054722288,21.141120790892924,48624.577819053724,0.9391534391534391,372.93574410987276,0.7585799694061279,253.6115806118674,15217.29054722288,21.141120790892924,48624.577819053724,0.9391534391534391,372.93574410987276,0.6887037754058838
vehicle_117,78.85155010523901,4105.943636363636,7.228629184176877,16625.847123606814,1.2607142857142857,128.74237878225617,0.008771896362304688,179.14402535189296,9850.704101454101,15.427098131728835,35482.32570297632,1.01875,269.2033227053855,0.6237273216247559,119.11823938059366,6275.769060351412,10.071249272646774,23163.873327087585,1.0192307692307692,181.4100626195662,0.5634970664978027
vehicle_118,295.45902030012695,16667.13919825301,24.621708253554374,56629.92898317505,1.0713114754098363,433.9104372104008,0.01685047149658203,237.42769538976685,13130.776501552817,19.978076207949048,45949.575278282806,1.0452830188679243,351.41834453528935,0.7472906112670898,236.81141577924086,13922.901746937732,20.007710334030897,46017.73376827106,0.9989795918367348,350.7072360752454,0.6229023933410645
vehicle_119,216.30797581894265,12033.087560928201,19.20194800846724,44164.48041947466,0.9529629629629629,325.18986981338855,0.012084245681762695,186.44936154211337,11118.26602540127,15.599289702326635,35878.36631535126,1.0120155038759688,277.65437232178436,0.6839034557342529,185.7501143524159,10990.928849662274,15.886153119172022,36538.152174095645,0.9883720930232558,278.1176366700814,0.6036324501037598
vehicle_120,381.22791072505555,19571.57372661121,34.3692508431362,79049.27693921326,1.16489898989899,570.1597030971185,0.018884658813476562,236.4542392926371,12009.559498868659,20.931527902691435,48142.5141761903,1.0947154471544716,355.3950220273247,0.6756253242492676,236.4542392926371,12009.559498868659,20.931527902691435,48142.5141761903,1.0947154471544716,355.3950220273247,0.6105225086212158
vehicle_121,142.0363589942395,7954.1578060861675,44.957821284932535,116890.33534082459,1.2642857142857142,381.6778108412277,0.013780593872070312,139.6538740398357,7948.4979990367965,44.03125629748497,114481.26637346091,1.2232142857142854,374.25021449524695,0.6068241596221924,139.6538740398357,7948.4979990367965,44.03125629748497,114481.26637346091,1.2232142857142854,374.25021449524695,0.5746002197265625
vehicle_122,256.3332897306521,14522.558692042372,78.38257890913064,203794.7051637397,1.0400584795321637,662.6808131527498,0.02195429801940918,219.31706760990184,12865.196595612375,64.80898598275786,168503.36355517048,1.0840277777777778,557.7759410224724,0.6400530338287354,209.88423454224068,10959.747184836875,67.32461636186628,175044.0025408523,0.9437984496124031,558.9896750657063,0.6579997539520264
vehicle_123,336.8946942070942,17802.939691667554,30.768785255008275,70768.20608651903,1.0822916666666667,506.50679817426544,0.025629758834838867,254.10903383221995,14714.8398049118,22.05550643139812,50727.66479221567,0.9619047619047619,378.09306910962255,0.7114005088806152,250.72643561656582,13849.224021177863,22.231393897912753,51132.20596519934,1.0608843537414965,376.33925531609395,0.6649494171142578
vehicle_124,142.71533788148352,8547.678596780552,11.713572926768812,26941.21773156827,0.9393518518518518,213.05107619961848,0.018631935119628906,142.23856491228517,8729.042795567377,11.356072565347063,26118.966900298245,1.0060185185185186,211.5038470340855,0.6795666217803955,141.9713070610986,8699.248143552724,11.451733910574948,26338.98799432238,0.9671296296296297,211.31773072792316,0.7119462490081787
vehicle_125,183.17905069178795,10055.98300998002,58.10081006537055,151062.10616996346,1.166190476190476,488.1383343944288,0.02092123031616211,176.28484902225048,9675.101482138594,55.48489465134139,144260.7260934876,1.1065656565656565,467.4625070340969,0.6170811653137207,170.1803387872247,9173.590647923427,53.21797723585321,138366.74081321838,1.1862745098039214,450.68118968895317,0.6545026302337646
vehicle_126,200.14193006427632,10846.344345079873,18.13499484813651,41710.48815071398,0.9777777777777777,303.6075555119255,0.04191446304321289,195.36655876216344,11018.479810504416,17.161263583600768,39470.906242281766,0.9473684210526315,293.70724972694484,0.6724529266357422,200.14193006427632,10846.344345079873,18.13499484813651,41710.48815071398,0.9777777777777777,303.6075555119255,0.6508491039276123
vehicle_127,202.41076353688888,10871.162347489502,65.13296345345086,169345.70497897224,0.8310185185185186,539.4055333080755,0.019062042236328125,163.89211129011196,9529.896578421576,50.459144911196084,131193.77676910983,0.8189814814814815,427.0248441549132,0.5972092151641846,163.89211129011196,9529.896578421576,50.459144911196084,131193.77676910983,0.8189814814814815,427.0248441549132,0.6310176849365234
vehicle_128,259.60320808645844,13237.55592897452,84.37617485643048,219378.0546267192,1.1107638888888889,696.2688201266593,0.014137983322143555,218.68105208984537,11869.02331871832,68.32748847057356,177651.47002349125,1.0578231292517006,574.1936766570964,0.6879630088806152,218.68105208984537,11869.02331871832,68.32748847057356,177651.47002349125,1.0578231292517006,574.1936766570964,0.6027412414550781
vehicle_129,284.3360714585477,15837.633732611263,88.43415302997016,229928.79787792236,1.2635593220338983,743.5417725322407,0.01605820655822754,228.3255664899795,13051.567900184009,69.4266677227063,180509.33607903635,1.263265306122449,591.7169936925643,0.7406606674194336,228.3255664899795,13051.567900184009,69.4266677227063,180509.33607903635,1.263265306122449,591.7169936925643,0.6242184638977051
vehicle_130,262.4638684648712,15324.533958988022,21.339777268193888,49081.48771684594,0.8356725146198831,381.7762949406473,0.01913762092590332,188.55964155081318,11937.342159550371,15.16428735753704,34877.86092233519,1.0775193798449614,278.4722005146009,0.6837794780731201,188.55964155081318,11937.342159550371,15.16428735753704,34877.86092233519,1.0775193798449614,278.4722005146009,0.7243688106536865
vehicle_131,210.83023231492294,12690.126038386561,62.313288217263946,162014.54936488625,0.8439024390243901,534.3607328021495,0.012512683868408203,175.8298043452903,10827.61670416391,50.45680589835073,131187.69533571193,0.8894736842105262,440.0162419858614,0.7345626354217529,177.2427966057542,10787.332195737034,51.999539280454506,135198.80212918174,0.8628571428571429,448.8655456020807,0.6024417877197266
vehicle_132,110.1973371358291,5512.831737706739,34.61251701946475,89992.54425060833,1.2861111111111112,297.65237549362695,0.011811971664428711,125.06830701426144,6245.865071040072,39.35089886106398,102312.33703876635,1.1925925925925926,335.4836897652406,0.6401548385620117,125.06830701426144,6245.865071040072,39.35089886106398,102312.33703876635,1.1925925925925926,335.4836897652406,0.6212573051452637
vehicle_133,171.9288999907283,9619.062688043816,15.219810321668234,35005.56373983694,1.1466666666666667,262.16658012352605,0.018582582473754883,172.57755493833037,9741.041522142714,15.042126329432085,34596.8905576938,1.1333333333333333,261.82736478608604,0.5979328155517578,172.57755493833037,9741.041522142714,15.042126329432085,34596.8905576938,1.1333333333333333,261.82736478608604,0.557913064956665
vehicle_134,308.7868689958938,15972.842606050988,27.331424078155894,62862.27537975855,1.0245283018867926,460.12617312944434,0.015116691589355469,220.21304345196918,11756.785963087415,19.283127957178607,44351.19430151079,1.0782945736434109,330.6774028529317,0.6883518695831299,238.4491862651399,12376.493618410372,21.040183740362746,48392.422602834304,0.9936170212765959,357.0241900737225,0.6200459003448486
vehicle_135,215.77366358054667,11950.98181818182,66.54478335501146,173016.4367230298,0.9940476190476191,561.7577737177974,0.012952566146850586,186.97588436194178,11090.834832203233,59.145138220724746,153777.35937388433,0.8671052631578948,494.45341555053426,0.6623687744140625,186.97588436194178,11090.834832203233,59.145138220724746,153777.35937388433,0.8671052631578948,494.45341555053426,0.6495234966278076
vehicle_136,180.9584340141686,10447.726722351723,53.822559705509605,139938.65523432495,1.048780487804878,463.4611837315298,0.014000415802001953,180.9584340141686,10447.726722351723,53.822559705509605,139938.65523432495,1.048780487804878,463.4611837315298,0.5443384647369385,180.9584340141686,10447.726722351723,53.822559705509605,139938.65523432495,1.048780487804878,463.4611837315298,0.5487349033355713
vehicle_137,191.56158388351213,10589.733626440733,17.09393500427492,39316.05050983231,1.0032520325203251,290.00537190410125,0.019913911819458008,194.8754404045519,11412.337765289896,16.854567458847594,38765.50515534948,1.1235772357723577,293.55414388020506,0.659168004989624,196.00573970106305,10576.500863886884,17.495435995697,40239.5027901031,1.0083333333333333,296.50416991951664,0.5925137996673584
vehicle_138,162.6907192543841,10110.541662437192,13.29634304281958,30581.588998485033,1.0397435897435896,242.37835416103934,0.010947227478027344,124.42025681971688,7799.086063829786,10.15473322969574,23355.8864283002,0.956,186.92033576370386,0.667616605758667,127.21287198062168,8128.697217992747,10.41368428081973,23951.47384588538,1.104838709677419,192.58765193093694,0.7426762580871582
vehicle_139,231.87045400059216,12857.470073290999,70.85815543554483,184231.20413241655,0.9700000000000001,599.4327506431193,0.013710737228393555,169.7770362973141,10082.640695599688,51.363891523720106,133546.11796167228,0.9485714285714284,438.8829417281844,0.8441803455352783,173.91362148679028,10439.031738733323,51.75685190539232,134567.81495402002,0.9235294117647058,444.83290616993594,0.6176199913024902
vehicle_140,243.47867078637321,12481.920372593731,21.680652813488273,49865.50147102302,0.9503875968992248,364.85301092630505,0.013664484024047852,213.68515194856346,11405.963743842363,18.65559123880637,42907.859849254644,0.9760162601626016,319.8915940063997,0.6701769828796387,225.47114838715595,11486.51580733443,20.401479848506273,46923.403651564426,0.9550387596899226,340.2196340619572,0.673431396484375
vehicle_141,167.65712302623464,9305.816075779727,14.4924361071042,33332.60304633966,0.6891891891891891,249.59614436358635,0.010436534881591797,169.74524775127395,9426.80890523709,14.776428485534037,33985.78551672829,0.6675675675675675,252.92162388385236,0.7464251518249512,169.74524775127395,9426.80890523709,14.776428485534037,33985.78551672829,0.6675675675675675,252.92162388385236,0.7141025066375732
vehicle_142,181.43273996175722,10032.99730284758,16.050816842729876,36916.87873827872,0.803030303030303,272.50407090094507,0.035201072692871094,171.2085373395714,9679.349981186819,14.726104099564335,33870.03942899797,0.7257575757575757,254.78534192307626,0.6260936260223389,175.21351649734996,9634.629799480905,14.886022401892827,34237.85152435351,0.8483870967741934,260.8037855299674,0.5491204261779785
vehicle_143,148.37155873894795,7923.270706616233,12.749890179096989,29324.74741192308,1.1703703703703703,226.0256218677522,0.019779443740844727,147.21650633313962,8122.850078390493,12.603393843074056,28987.80583907033,1.1865384615384615,224.3552074078919,0.6245970726013184,147.21650633313962,8122.850078390493,12.603393843074056,28987.80583907033,1.1865384615384615,224.3552074078919,0.5404300689697266
vehicle_144,98.63669897282047,5993.974603174603,8.29659607503741,19082.170972586042,1.2257575757575758,154.04224805090956,0.015618562698364258,106.90551099677181,6138.158849483849,9.277130439176226,21337.400010105317,1.0580246913580247,165.57645423108983,0.6613314151763916,106.90551099677181,6138.158849483849,9.277130439176226,21337.400010105317,1.0580246913580247,165.57645423108983,0.6097168922424316
vehicle_145,196.09428106135337,12042.263876554922,16.371466818451548,37654.37368243855,1.1214814814814815,292.511503267469,0.01166987419128418,196.59474166403348,11600.924207722572,16.25151819039249,37378.49183790272,1.1691666666666667,292.7664782292522,0.7022061347961426,196.59474166403348,11600.924207722572,16.25151819039249,37378.49183790272,1.1691666666666667,292.7664782292522,0.6176650524139404
vehicle_146,164.05275146237452,8623.955559866408,14.493732632043802,33335.58505370075,1.1078125,249.99508283366754,0.017280101776123047,159.214724310799,8780.96522105109,13.751985853402903,31629.567462826675,1.1693548387096773,242.10735897075782,0.6424698829650879,159.214724310799,8780.96522105109,13.751985853402903,31629.567462826675,1.1693548387096773,242.10735897075782,0.5652415752410889
vehicle_147,365.3701792410346,20367.189291828367,112.04137639307217,291307.5786219877,0.9651515151515152,940.886128938974,0.018404245376586914,256.2085929564697,15229.191021278937,78.3015163696517,203583.94256109442,1.0403508771929824,662.3500144159023,0.706505537033081,261.10750818049155,15549.442812073525,78.78952424093657,204852.76302643507,1.0403508771929824,669.7779278271246,0.7979550361633301
vehicle_148,181.07076483082668,9285.48748845494,15.922506313622971,36621.76452133283,1.0777777777777777,274.04037625684566,0.01716446876525879,122.31682279431794,6522.862938005391,10.82082315464471,24887.893255682837,1.0444444444444445,188.6772893836541,0.7747609615325928,122.31682279431794,6522.862938005391,10.82082315464471,24887.893255682837,1.0444444444444445,188.6772893836541,0.6002223491668701
vehicle_149,258.66786426639004,14103.955072669354,22.585455665240055,51946.54803005213,1.0336879432624113,385.84978732317813,0.026581287384033203,199.60697262176743,11901.215131917563,16.593156690611803,38164.26038840716,1.127642276422764,297.1550719312534,0.593796968460083,199.60697262176743,11901.215131917563,16.593156690611803,38164.26038840716,1.127642276422764,297.1550719312534,0.5480666160583496
vehicle_150,252.82119525747447,14018.646875588243,22.306198926321784,51304.2575305401,0.9029999999999998,377.27625846563564,0.019124507904052734,225.86390479381174,13674.18825757576,18.680668108900687,42965.53665047156,0.9431159420289855,332.4967903857094,0.7466351985931396,218.6775453468134,12651.39543436117,19.071970001944425,43865.53100447217,0.8312925170068027,325.8645970361483,0.6053874492645264
vehicle_151,185.54785830121403,10241.86248576447,15.924857822215804,36627.172991096355,0.9069444444444446,277.08655365833874,0.026399612426757812,163.81105616101323,9575.613196507953,14.02236063788543,32251.429467136488,0.8670940170940172,245.25369207596611,0.5918624401092529,163.81105616101323,9575.613196507953,14.02236063788543,32251.429467136488,0.8670940170940172,245.25369207596611,0.5586528778076172
vehicle_152,239.69170664361107,13720.32243890633,20.992080202065587,48281.784464750854,0.9903846153846154,358.3671544852591,0.012997627258300781,243.68802350027235,14874.293155149024,20.35777308209592,46822.87808882062,0.9557692307692308,359.16632931709677,0.7501959800720215,121.40145244174603,8651.826217948717,9.677555864118881,22258.378487473427,0.853125,180.72376682288174,0.5959031581878662
vehicle_153,220.74617420677544,12183.065898194174,70.38795859583595,183008.6923491735,1.0787878787878786,586.8580309455546,0.02253866195678711,181.79295649225242,10623.51029632381,56.15842781231405,146011.91231201653,0.9700757575757575,475.23682821189243,0.6445696353912354,181.79295649225242,10623.51029632381,56.15842781231405,146011.91231201653,0.9700757575757575,475.23682821189243,0.5745799541473389
vehicle_154,218.59736844885802,13594.506245614288,65.67955327542165,170766.83851609635,1.1574468085106382,562.3458546459656,0.014097929000854492,193.06276435743177,11388.206583375773,59.59928886008899,154958.1510362314,1.048581560283688,504.70841497831805,0.6792752742767334,193.06276435743177,11388.206583375773,59.59928886008899,154958.1510362314,1.048581560283688,504.70841497831805,0.6375818252563477
vehicle_155,237.0316129469265,11658.004635579213,22.1759240269049,51004.62526188127,0.8777777777777778,359.92734548022304,0.02156829833984375,177.9154330617026,9456.143598184222,15.91083920063418,36594.930161458615,0.8048780487804879,268.14511610772956,0.6829979419708252,177.9154330617026,9456.143598184222,15.91083920063418,36594.930161458615,0.8048780487804879,268.14511610772956,0.5997581481933594
vehicle_156,224.12215728020894,13121.430717403091,18.68030743953433,42964.70711092897,1.0084967320261438,331.2535036640873,0.02916717529296875,224.12215728020894,13121.430717403091,18.68030743953433,42964.70711092897,1.0084967320261438,331.2535036640873,0.6502687931060791,224.12215728020894,13121.430717403091,18.68030743953433,42964.70711092897,1.0084967320261438,331.2535036640873,0.5845479965209961
vehicle_157,283.69227786067694,15650.104716157563,24.103915811289816,55439.00636596658,1.2125000000000001,420.68410822716976,0.024842262268066406,217.78140957289426,12532.855846005847,18.038856498978408,41489.36994765033,1.0686274509803921,322.1433154237029,0.6889045238494873,217.78140957289426,12532.855846005847,18.038856498978408,41489.36994765033,1.0686274509803921,322.1433154237029,0.570103645324707
vehicle_158,195.3415445277592,9258.874505770164,18.650274142354107,42895.630527414454,1.2196078431372548,303.3609032558384,0.010566234588623047,187.5124548535801,8910.094341072703,17.650281794060405,40595.648126338936,1.2181372549019607,290.4202625787553,0.6426618099212646,187.5124548535801,8910.094341072703,17.650281794060405,40595.648126338936,1.2181372549019607,290.4202625787553,0.5806066989898682
vehicle_159,277.9441575367009,14728.923329076448,87.16826817220775,226637.49724774004,0.9842424242424243,727.719290231574,0.014958381652832031,191.39749419953722,10612.923186070893,57.58700259039037,149726.20673501494,0.888034188034188,491.16088325018404,0.6185612678527832,191.39749419953722,10612.923186070893,57.58700259039037,149726.20673501494,0.888034188034188,491.16088325018404,0.5827481746673584
vehicle_160,234.3583960949388,12451.188580402535,20.747066319453644,47718.252534743384,1.1825581395348836,353.3779725821121,0.015624046325683594,212.55181596014137,11355.656858055117,18.88822624640912,43442.92036674099,1.2434210526315788,322.58150684574025,0.6108741760253906,212.55181596014137,11355.656858055117,18.88822624640912,43442.92036674099,1.2434210526315788,322.58150684574025,0.5657367706298828
vehicle_161,305.80460088302755,18286.91489372425,25.350689650659785,58306.5861965175,0.9491935483870968,447.12968320178754,0.017126083374023438,251.5479535352296,15176.8420243671,20.820727598602176,47887.673476785014,0.8508620689655173,368.3760016691087,0.666093111038208,254.3376329898528,15189.771687058024,21.82333741024551,50193.67604356467,0.868390804597701,376.3576091112402,0.6003618240356445
vehicle_162,181.46917069733885,9195.991594202897,60.83307860374515,158166.00436973738,1.060215053763441,498.7911563631998,0.01270914077758789,165.93973603377393,8307.241308007611,54.57261261411693,141888.79279670402,0.9788888888888888,450.89925502324957,0.5721168518066406,165.93973603377393,8307.241308007611,54.57261261411693,141888.79279670402,0.9788888888888888,450.89925502324957,0.562610387802124
vehicle_163,141.74118821111458,8321.961802874304,42.41926836943858,110290.09776054033,0.8233333333333335,364.3825194479948,0.02006697654724121,141.74118821111458,8321.961802874304,42.41926836943858,110290.09776054033,0.8233333333333335,364.3825194479948,0.5907280445098877,141.74118821111458,8321.961802874304,42.41926836943858,110290.09776054033,0.8233333333333335,364.3825194479948,0.5610253810882568
vehicle_164,105.1616489645028,5616.8,33.73324205688773,87706.42934790811,1.1976190476190478,287.36427194735415,0.011484861373901367,135.24084144810772,7315.845019413136,42.83592590807025,111373.40736098264,1.1395833333333334,362.8484834938515,0.47899580001831055,135.24084144810772,7315.845019413136,42.83592590807025,111373.40736098264,1.1395833333333334,362.8484834938515,0.5186140537261963
vehicle_165,353.63529005776854,19452.193893707095,30.460500225578162,70059.15051882976,1.0758064516129033,522.0992428944849,0.023412227630615234,239.7989269006348,13642.28600516808,20.04764937507151,46109.59356266448,0.9874999999999999,353.7016976663168,0.6888818740844727,245.09002242984675,13543.104894842045,21.217227305413758,48799.62280245163,1.01,365.0381325388161,0.59686279296875
vehicle_166,232.56061135614735,13317.288668787352,70.18889588905682,182491.1293115478,0.9607638888888888,596.8119765427613,0.02182936668395996,224.74925724275343,12631.368854682387,68.04695110283072,176922.07286735997,0.8833333333333334,577.3260596609855,0.5688371658325195,224.74925724275343,12631.368854682387,68.04695110283072,176922.07286735997,0.8833333333333334,577.3260596609855,0.5220284461975098
vehicle_167,201.7766878349249,11960.146819514157,17.28507302922885,39755.667967226356,1.0589147286821705,302.1134632733115,0.019730567932128906,201.7766878349249,11960.146819514157,17.28507302922885,39755.667967226356,1.0589147286821705,302.1134632733115,0.6033129692077637,201.7766878349249,11960.146819514157,17.28507302922885,39755.667967226356,1.0589147286821705,302.1134632733115,0.5688347816467285
vehicle_168,279.5049509331135,15609.872067714265,23.871424056891186,54904.27533084972,1.041346153846154,413.61160833039605,0.018004179000854492,159.4226338854832,9240.311066522361,13.347307751416203,30698.807828257275,0.976851851851852,238.4944442351167,0.6345620155334473,159.4226338854832,9240.311066522361,13.347307751416203,30698.807828257275,0.976851851851852,238.4944442351167,0.5814447402954102
vehicle_169,240.93394953972773,13162.836638329254,20.900131152448385,48070.30165063129,0.981,358.90094881261666,0.018825769424438477,190.5012684231487,11911.43597644489,15.108952999716816,34750.59189934867,1.018840579710145,279.54317143451334,0.6487388610839844,189.20261708063376,12436.094073251312,15.038471598907007,34588.48467748611,0.9111111111111111,276.96055676218305,0.5788352489471436
vehicle_170,312.4471601575236,16625.629875947638,27.772530722398365,63876.82066151625,1.0658045977011494,466.5860902676235,0.015510082244873047,227.53575967273082,12931.401743400012,19.17897038785134,44111.63189205809,0.977485380116959,336.79752145299045,0.673936128616333,224.79143697668516,12989.21447510858,19.21915541253295,44204.05744882578,0.9966666666666667,334.4619958379912,0.5857305526733398
vehicle_171,284.4852395263923,15011.000841982437,25.320014280585134,58236.03284534583,1.0242138364779874,425.4971717502041,0.014867305755615234,202.91032690947938,11559.927561406284,17.563097263898563,40395.1237069667,1.0245833333333334,304.18273755158503,0.6472699642181396,203.44417978092653,11493.74287245916,17.892365174796645,41152.439902032296,1.0706140350877191,306.80485235924783,0.6004793643951416
vehicle_172,275.58645648929127,14832.577339358477,23.637218851023757,54365.60335735464,1.0815151515151513,408.7078626316056,0.020043373107910156,256.54089809537953,13866.824406470725,22.109638008492468,50852.16741953266,1.0513333333333332,381.4543171396393,0.6043567657470703,275.51034934798616,14771.765488122917,23.99084081875749,55178.933883142236,1.1092948717948716,410.6607703508676,0.568657636642456
vehicle_173,165.9486928043541,9965.055681818183,14.220693336572472,32707.594674116677,1.3099099099099096,252.91932960904285,0.016818523406982422,164.04315634081365,9804.074057866452,13.29587206997774,30580.505760948792,1.2216216216216214,245.46208681188148,0.5553112030029297,179.68134361266144,9777.331120416971,15.74888360751922,36222.43229729421,1.1794871794871795,272.93655875635625,0.5275819301605225
vehicle_174,224.92949156054678,12598.958589509906,19.533132788843087,44926.20541433909,0.8133333333333335,334.22819955740385,0.011632680892944336,224.92949156054678,12598.958589509906,19.533132788843087,44926.20541433909,0.8133333333333335,334.22819955740385,0.6004021167755127,224.92949156054678,12598.958589509906,19.533132788843087,44926.20541433909,0.8133333333333335,334.22819955740385,0.5996947288513184
vehicle_175,158.27840903774532,8693.64935986856,14.422425398109299,33171.57841565138,0.9422222222222224,242.22766085047752,0.011876106262207031,153.27089555024128,8876.664750099357,13.045956397114784,30005.699713364007,0.9607843137254901,230.57426088143103,0.5901410579681396,153.27089555024128,8876.664750099357,13.045956397114784,30005.699713364007,0.9607843137254901,230.57426088143103,0.5425786972045898
vehicle_176,229.05332570572736,13813.096535479299,19.022992874002334,43752.88361020537,0.8999999999999999,337.0052613355944,0.01608896255493164,195.6723562776958,12144.314090683529,15.941383748196483,36665.18262085191,0.9142857142857143,287.89555274228076,0.6300013065338135,196.60327680787023,12380.021966933056,15.94598914495539,36675.7750333974,0.9906976744186046,289.67909426764794,0.6081497669219971
vehicle_177,201.0634574230944,10954.721028363907,17.414670076424187,40053.741175775634,0.7179166666666668,298.35895253531646,0.011147737503051758,176.25216571762232,10758.74967874685,14.655600487407408,33707.88112103704,0.7862962962962962,260.38167269505203,0.6520795822143555,186.31638355488715,11151.669664274054,15.483091115790122,35611.109566317275,0.7043650793650793,273.87317594534244,0.5822365283966064
vehicle_178,226.96656625617567,13527.057154624516,19.103855519295667,43938.867694380046,1.22984496124031,338.5418093413417,0.015506267547607422,204.90948108928154,12650.649278811974,17.43188277027804,40093.330371639495,1.2397727272727275,307.98069145751344,0.6047823429107666,204.90948108928154,12650.649278811974,17.43188277027804,40093.330371639495,1.2397727272727275,307.98069145751344,0.555217981338501
vehicle_179,179.1918317706619,10877.466666666669,53.12932165816782,138136.2363112363,0.9515151515151513,457.375110095171,0.029898881912231445,179.1918317706619,10877.466666666669,53.12932165816782,138136.2363112363,0.9515151515151513,457.375110095171,0.5571072101593018,179.1918317706619,10877.466666666669,53.12932165816782,138136.2363112363,0.9515151515151513,457.375110095171,0.5220615863800049
vehicle_180,165.21528652561247,9831.719151377374,13.694058919020009,31496.33551374602,0.8097222222222222,244.5138364405396,0.017976045608520508,146.31414633161268,9699.68438283208,11.660856996658802,26819.971092315245,0.817741935483871,215.4902074427543,0.5872559547424316,146.74336965078558,9360.45974025974,11.905130593026563,27381.800363961094,0.8266666666666667,217.13581698821278,0.5466198921203613
vehicle_181,212.98454977881207,12699.772464783893,17.947370535066128,41278.9522306521,1.06,316.8491170276938,0.011084318161010742,188.28630078274836,11515.42514445155,15.540444416859167,35743.02215877608,1.0194444444444446,279.38169651828076,0.6837379932403564,188.28630078274836,11515.42514445155,15.540444416859167,35743.02215877608,1.0194444444444446,279.38169651828076,0.5847492218017578
vehicle_182,229.7939927591434,12648.094780533298,72.60845455923453,188781.98185400976,1.161851851851852,607.9681437350938,0.01712512969970703,174.29050819704466,9176.562603834,55.886009888441095,145303.62570994685,1.1136363636363635,467.4059664433454,0.5406584739685059,174.29050819704466,9176.562603834,55.886009888441095,145303.62570994685,1.1136363636363635,467.4059664433454,0.522921085357666
vehicle_183,214.7886847255424,12120.338955026453,18.753165383319498,43132.280381634846,1.0287234042553193,322.20850650553376,0.017246007919311523,209.41205097968395,10921.414674116108,18.561325946685773,42691.04967737727,0.9342105263157895,314.5945122746363,0.6094272136688232,214.7886847255424,12120.338955026453,18.753165383319498,43132.280381634846,1.0287234042553193,322.20850650553376,0.557694673538208
vehicle_184,166.63319570383004,9919.25817030693,13.716375965057274,31547.664719631735,0.9421052631578947,247.3914776524473,0.013894081115722656,108.37159614080586,7651.228114088641,8.663405525284944,19925.832708155373,0.8732142857142857,162.54610776717584,0.6935069561004639,108.37159614080586,7651.228114088641,8.663405525284944,19925.832708155373,0.8732142857142857,162.54610776717584,0.5787789821624756
vehicle_185,371.76958502153695,20886.709107435985,32.218464074445464,74102.46737122459,1.0971830985915492,549.6356000206342,0.0240633487701416,239.1294663644717,14746.05123484031,20.578050921436343,47329.51711930358,1.1068627450980393,357.184473765645,0.7003531455993652,239.1294663644717,14746.05123484031,20.578050921436343,47329.51711930358,1.1068627450980393,357.184473765645,0.67950439453125
vehicle_186,166.19964632434878,9795.41911863879,48.46885832368889,126019.03164159114,1.140625,422.67113769797066,0.030031204223632812,166.19964632434878,9795.41911863879,48.46885832368889,126019.03164159114,1.140625,422.67113769797066,0.604222297668457,166.19964632434878,9795.41911863879,48.46885832368889,126019.03164159114,1.140625,422.67113769797066,0.5644354820251465
vehicle_187,220.6941491299242,12467.764385478731,19.068595066660226,43857.76865331852,1.1081196581196582,330.58158892927713,0.01318502426147461,155.92277476329025,10236.231127060073,13.008631886236898,29919.853338344863,1.028921568627451,234.0985474160437,0.6238913536071777,165.16704630192467,10086.226049827364,14.258338029003106,32794.177466707144,1.0776041666666667,250.03650757189223,0.5966289043426514
vehicle_188,175.5282723893239,10223.151331563175,14.535242426675246,33431.05758135307,0.89625,260.00674878146765,0.023330211639404297,171.95899227853042,10040.905576045543,14.202345039463935,32665.39359076705,0.89,254.6598579136405,0.5210859775543213,171.95899227853042,10040.905576045543,14.202345039463935,32665.39359076705,0.89,254.6598579136405,0.4985542297363281
vehicle_189,191.28859087816164,11167.851516397064,16.076633877938477,36976.257919258496,1.111111111111111,285.8850523557421,0.010751485824584961,178.4306798975563,10808.948215673216,14.664351607201697,33728.0086965639,1.096969696969697,265.72462051872657,0.6676557064056396,178.4306798975563,10808.948215673216,14.664351607201697,33728.0086965639,1.096969696969697,265.72462051872657,0.5940876007080078
vehicle_190,178.72697727821875,9751.258012072838,16.08218630928357,36989.02851135221,1.09375,272.7840916057679,0.02355027198791504,163.24890162227408,9451.287033035778,14.091082350535808,32409.489406232355,1.1599999999999997,247.92967088412973,0.5576860904693604,168.7228234028248,9366.131074882058,14.791577712297084,34020.62873828329,1.1403225806451613,256.68564084711795,0.526369571685791
vehicle_191,323.9077132612987,15922.099933399933,30.051306685256698,69118.0053760904,1.0277777777777777,488.8648300024155,0.0202939510345459,281.28422375705645,14815.079378918455,24.939746194815157,57361.41624807486,0.9593567251461987,419.6918218100716,0.62142014503479,282.79407268623714,14801.040468697967,25.704740855062752,59120.90396664433,1.0461988304093568,425.89116539583836,0.56451416015625
vehicle_192,134.03048181248545,7355.912915301074,11.857648087881339,27272.590602127075,0.7314814814814815,202.67684620984613,0.013114213943481445,134.03048181248545,7355.912915301074,11.857648087881339,27272.590602127075,0.7314814814814815,202.67684620984613,0.7142701148986816,134.03048181248545,7355.912915301074,11.857648087881339,27272.590602127075,0.7314814814814815,202.67684620984613,0.6265952587127686
vehicle_193,165.3730724416923,9519.503968641422,51.3901217048457,133614.3164325988,1.1263888888888889,436.2318765127656,0.02139449119567871,151.23857710319334,8827.776519435258,46.79898314169943,121677.3561684185,1.1161290322580646,398.8469432785587,0.5874831676483154,158.90452803177794,9238.249429084088,49.15121515732292,127793.1594090396,1.1062500000000002,418.28928421536034,0.6017124652862549
vehicle_194,196.844255585683,10086.052222222223,18.191393416239666,41840.20485735124,1.0324324324324323,300.9272281640451,0.013781070709228516,181.07177265438193,9130.716702741702,16.28783133918515,37462.01208012583,0.92,274.2472395455137,0.6671509742736816,185.76509709918253,9263.391652236653,17.154282080029617,39454.84878406812,0.9776315789473684,283.88598763664777,0.6296710968017578
vehicle_195,228.95825440017268,12267.15564990565,20.821367701450015,47889.145713335034,1.1506289308176099,347.9789254516837,0.014745712280273438,201.52054560800846,11068.176537351537,17.819574792182372,40985.02202201946,1.1326086956521737,305.0190000080397,0.6212854385375977,219.87943153648524,11536.579134754136,19.80297455683307,45546.84148071605,1.1795454545454545,333.8943641813146,0.6167004108428955
vehicle_196,275.06999480157356,15693.947116796458,23.104016303223034,53139.237497412985,0.8169491525423729,403.11899759777816,0.026833772659301758,235.12317789089582,14724.555188927494,19.153536216162156,44053.13329717297,0.8008771929824562,342.98978512067765,0.6129698753356934,235.30890820084645,14164.417801499336,19.41868664340223,44662.97927982513,0.871069182389937,345.04759374217343,0.6000502109527588
vehicle_197,117.81402219358331,6948.956746031746,10.474093680700129,24090.415465610295,1.1607142857142858,183.7218992170134,0.007824182510375977,115.66676163238209,7293.623412698412,9.772123463769399,22475.883966669615,1.1928571428571428,178.48195688332783,0.6025943756103516,115.66676163238209,7293.623412698412,9.772123463769399,22475.883966669615,1.1928571428571428,178.48195688332783,0.5923576354980469
vehicle_198,214.40848278686667,13358.442286338022,61.43388883298985,159728.11096577364,1.037179487179487,535.6604002364825,0.013592243194580078,186.40595685555346,11657.189576067754,53.964998269994496,140308.9955019857,1.0207317073170732,469.67637349427105,0.6499316692352295,199.33791363576492,12084.652771525449,57.91933296951432,150590.26572073722,1.0677304964539007,502.96873143996595,0.5882599353790283
vehicle_199,113.54406215038065,7313.85822320954,31.79301158960016,82661.83013296041,1.031547619047619,284.8562235730825,0.01832437515258789,100.13521856036704,6633.243492063492,27.89228857246493,72519.95028840881,1.0269230769230768,251.70845982860675,0.5817830562591553,100.13521856036704,6633.243492063492,27.89228857246493,72519.95028840881,1.0269230769230768,251.70845982860675,0.5478284358978271
vehicle_200,232.18184083093774,13144.005110653341,20.098724863268185,46227.06718551682,0.9369565217391304,345.69614289540704,0.017202377319335938,181.86214372865797,10731.83939601388,15.406439824424268,35434.811596175816,0.95625,271.43790934967205,0.6007864475250244,181.86214372865797,10731.83939601388,15.406439824424268,35434.811596175816,0.95625,271.43790934967205,0.5539588928222656
vehicle_201,162.79575463055542,8477.44577540107,14.593489811945705,33565.02656747512,1.1273809523809524,249.39185926281598,0.009114265441894531,196.17470415141773,11316.945198099002,16.98811132130275,39072.65603899633,1.023076923076923,294.48962587706154,0.585519552230835,196.17470415141773,11316.945198099002,16.98811132130275,39072.65603899633,1.023076923076923,294.48962587706154,0.5318012237548828
vehicle_202,170.53986770684412,10073.002074942699,14.20096989093387,32662.230749147904,0.8098290598290598,252.44106389173257,0.01919412612915039,151.59661618731607,9492.488052201557,12.596496687093058,28971.94238031403,0.6942982456140352,224.15888431564437,0.5923302173614502,170.53986770684412,10073.002074942699,14.20096989093387,32662.230749147904,0.8098290598290598,252.44106389173257,0.5488896369934082
vehicle_203,249.73358221130678,13716.231331336556,22.16415292846554,50977.55173547074,1.0147435897435897,374.511847009775,0.02466607093811035,216.54028049161428,12378.125864875863,18.779979575618974,43193.95302392365,0.8566666666666666,322.44521333217466,0.6071569919586182,243.45689540760893,13488.762099767826,21.573940314053992,49620.062722324175,0.9635802469135802,364.7092778080613,0.5593469142913818
vehicle_204,279.8762458009281,14619.928829511786,89.04163675022261,231508.25555057876,1.0887755102040817,740.0332759956129,0.014259099960327148,206.237453920745,11868.916862129407,62.12966955553555,161537.14084439242,1.1249999999999998,531.4327230490143,0.6560354232788086,206.237453920745,11868.916862129407,62.12966955553555,161537.14084439242,1.1249999999999998,531.4327230490143,0.5762193202972412
vehicle_205,193.40954241389284,9666.259582146535,66.96814969870414,174117.18921663074,1.1552631578947368,542.4879945925127,0.011154890060424805,149.8700832001724,8181.726095865176,46.3029632860166,120387.70454364314,1.103125,394.68885132355126,0.6271176338195801,152.09269963971934,8203.696917880448,48.21620947092308,125362.14462440001,1.1387254901960784,406.83980659570676,0.5694468021392822
vehicle_206,291.3707513373367,15678.601874011862,90.50744582186695,235319.35913685412,1.0435185185185185,758.6983328190821,0.015511035919189453,206.74669529169583,12122.190042509437,61.39222018395943,159619.77247829453,0.930681818181818,526.3818894051194,0.6599400043487549,209.33665777112634,12240.18251056607,61.3869150798648,159605.9792076485,1.0170454545454546,529.8417384132844,0.5798907279968262
vehicle_207,238.57002625395535,14018.522044423013,19.530463461600608,44920.0659616814,0.8829787234042553,348.94616469722956,0.0252530574798584,206.41812790870037,11620.217351684076,17.606927317117858,40495.93282937107,0.8897727272727274,306.5783299202625,0.6237514019012451,211.17289135548273,11980.492650742463,17.627505360936812,40543.26233015467,0.85,311.138332785373,0.577246904373169
vehicle_208,220.96782528437515,10686.525157399235,20.742727771186697,47708.27387372939,1.0384057971014493,338.0340013217118,0.01915907859802246,216.53007237518943,10770.43891994479,19.703404311291504,45317.82991597045,0.9559259259259257,327.5981417797798,0.5451889038085938,216.53007237518943,10770.43891994479,19.703404311291504,45317.82991597045,0.9559259259259257,327.5981417797798,0.583003044128418
vehicle_209,277.9415874895624,15885.049267077036,22.866059423569958,52591.93667421091,1.0214285714285716,406.8986840069971,0.014920473098754883,190.25837532881246,11033.069590933166,15.795144570168196,36328.83251138685,0.9951219512195121,282.2500592448855,0.6615254878997803,190.25837532881246,11033.069590933166,15.795144570168196,36328.83251138685,0.9951219512195121,282.2500592448855,0.5938904285430908
vehicle_210,172.91726895819653,10847.704660870002,49.37839349770581,128383.82309403514,0.8942982456140351,431.7654701975521,0.017405033111572266,165.17151690431584,10078.549542620734,48.86049678777836,127037.29164822375,0.8787878787878788,421.06147672625883,0.597893238067627,164.81376437210713,10027.212130033322,49.161211679961,127819.15036789862,0.8806306306306307,422.2114657810055,0.5531191825866699
vehicle_211,221.83084652567487,11344.953784810969,19.654954580755344,45206.39553573728,1.0051851851851854,333.30884733263986,0.012020349502563477,208.34025135556973,11286.106945533556,18.101174502392,41632.701355501595,0.9898373983739837,311.8795275583622,0.6535191535949707,225.4526571228311,11017.199601517905,20.708517752431618,47629.59083059272,1.0043650793650793,342.0992299012838,0.6316623687744141
vehicle_212,195.0314897627651,10794.599256870479,16.9397820674329,38961.49875509567,1.267948717948718,295.4083870729919,0.022298574447631836,181.93004266348296,10026.11164480944,15.479932600726231,35603.84498167033,1.2894736842105263,275.00947352166645,0.6101248264312744,180.56613136357853,9732.854605579607,15.798647686639564,36336.88967927099,1.207142857142857,274.33436909197707,0.552055835723877
vehicle_213,235.41403168418248,12676.324748703106,21.081673624190614,48487.84933563841,1.1321138211382116,355.66473933560184,0.015593528747558594,196.38181565793317,10722.958192214526,17.56776655058967,40405.863066356236,1.099047619047619,298.1897240991951,0.5992307662963867,196.38181565793317,10722.958192214526,17.56776655058967,40405.863066356236,1.099047619047619,298.1897240991951,0.5682201385498047
vehicle_214,228.75346084808658,12680.759270314424,20.107751773855185,46247.82907986693,1.2878787878787878,345.69344072679326,0.028296709060668945,188.9155756688406,11048.339824755378,15.904964819970466,36581.41908593208,1.2146825396825396,283.6562084501726,0.6080312728881836,188.9155756688406,11048.339824755378,15.904964819970466,36581.41908593208,1.2146825396825396,283.6562084501726,0.5448184013366699
vehicle_215,277.1288218102463,14970.106102755906,24.331096746295437,55961.52251647951,1.0703703703703702,413.64637205174824,0.01916217803955078,221.92464515795234,12264.643437118435,20.197521369801812,46454.299150544175,0.9878472222222223,336.19756962838323,0.6137564182281494,247.27299094220004,13527.68293582305,22.373547552661663,51459.15937112183,1.0666666666666667,373.5650850765703,0.5588662624359131
vehicle_216,228.51835700799225,12383.618760121415,19.684905582955103,45275.28284079674,1.2075,342.4577790228015,0.015288114547729492,211.55719225070342,11979.596401293651,17.90314687871425,41177.23782104277,1.3158536585365852,317.55912889666655,0.656425952911377,216.5129025875224,12264.03636444635,18.470538993150935,42482.23968424714,1.2089743589743591,324.3620179109224,0.7207179069519043
vehicle_217,140.8148603654981,8580.894845057868,11.573321186900237,26618.63872987055,1.0090090090090091,211.15513829149435,0.012889862060546875,135.264771881766,8676.693278866713,11.233009154702659,25835.921055816114,0.9866666666666667,203.70667689940893,0.6427481174468994,135.264771881766,8676.693278866713,11.233009154702659,25835.921055816114,0.9866666666666667,203.70667689940893,0.6454806327819824
vehicle_218,252.83622729204882,13589.610302079222,22.187742943303338,51031.80876959768,1.0509433962264152,378.05926772140725,0.023023128509521484,178.20918063810603,10382.331091625056,15.117464825276702,34770.169098136415,0.95,266.18048562327425,0.7516045570373535,178.20918063810603,10382.331091625056,15.117464825276702,34770.169098136415,0.95,266.18048562327425,0.5920040607452393
vehicle_219,187.76912269012445,9665.055166448044,60.24408059747591,156634.60955343733,1.0103603603603601,501.77786682734313,0.02012920379638672,151.15360972445862,9286.89678007794,43.33423608449328,112669.01381968253,1.0053921568627453,380.45840526557413,0.7342901229858398,168.95073342334666,9137.522391722772,52.49289552160518,136481.52835617345,1.0720720720720718,444.6741324164607,0.7618703842163086
vehicle_220,265.24721843364097,14164.88044306005,24.01190138746548,55227.373191170605,1.0316326530612245,399.5577409135417,0.03187918663024902,234.41259697607745,13800.109740790609,20.20724005303913,46476.65212199001,1.0029411764705882,349.3115728228653,0.7004833221435547,234.41259697607745,13800.109740790609,20.20724005303913,46476.65212199001,1.0029411764705882,349.3115728228653,0.747896671295166
vehicle_221,186.82450518249655,10417.910393046652,16.683015218692425,38370.93500299258,1.1546875,284.68032027402717,0.02095794677734375,152.72091528819456,9147.434256979774,12.951258003040842,29787.89340699393,1.1196428571428572,231.2145878350995,0.7257552146911621,164.53757741519385,9949.41522894769,13.922805916921657,32022.453608919815,1.2484375,249.3997084522876,0.6573824882507324
vehicle_222,138.37551177006733,7070.300319730102,12.687311628571733,29180.816745714987,1.0106666666666666,213.8827088906288,0.03670358657836914,123.90753700138619,6716.759959185883,10.486957090271797,24120.00130762513,1.0121212121212122,188.32930122928673,0.6217198371887207,119.61523008308376,6419.484354058379,10.655228856749508,24507.026370523865,1.0212121212121212,184.88668567730207,0.7217698097229004
vehicle_223,152.99770938358947,8883.259845479843,13.061510602118517,30041.47438487259,1.0708333333333333,231.48116790681536,0.015372276306152344,125.78208240789007,7871.338206466479,10.142053558386882,23326.723184289825,1.0987654320987654,189.66648735594174,0.6262097358703613,125.78208240789007,7871.338206466479,10.142053558386882,23326.723184289825,1.0987654320987654,189.66648735594174,0.6627802848815918
vehicle_224,148.15840782883006,9710.724834522201,12.635201845849718,29060.964245454346,0.9976851851851853,224.00869247507555,0.015027523040771484,148.15840782883006,9710.724834522201,12.635201845849718,29060.964245454346,0.9976851851851853,224.00869247507555,0.6386911869049072,148.15840782883006,9710.724834522201,12.635201845849718,29060.964245454346,0.9976851851851853,224.00869247507555,0.8448238372802734
vehicle_225,211.27983670925744,12112.460751028904,64.40994837668896,167465.86577939132,1.1128205128205126,547.8223561517486,0.017717838287353516,167.9469695169459,10052.52715652028,51.39995735059079,133639.88911153606,1.1606060606060604,439.3451855305494,0.7277960777282715,167.9469695169459,10052.52715652028,51.39995735059079,133639.88911153606,1.1606060606060604,439.3451855305494,0.6244235038757324
vehicle_226,281.7704085464258,15024.912290175123,25.12409451114288,57785.417375628625,1.117,422.7344678494111,0.019812822341918945,213.14951224919147,11965.89432623631,18.710504734801983,43034.16089004456,1.066304347826087,320.6889389365279,0.9034104347229004,213.14951224919147,11965.89432623631,18.710504734801983,43034.16089004456,1.066304347826087,320.6889389365279,0.6562292575836182
vehicle_227,271.20596720482274,14701.368248344488,86.76843338101982,225597.92679065152,1.005448717948718,719.1863346917269,0.016723155975341797,226.51819832187803,12972.12676922514,68.33604117938337,177673.70706639675,0.9316666666666665,581.1184394324686,0.678560733795166,227.00942187363597,12994.325547110231,68.43380925190016,177927.9040549404,0.951700680272109,582.3050098100551,0.6512951850891113
vehicle_228,177.60754838581315,9518.471265033413,15.642635295683673,35978.06118007245,1.115,269.6147446600741,0.011544466018676758,164.5486969688947,8869.771273916962,14.115157520328825,32464.8622967563,1.1642857142857144,249.23116706726177,0.6942579746246338,169.35427394974283,8991.260807502356,14.747556118423876,33919.37907237492,1.0725806451612903,256.3154334400035,0.6144366264343262
vehicle_229,214.28214637367162,12218.547022180921,18.106432604017705,41644.79498924072,1.1925000000000001,320.1333502332549,0.021717071533203125,206.25813115894752,11731.17380949073,17.51510321372531,40284.73739156822,1.155,308.6423066190993,0.6327428817749023,206.25813115894752,11731.17380949073,17.51510321372531,40284.73739156822,1.155,308.6423066190993,0.5821998119354248
vehicle_230,250.82232146831163,13829.441346828007,21.965504540481792,50520.66044310812,1.0229166666666667,374.7205223226172,0.013869762420654297,246.8819215424975,13355.64193713241,21.34767538311796,49099.653381171294,0.9946808510638298,367.27700750681794,0.6870687007904053,250.28740200707057,13182.741926391787,22.556199466348698,51879.25877260201,1.0572916666666667,377.30318876281177,0.6205120086669922
vehicle_231,235.61498071867635,12517.40911944265,74.87118587048587,194665.08326326328,1.0638888888888889,624.0868570487287,0.01534271240234375,235.57640355814928,12254.129728645346,74.60886720696931,193983.05473812023,1.0430555555555556,622.455220073175,0.6322371959686279,235.57640355814928,12254.129728645346,74.60886720696931,193983.05473812023,1.0430555555555556,622.455220073175,0.5817570686340332
vehicle_232,181.86360921701146,10950.868971801825,16.150729722000776,37146.678360601785,0.9616666666666667,275.2758325414047,0.011225461959838867,163.22155349542433,10763.456976356974,13.523573902820198,31104.219976486456,0.9589743589743586,243.41901575936808,0.6736092567443848,162.96976822601,10092.788948316536,14.193324751590717,32644.646928658647,0.9329166666666666,246.0691111362737,0.590749979019165
vehicle_233,371.9278343193998,20360.60589350797,32.817078261137596,75479.28000061646,0.9341269841269841,551.0102193256654,0.024149656295776367,290.7474855155893,17048.03151147445,24.363135707419566,56035.212127065,0.735024154589372,424.6489699073237,0.6486907005310059,290.7474855155893,17048.03151147445,24.363135707419566,56035.212127065,0.735024154589372,424.6489699073237,0.6122066974639893
vehicle_234,158.09082057158096,9485.529423640912,13.045907632670456,30005.58755514205,1.0385714285714285,236.3409423049922,0.01962423324584961,144.21049467736296,9204.811493168134,11.339497101299592,26080.84333298906,0.9359375,212.82424726529652,0.6654584407806396,144.21049467736296,9204.811493168134,11.339497101299592,26080.84333298906,0.9359375,212.82424726529652,0.6063551902770996
vehicle_235,211.43965985956117,10931.243749603285,18.894676855599652,43457.756767879204,1.137142857142857,320.3209293061,0.023583650588989258,205.16348449262756,11328.89849663891,17.385721647102315,39987.159788335324,1.195945945945946,307.19846843666494,0.6288967132568359,205.16348449262756,11328.89849663891,17.385721647102315,39987.159788335324,1.195945945945946,307.19846843666494,0.5442256927490234
vehicle_236,246.5440145880081,12913.158229279597,21.838293389376364,50228.07479556563,1.1416666666666668,370.7391365985787,0.043519020080566406,196.7209003475497,11067.544119178056,16.63454210276114,38259.446836350624,1.0597222222222225,293.56515089446043,0.6130557060241699,196.7209003475497,11067.544119178056,16.63454210276114,38259.446836350624,1.0597222222222225,293.56515089446043,0.6249208450317383
vehicle_237,319.73731438582126,16432.00633468061,100.61884263541508,261608.99085207924,1.1314814814814813,838.7107885817895,0.019099950790405273,226.00964659423016,12041.065911023754,70.34459381984895,182895.94393160733,1.0333333333333332,591.4106895576482,0.7073290348052979,229.85847674543422,12272.317498325343,70.5368119896689,183395.71117313913,1.0375,596.3265137766468,0.650219202041626
vehicle_238,121.88956664504333,6963.596485122018,10.341058839159011,23784.435330065724,1.0858024691358026,186.38721788917476,0.021825313568115234,121.88956664504333,6963.596485122018,10.341058839159011,23784.435330065724,1.0858024691358026,186.38721788917476,0.5291056632995605,122.39261916371788,6494.232184482184,10.605344728330135,24392.292875159303,0.8532051282051282,185.75534747199822,0.5308210849761963
vehicle_239,183.29430882774443,9684.896070286422,16.118546530761925,37072.65702075243,1.2533333333333334,279.11062372330025,0.01254129409790039,135.30794891270918,7994.571147836654,10.948580503789374,25181.735158715564,1.2537634408602154,204.8092000479906,0.6728000640869141,135.30794891270918,7994.571147836654,10.948580503789374,25181.735158715564,1.2537634408602154,204.8092000479906,0.6576075553894043
vehicle_240,144.98522742245393,8038.698237491847,12.341143429846174,28384.6298886462,0.9870370370370372,218.79428667469182,0.017101526260375977,136.81741154503857,7689.848023344178,11.657719247775107,26812.754269882746,0.9574074074074074,206.81615075336154,0.6145601272583008,136.81741154503857,7689.848023344178,11.657719247775107,26812.754269882746,0.9574074074074074,206.81615075336154,0.6415560245513916
vehicle_241,10.01262815661982,1133.8333333333333,0.9240610738907981,2125.3404699488356,1.75,32.447887229777514,0.004247903823852539,123.4902227986203,7798.222460686082,10.50569850227982,24163.106555243587,1.1793333333333333,189.97822154909886,0.5565390586853027,124.85406262680353,7461.467879659968,10.556779159016086,24280.592065737,1.2370370370370372,192.08095875882654,0.5179417133331299
vehicle_242,307.9248647727116,15675.743455318134,27.358556871940625,62924.68080546344,1.0494152046783625,459.5661743612311,0.016982078552246094,208.568705035001,10865.340989729224,18.44972998181486,42434.37895817417,1.1154166666666667,314.9896718856667,0.7630205154418945,208.568705035001,10865.340989729224,18.44972998181486,42434.37895817417,1.1154166666666667,314.9896718856667,0.6473643779754639
vehicle_243,217.42264794426805,13051.29563360387,65.03683117995304,169095.76106787793,0.9799382716049382,556.0315464583059,0.020164012908935547,217.42264794426805,13051.29563360387,65.03683117995304,169095.76106787793,0.9799382716049382,556.0315464583059,0.6581344604492188,217.42264794426805,13051.29563360387,65.03683117995304,169095.76106787793,0.9799382716049382,556.0315464583059,0.5802090167999268
vehicle_244,122.09937033744244,7054.984745787,10.669421712139808,24539.669937921557,1.1564102564102563,188.97029944718489,0.015275001525878906,122.09937033744244,7054.984745787,10.669421712139808,24539.669937921557,1.1564102564102563,188.97029944718489,0.5891988277435303,122.09937033744244,7054.984745787,10.669421712139808,24539.669937921557,1.1564102564102563,188.97029944718489,0.5440773963928223
vehicle_245,235.21028791324258,13288.894440222442,20.39861867372147,46916.822949559384,0.9859848484848487,350.7545893334269,0.02300429344177246,183.57719258051188,10360.762279040404,15.98853711782288,36773.635370992626,1.0259803921568627,276.65767161315057,0.6387593746185303,183.57719258051188,10360.762279040404,15.98853711782288,36773.635370992626,1.0259803921568627,276.65767161315057,0.591686487197876
vehicle_246,181.73058261574394,10310.607306677806,15.244613658768683,35062.611415167965,1.0572072072072072,271.3897805668477,0.01266026496887207,157.19541733111396,9010.951980714832,13.397862174034223,30815.08300027871,1.0516129032258066,237.2038994504084,0.6246309280395508,157.19541733111396,9010.951980714832,13.397862174034223,30815.08300027871,1.0516129032258066,237.2038994504084,0.5821449756622314
vehicle_247,357.4096220428005,20228.12743476543,30.467837252991394,70076.0256818802,0.9833333333333334,525.2010659285256,0.018343687057495117,251.9920047735573,13864.758206691076,22.203999276812734,51069.19833666928,1.0421568627450981,377.2848915091528,0.700922966003418,256.8160773606915,14223.434741267609,22.57264403806831,51917.081287557114,1.0490196078431373,384.120447724261,0.6253273487091064
vehicle_248,225.5579454479732,12452.681099423848,20.207767658045025,46477.865613503556,1.017037037037037,340.226232191742,0.015978097915649414,202.30167208899664,11787.71348068723,17.412887494985668,40049.641238467026,1.0325396825396826,302.9658712450683,0.6201910972595215,202.71591238880964,11582.538878963618,17.76016033099932,40848.36876129843,1.0076388888888888,304.81047484351836,0.5886890888214111
vehicle_249,139.66004577768547,7445.984885187601,11.97889934298985,27551.468488876653,0.9999999999999999,211.62287162740904,0.009247064590454102,135.27833114361812,8052.585714285714,11.55937468339727,26586.561771813722,0.8851851851851852,204.16388577753565,0.6476967334747314,135.27833114361812,8052.585714285714,11.55937468339727,26586.561771813722,0.8851851851851852,204.16388577753565,0.5875353813171387
vehicle_250,90.38080207651252,6459.321622103387,7.050934090868791,16217.14840899822,1.0173333333333334,137.60306187032964,0.024088621139526367,90.38080207651252,6459.321622103387,7.050934090868791,16217.14840899822,1.0173333333333334,137.60306187032964,0.5024235248565674,90.38080207651252,6459.321622103387,7.050934090868791,16217.14840899822,1.0173333333333334,137.60306187032964,0.544682502746582
vehicle_251,119.90770568922133,6163.481191973645,10.860654560129776,24979.50548829848,1.0079999999999998,186.00305659875175,0.01883387565612793,119.90770568922133,6163.481191973645,10.860654560129776,24979.50548829848,1.0079999999999998,186.00305659875175,0.5164089202880859,119.90770568922133,6163.481191973645,10.860654560129776,24979.50548829848,1.0079999999999998,186.00305659875175,0.5099520683288574
vehicle_252,225.67203697381515,11493.144491811263,20.860861522788817,47979.98150241427,1.075968992248062,343.9285746468541,0.019156694412231445,164.85130680908142,9479.906897696846,13.827063841858262,31802.246836274,1.0535353535353535,247.15528702530872,0.675987720489502,164.85130680908142,9479.906897696846,13.827063841858262,31802.246836274,1.0535353535353535,247.15528702530872,0.5905072689056396
vehicle_253,298.2054530303813,16593.27784303092,25.662092407713878,59022.81253774193,0.9360215053763441,440.48537396800054,0.017048120498657227,205.62913354711054,12252.91798629495,17.20660188585345,39575.18433746293,0.7538194444444445,302.6039257503486,0.7046079635620117,215.35939157901606,13257.486800409859,17.57917066094524,40432.092520174054,0.8581761006289307,315.51964111236765,0.6039607524871826
vehicle_254,209.69037053851284,11976.830032443775,17.639113002986438,40569.95990686881,0.9956349206349205,311.1691819910286,0.013378381729125977,159.19776202827614,10169.288540792091,12.649987245503619,29094.970664658318,0.905701754385965,234.32951817209613,0.6809084415435791,155.67431766365164,9901.684237551002,13.20341671256643,30367.858438902786,0.9309523809523809,233.75139287977174,0.6068873405456543
vehicle_255,275.59569887118755,15054.410908590318,23.75280470483154,54631.45082111254,1.157371794871795,410.115221152005,0.015544891357421875,218.90812167390408,12809.373112442898,18.25760249161389,41992.48573071194,1.1278985507246377,325.03327883712075,0.6850333213806152,220.27067618863347,12964.378198231754,18.2858696336277,42057.500157343704,1.1148550724637682,326.44979124758515,0.6191487312316895
vehicle_256,132.3926247372659,7345.673068043067,40.627448533206504,105631.36618633692,0.947530864197531,347.0456407863968,0.009654998779296875,161.36413122081905,8821.436435715987,49.1413462357182,127767.50021286732,0.9093137254901961,418.61439866423314,0.6216282844543457,161.36413122081905,8821.436435715987,49.1413462357182,127767.50021286732,0.9093137254901961,418.61439866423314,0.7757387161254883
vehicle_257,266.10970294969917,13437.934227976719,23.95385308121738,55093.862086799985,1.0948717948717948,400.56044581227536,0.02679586410522461,162.091389342989,9151.963621203358,14.26959976702994,32820.07946416885,1.1462365591397847,247.44396588653748,0.6614484786987305,170.36699134244063,9213.437734914967,14.497610263538643,33344.503606138875,1.1444444444444444,256.8587753642769,0.6282751560211182
vehicle_258,223.46560160522566,13150.42335533262,18.336260341724454,42173.39878596623,0.9771739130434783,328.571537820764,0.02029561996459961,204.12725234706193,11617.370064909592,17.04796848083816,39210.32750592777,0.9837499999999999,302.4316419915054,0.6115350723266602,204.12725234706193,11617.370064909592,17.04796848083816,39210.32750592777,0.9837499999999999,302.4316419915054,0.5596380233764648
vehicle_259,290.2031178319011,15713.00124184797,25.79933405083815,59338.46831692774,1.1209150326797386,434.7736609800692,0.019238948822021484,229.09337625489343,13142.528981613801,19.64471170713153,45182.83692640252,1.0435374149659862,341.4030114351037,0.6490280628204346,230.81695844824344,13441.38359454753,19.725584230259074,45368.84372959586,1.0114197530864197,343.2927947955551,0.5867879390716553
vehicle_260,259.15283673221546,13067.77251997072,81.84851103343428,212806.12868692906,1.115909090909091,683.1844196195808,0.015187978744506836,232.672152764376,12480.333296605528,72.43161507486491,188322.19919464877,1.1644927536231884,609.9419149239895,0.7004725933074951,232.672152764376,12480.333296605528,72.43161507486491,188322.19919464877,1.1644927536231884,609.9419149239895,0.5878541469573975
vehicle_261,158.16288851300027,9527.502131600855,47.50639306657443,123516.62197309354,1.1333333333333333,409.6747155490949,0.01226353645324707,144.11698330682668,9132.347992668823,42.24074037693724,109825.92498003686,1.1629032258064518,369.48648078087433,0.752882719039917,139.43235477801235,9205.230346968561,42.09860358870556,109456.36933063448,1.1403225806451616,363.88560695770525,0.7083010673522949
vehicle_262,104.04266026671941,6678.539113466804,8.417338794093487,19359.879226415018,1.1684210526315788,159.66871451724342,0.013553142547607422,111.02888796259259,7074.537955828163,9.321075754422713,21438.474235172238,1.133333333333333,170.93274950021396,0.6996743679046631,111.02888796259259,7074.537955828163,9.321075754422713,21438.474235172238,1.133333333333333,170.93274950021396,0.5951917171478271
vehicle_263,251.3643616831761,13875.622317933045,21.619073274650045,49723.8685316951,0.8362318840579711,371.6763864297652,0.020344018936157227,201.12009617596425,11724.807933365102,16.87680715365873,38816.65645341509,0.8325396825396826,297.08641986225615,0.6456484794616699,197.96173223204173,11098.79228565998,16.977129537437953,39047.39793610729,0.9271317829457363,295.2016956058166,0.6272869110107422
vehicle_264,226.2212354910443,12418.896432804195,71.8898420243708,186913.58926336412,1.0125,599.2451390664551,0.020595550537109375,176.42930909383605,10025.263866282321,52.67436443620212,136953.34753412553,0.9355263157894737,451.94118995115315,0.6635890007019043,176.42930909383605,10025.263866282321,52.67436443620212,136953.34753412553,0.9355263157894737,451.94118995115315,0.5769429206848145
vehicle_265,201.798394085893,11479.216835119467,17.19608243737395,39550.98960596007,1.1042857142857145,302.0103347587086,0.03239035606384277,201.798394085893,11479.216835119467,17.19608243737395,39550.98960596007,1.1042857142857145,302.0103347587086,0.5893189907073975,204.72064522237892,11370.852414928573,17.75977487951628,40847.48222288743,1.0864864864864865,307.54295460008314,0.6201281547546387
vehicle_266,319.4539338896874,17613.432685696967,98.23195426536404,255403.08108994647,1.0741545893719808,826.2478713006988,0.019370079040527344,211.40718668102767,13029.518020541549,61.84851227708174,160806.13192041256,1.100909090909091,535.2781495367888,0.7002649307250977,211.40718668102767,13029.518020541549,61.84851227708174,160806.13192041256,1.100909090909091,535.2781495367888,0.7407515048980713
vehicle_267,342.18987037085304,18411.56485828366,29.858557089516992,68674.68130588907,1.0461748633879784,507.0587280240632,0.023149490356445312,245.8200076807317,13679.027151308728,20.790825013794525,47818.8975317274,0.9153594771241831,362.7274572851985,0.8145074844360352,262.201752460681,14855.303333989352,22.397382753804123,51513.980333749474,1.0006535947712418,388.3216753257444,0.6114096641540527
vehicle_268,220.08272280553126,11352.113394233049,70.2617604432593,182680.57715247423,1.1122807017543856,585.6676968711031,0.01486659049987793,189.47715492625113,10570.179922804455,56.69482059371575,147406.53354366092,1.1104761904761904,486.99218088925966,0.6120753288269043,184.68688348674542,9907.375724874999,58.09635192710712,151050.51501047853,1.0372549019607842,488.29324095435413,0.620530366897583
vehicle_269,237.05998709180426,13494.28795951998,19.902747446775948,45776.31912758468,0.9729999999999999,350.05213764777284,0.013734102249145508,224.0273094246455,13162.854917248911,18.892733679011293,43453.28746172597,1.0258503401360544,332.4058298091872,0.6867687702178955,237.05998709180426,13494.28795951998,19.902747446775948,45776.31912758468,0.9729999999999999,350.05213764777284,0.5846490859985352
vehicle_270,316.0965256982728,17664.35468447806,27.831725782979923,64012.969300853816,0.9928571428571429,470.0904912318766,0.0172119140625,239.53186170437394,14025.164346472242,19.865172717472877,45689.897250187605,1.0805555555555555,353.55915983242505,0.6476197242736816,252.65500743537126,14530.545839978737,20.92576178174433,48129.252098011966,1.0248538011695907,371.5686170891163,0.5752782821655273
vehicle_271,196.85626778645056,11162.464644624384,16.585634898503102,38146.96026655714,1.0113636363636365,292.9987632661092,0.022420167922973633,188.76689776055085,11155.045714285716,15.709103323279916,36130.937643543795,0.9977777777777778,280.38881596425205,0.6474149227142334,188.76689776055085,11155.045714285716,15.709103323279916,36130.937643543795,0.9977777777777778,280.38881596425205,0.5543854236602783
vehicle_272,293.83666765314894,15904.423630155627,26.210295524516745,60283.6797063885,0.8991071428571429,438.2971121571251,0.01958489418029785,210.65264032143506,12611.492095024088,17.82742525197616,41003.07807954517,0.955128205128205,312.8442408812157,0.5562567710876465,208.74283681693655,12609.266733553803,17.87303020201681,41107.96946463867,0.8693181818181817,310.3037437378563,0.533980131149292
vehicle_273,195.15577902686755,10680.173012563204,62.246728827372344,161841.49495116808,1.0793859649122808,520.1499975385641,0.03539681434631348,192.70575787315687,10274.749932002778,61.37585112704935,159577.21293032827,1.1543859649122807,513.9829703608605,0.5416622161865234,192.68774158417543,10201.834123674314,62.32215866659753,162037.61253315356,0.9477477477477478,516.6098552067724,0.5270435810089111
vehicle_274,194.64388441870082,10700.141880740779,16.86314448998056,38785.23232695529,1.0751937984496125,292.68380648663884,0.02026081085205078,159.7303573195272,9336.943243267142,13.501019237367712,31052.34424594574,1.1020202020202021,240.84925087191976,0.5913383960723877,165.22990039563098,9559.3082005321,13.891829676173524,31951.208255199108,1.0055555555555555,247.39996772109083,0.5431838035583496
vehicle_275,290.0851923980438,14938.5510042362,26.03543651090217,59881.503975074986,1.039622641509434,434.8081988688257,0.01874685287475586,205.72894919536535,10842.246682638703,18.06882925735247,41558.30729191067,1.0357723577235773,309.44255424898535,0.5898151397705078,205.72894919536535,10842.246682638703,18.06882925735247,41558.30729191067,1.0357723577235773,309.44255424898535,0.5530478954315186
vehicle_276,302.2772370875084,15490.88966578239,27.22971550264868,62628.34565609195,1.1952380952380952,454.6812204602945,0.014400482177734375,200.65103596917567,10997.07573848243,17.348569487919097,39901.70982221392,1.222222222222222,302.67084889168297,0.6567761898040771,200.65103596917567,10997.07573848243,17.348569487919097,39901.70982221392,1.222222222222222,302.67084889168297,0.5717198848724365
vehicle_277,285.786500528381,16216.388037957302,23.876260228193374,54915.39852484476,1.001639344262295,419.6887473447367,0.02006244659423828,171.5487916033887,11148.858549202736,13.63556799636737,31361.806391644954,1.0558333333333334,253.3818700711152,0.6288022994995117,173.09937103472123,10924.106778750966,14.125728194176137,32489.17484660512,1.0158333333333334,256.92081944414383,0.5681533813476562
vehicle_278,227.08468952138378,11485.736620227564,20.13963041411016,46321.14995245337,1.0878048780487806,341.85137276693,0.02271747589111328,178.03687844907708,9491.89848646273,15.531316066586289,35722.02695314847,1.122857142857143,269.55866867904183,0.607917070388794,191.4357059281457,9700.236511712681,16.865113121320405,38789.76017903692,1.1153846153846156,289.60962783073626,0.5494780540466309
vehicle_279,219.50202708700178,11816.534096557172,19.0981067938308,43925.64562581084,1.087719298245614,329.1521246209889,0.02011704444885254,219.50202708700178,11816.534096557172,19.0981067938308,43925.64562581084,1.087719298245614,329.1521246209889,0.5062589645385742,217.23945969513122,11718.868485614088,19.26327875783847,44305.54114302849,1.1195833333333334,328.0069280636608,0.489849328994751
vehicle_280,260.86696222514934,14351.668451614649,78.60441270744718,204371.47303936264,1.0970588235294119,668.8461885675724,0.02065443992614746,187.3834354097602,10484.878359013062,57.16338676827971,148624.80559752724,1.05,486.6128354619957,0.6024990081787109,192.70605833432495,10442.299145299146,60.79252065377909,158060.55369982557,1.1045454545454545,510.6147548001469,0.5627717971801758
vehicle_281,155.23744532728753,9920.492985358394,45.75656284359436,118967.06339334534,1.0477477477477477,397.2534295186697,0.027565956115722656,140.82710831826608,9084.090060226554,41.42012178070407,107692.31662983059,0.9157142857142856,359.60821842899225,0.5376150608062744,155.23744532728753,9920.492985358394,45.75656284359436,118967.06339334534,1.0477477477477477,397.2534295186697,0.5150840282440186
vehicle_282,225.2480837599031,12766.665084576161,18.638793405936653,42869.2248336543,0.948888888888889,331.47723553530193,0.013389110565185547,160.75009594564509,9820.921140787372,12.910540740449441,29694.243703033713,1.0,238.03083329811102,0.697831392288208,180.13911729128114,10682.309063697545,15.013205266420986,34530.37211276827,0.9276315789473685,267.44876748610903,0.5863697528839111
vehicle_283,269.42773016425855,14077.700167636975,88.96957429407493,231320.89316459486,1.1854166666666668,730.0402405700879,0.016796350479125977,221.00976159322508,13047.97065727301,68.85034527970876,179010.89772724276,1.1568027210884355,580.4539514963402,0.6126668453216553,221.00976159322508,13047.97065727301,68.85034527970876,179010.89772724276,1.1568027210884355,580.4539514963402,0.5725994110107422
vehicle_284,279.51049168470524,15136.818584616733,24.78712912203896,57010.3969806896,1.0194444444444444,417.8452535684047,0.023856401443481445,213.88610225742192,12161.22185668863,17.51211450629168,40277.86336447087,0.8751851851851851,313.5766438231457,0.6034178733825684,213.88610225742192,12161.22185668863,17.51211450629168,40277.86336447087,0.8751851851851851,313.5766438231457,0.5746903419494629
vehicle_285,137.85176137441056,8332.755522560023,39.79128301037439,103457.33582697343,1.1714285714285715,350.8371164523905,0.022531509399414062,137.85176137441056,8332.755522560023,39.79128301037439,103457.33582697343,1.1714285714285715,350.8371164523905,0.5586185455322266,137.85176137441056,8332.755522560023,39.79128301037439,103457.33582697343,1.1714285714285715,350.8371164523905,0.530925989151001
vehicle_286,209.93409087317335,11601.969231311434,18.396197944793048,42311.255273024,1.1044444444444446,316.1822942725029,0.010759353637695312,196.6114893352931,10796.136058097052,16.77104375208405,38573.40062979331,1.0206349206349206,293.6719839848673,0.6442091464996338,199.6150191543555,10853.40518925519,17.142203921938698,39427.06902045901,1.0280141843971633,298.62101538281377,0.576202392578125
vehicle_287,201.29892307264558,10727.373117222329,63.0882857772977,164029.543020974,1.0407407407407405,530.1275852324366,0.015164375305175781,193.61087798349737,10829.208726922681,60.60223454187714,157565.80980888056,1.0561403508771927,510.1915677369113,0.6063263416290283,193.61087798349737,10829.208726922681,60.60223454187714,157565.80980888056,1.0561403508771927,510.1915677369113,0.5528638362884521
vehicle_288,166.86324527003458,9844.817383977677,50.285012947128905,130741.03366253518,1.2256756756756757,433.27973825798523,0.012598276138305664,151.36963940001252,9486.191182434632,44.03460044323123,114489.96115240119,1.2954545454545454,387.13224017694597,0.6206867694854736,149.34627691301645,9313.831862635658,43.60141089052844,113363.66831537394,1.2484848484848485,382.4253553679059,0.551471471786499
vehicle_289,164.53013009390185,7956.87390198798,56.89643300350426,147930.72580911106,0.9600000000000001,460.8225378619754,0.012514591217041016,143.41750971526997,7502.360904071774,47.51436941243796,123537.3604723387,1.0931034482758621,394.00438040023835,0.6099607944488525,143.41750971526997,7502.360904071774,47.51436941243796,123537.3604723387,1.0931034482758621,394.00438040023835,0.5392029285430908
vehicle_290,158.39030316223446,9246.68480963481,13.83729646315814,31825.781865263718,0.8947154471544716,239.09246350780177,0.009580135345458984,138.17356516092622,8608.602945037419,11.545279924351787,26554.14382600911,0.8119047619047619,206.41029099757648,0.6168198585510254,138.17356516092622,8608.602945037419,11.545279924351787,26554.14382600911,0.8119047619047619,206.41029099757648,0.5661923885345459
vehicle_291,197.86108941240082,12066.05461871462,16.335444525695376,37571.522409099365,1.004,292.92999387940955,0.014256954193115234,132.43799905700328,8364.953918303918,10.708008975951314,24628.420644688023,0.9811111111111113,198.11275335851093,0.5564424991607666,147.22237977220524,9162.94610944611,11.593302169062788,26664.594988844412,0.9559139784946238,217.2932932106449,0.5232851505279541
vehicle_292,200.2861111557422,10580.413837191027,62.806738397756526,163297.51983416695,1.1800000000000002,529.058806988189,0.017778635025024414,158.33992557867953,8648.594901987242,48.19819317061704,125315.30224360431,1.201851851851852,413.75179742305744,0.5380868911743164,158.33992557867953,8648.594901987242,48.19819317061704,125315.30224360431,1.201851851851852,413.75179742305744,0.511009693145752
vehicle_293,261.8744554866659,13942.23186120696,23.11520795037739,53164.97828586799,0.9743333333333334,391.0666707555548,0.014444828033447266,211.13263094986328,11742.970358994107,18.149833658702214,41744.617415015084,0.9884920634920634,315.0286560891267,0.6558091640472412,212.82257389622345,11159.209847551723,19.098955256131386,43927.597089102186,0.9562015503875968,320.9791461939651,0.5847365856170654
vehicle_294,160.57951195755427,9322.745023426609,13.53083538736821,31120.921390946885,1.2000000000000002,242.82334028979162,0.016228914260864258,160.57951195755427,9322.745023426609,13.53083538736821,31120.921390946885,1.2000000000000002,242.82334028979162,0.5508522987365723,159.28378486870469,8976.085807545342,14.349685178878659,33004.27591142091,1.1111111111111112,244.6366790429717,0.5246415138244629
vehicle_295,344.69851607443064,19189.06393757319,29.979810904730467,68953.56508088006,1.0004444444444445,509.9323105807422,0.027722835540771484,267.13550955083554,15764.354579982779,22.13810612247054,50917.644081682236,0.9021857923497268,391.22688547001405,0.611807107925415,267.13550955083554,15764.354579982779,22.13810612247054,50917.644081682236,0.9021857923497268,391.22688547001405,0.5721392631530762
vehicle_296,257.0098466078836,14128.096910093036,22.44732717053746,51628.85249223615,1.069496855345912,383.8659223779448,0.013271808624267578,217.69147605380581,11892.746282372598,18.89575030711218,43460.225706358,1.0450757575757577,325.9245257991167,0.6497228145599365,237.37316707296964,12742.574882121009,20.984309108346068,48263.910949195946,1.1358156028368795,357.1924727769913,0.589019775390625
vehicle_297,268.27809879047646,13997.11666987082,24.207294081722285,55676.77638796126,1.1131578947368421,404.33423611030935,0.02262735366821289,242.24655358537672,12965.612091855239,21.66309726361736,49825.12370631993,1.0200680272108842,364.3642790899766,0.6234488487243652,241.3078329486164,12752.651010779451,21.755524645819317,50037.706685384444,0.9796666666666666,363.4245259029295,0.574021577835083
vehicle_298,73.75884404203337,4838.448132586368,20.48461247690883,53259.99243996296,0.6555555555555556,184.08147535229597,0.009231090545654297,72.56787404882859,5375.089956059698,19.265201169200235,50089.52303992061,0.6947368421052631,177.3343288592323,0.5830824375152588,72.56787404882859,5375.089956059698,19.265201169200235,50089.52303992061,0.6947368421052631,177.3343288592323,0.520723819732666
vehicle_299,173.55422819914867,9214.620227766947,15.652765409544006,36001.36044195122,1.2838709677419353,267.2163816542233,0.016020536422729492,160.4915344530066,8484.821161697137,14.239513314862867,32750.880624184596,1.2546875,246.59287079445903,0.617337703704834,173.55422819914867,9214.620227766947,15.652765409544006,36001.36044195122,1.2838709677419353,267.2163816542233,0.6456632614135742
vehicle_300,88.01495531194877,5548.071058521833,7.375864488952722,16964.48832459126,1.1411764705882352,137.8471733121841,0.019907236099243164,85.06824996832336,5345.074619390256,7.2139192488851664,16592.01427243588,1.0555555555555556,133.17814471813537,0.6074097156524658,85.06824996832336,5345.074619390256,7.2139192488851664,16592.01427243588,1.0555555555555556,133.17814471813537,0.5521399974822998
vehicle_301,165.35894868102434,9676.848559415497,13.872987190144297,31907.87053733189,1.04009009009009,247.81279902137328,0.017621278762817383,164.77449718083628,9469.663766788768,13.887290219517645,31940.76750489059,1.0425925925925927,247.26733636179173,0.6153864860534668,177.77033577791744,9547.294143524095,15.405686568386063,35433.079107287944,1.044298245614035,267.893777226967,0.5971012115478516
vehicle_302,261.1100357342316,15166.396509510818,21.249453919896524,48873.74401576201,0.8666666666666666,380.23685991968944,0.015137672424316406,208.15109936647423,11678.596348829276,17.727598155908733,40773.475758590095,0.9101449275362319,309.1345939627217,0.6592998504638672,208.15109936647423,11678.596348829276,17.727598155908733,40773.475758590095,0.9101449275362319,309.1345939627217,0.5766146183013916
vehicle_303,110.45182207320073,6533.975757575757,8.90415049099253,20479.546129282815,1.0952380952380953,167.7399487465376,0.009092569351196289,165.18042021496288,8428.870263663786,14.323292195101079,32943.57204873248,1.0466666666666666,249.60490070815266,0.6100029945373535,191.35585515124558,9565.004621814967,16.76662589037135,38563.239547854115,1.0484848484848486,288.33077881623274,0.5474839210510254
vehicle_304,256.85086941526095,13416.019368950709,22.96611715124743,52822.069447869086,1.0326388888888889,385.73451610731775,0.013552427291870117,188.543689718203,11053.688310403628,16.247302511885174,37368.79577733591,1.0454166666666667,283.30483791940765,0.6456618309020996,195.29950973174218,10240.491853100844,17.609064376649318,40500.84806629343,0.9613821138211384,295.80323382350593,0.5795366764068604
vehicle_305,163.7402294762543,9040.888558353328,13.81114997645345,31765.644945842934,1.1265625,246.57296229139752,0.011595010757446289,168.08420514733518,9583.509986924755,13.80324464174366,31747.46267601042,1.1578125,251.34063946353257,0.5054347515106201,174.99095542414202,9865.08982552535,14.602263045635533,33585.205004961725,1.1147058823529412,261.88963220516166,0.537358283996582
vehicle_306,183.07834695537235,9802.201649669216,16.3387473038656,37579.11879889088,1.059009009009009,278.0850073563652,0.01678299903869629,183.07834695537235,9802.201649669216,16.3387473038656,37579.11879889088,1.059009009009009,278.0850073563652,0.552478551864624,189.54093800421361,10231.006289473857,16.886911368139526,38839.89614672091,1.1117886178861787,287.93532721529357,0.5327854156494141
vehicle_307,140.53266972464212,7898.18166874567,43.89208854882769,114119.43022695198,1.0423076923076922,372.61012874428684,0.01974320411682129,132.87858494023763,7101.303596230158,42.261489064990165,109879.87156897443,0.9791666666666666,355.95028126414127,0.5886142253875732,132.87858494023763,7101.303596230158,42.261489064990165,109879.87156897443,0.9791666666666666,355.95028126414127,0.5428922176361084
vehicle_308,13.434546568469422,1350.5,1.1193998937936616,2574.6197557254222,0.4,23.40668492632662,0.004091024398803711,188.52292111622367,11049.047911376687,15.864428669700036,36488.18594031009,0.9078947368421053,279.9931918085273,0.5223209857940674,195.8950877164621,11258.260197575884,17.21496246411175,39594.41366745702,0.9690476190476192,294.78767072682365,0.5545299053192139
vehicle_309,262.338346643769,13648.547729806698,23.713228069897916,54540.42456076521,1.1606666666666667,396.3024169182049,0.01738739013671875,225.8899397014012,12432.590131745446,19.788831362219486,45514.31213310482,1.096376811594203,339.25136188725884,0.597419023513794,228.4206547401615,12622.163825061481,19.806572414476822,45555.11655329668,1.1774074074074075,342.7337475046923,0.559899091720581
vehicle_310,238.15577807482677,12961.109231277924,73.39216016860016,190819.6164383604,0.9874074074074073,618.5909611117011,0.019120454788208008,221.66114541771958,11228.090269487691,71.63674980721233,186255.54949875205,0.9508333333333333,592.472141750861,0.6080913543701172,222.9705551405524,11122.87224947405,72.7673645266039,189195.14776917011,0.9912698412698411,599.8097629222353,0.5958921909332275
vehicle_311,295.7649485645791,16306.898530788687,25.78684453787525,59309.74243711308,0.9482456140350878,438.7113214306364,0.015191078186035156,223.5416272104882,12926.004065369316,18.808098487344875,43258.626520893224,0.8717687074829933,329.8903634068673,0.6625170707702637,232.27617366173246,13297.991692268302,20.08348345767923,46192.01195266224,0.9103703703703704,345.49118123501796,0.5788004398345947
vehicle_312,287.7743593995554,15930.621162229378,86.84354839230531,225793.22581999376,1.2541666666666667,738.9589405728124,0.01865363121032715,180.358963897151,10436.049205533938,54.094377630592696,140645.38183954102,1.23125,466.0422546072072,0.5973420143127441,178.85582397974923,10332.54564803533,54.18012871945743,140868.33467058933,1.2312500000000002,464.93911914593514,0.544086217880249
vehicle_313,176.46907129768078,10447.133631562641,14.897083558340185,34263.29218418242,0.7333333333333333,261.18980398703803,0.014646530151367188,132.04484823488679,8032.280082567492,10.844784131989721,24943.003503576358,0.5172413793103449,193.67237159976315,0.5706033706665039,132.04484823488679,8032.280082567492,10.844784131989721,24943.003503576358,0.5172413793103449,193.67237159976315,0.5769643783569336
vehicle_314,123.34089934741175,7443.960395421571,10.544953297393386,24253.39258400479,1.0095238095238097,188.22867070612276,0.029148578643798828,121.61366592009571,7254.623054399545,10.075420165498,23173.4663806454,1.0567901234567902,184.57384105282017,0.5437419414520264,121.61366592009571,7254.623054399545,10.075420165498,23173.4663806454,1.0567901234567902,184.57384105282017,0.5409905910491943
vehicle_315,248.80854811803553,13010.474631719082,22.196380414714962,51051.67495384442,1.1378378378378378,374.78284930102177,0.012694120407104492,183.68647786170646,10041.10728067555,16.282466599118695,37449.673177973,1.025925925925926,278.1472665834135,0.6325297355651855,191.09825372919877,9837.601628241742,17.49050475366112,40228.16093342058,1.0310344827586206,291.5937894440466,0.602360725402832
vehicle_316,306.19661349795655,17023.71599746393,95.07191527834382,247186.97972369398,1.0591666666666668,796.8766665556378,0.017683029174804688,258.72207182652664,15597.895680372932,75.86542701702871,197250.11024427466,0.9885964912280703,652.2679206240546,0.6814491748809814,258.72207182652664,15597.895680372932,75.86542701702871,197250.11024427466,0.9885964912280703,652.2679206240546,0.6045188903808594
vehicle_317,342.32205812601904,17808.311130640224,107.99588931925098,280789.31223005254,1.0737373737373739,897.9856315514921,0.017719745635986328,246.88553924722154,14362.882677507676,74.58223178464112,193913.8026400669,1.0425925925925925,634.2123137289941,0.605086088180542,251.95147343195978,14226.921324738063,79.3984105281464,206435.86737318066,1.0382513661202184,663.277962324099,0.5615580081939697
vehicle_318,217.6790067802278,12252.251965817672,18.447502264136094,42429.255207513015,1.113888888888889,324.4588103136354,0.020855426788330078,210.36157780232503,11776.309169302864,17.63851144191809,40568.57631641162,1.2004065040650407,313.8293970440389,0.6106278896331787,210.36157780232503,11776.309169302864,17.63851144191809,40568.57631641162,1.2004065040650407,313.8293970440389,0.5627689361572266
vehicle_319,351.26147040691114,19421.261059604483,30.357342799713226,69821.88843934042,0.9798245614035088,518.2412247582913,0.018044233322143555,243.9587494813762,14218.14108881651,20.80030122214393,47840.69281093103,0.9794642857142859,361.70438208502105,0.6543705463409424,243.9587494813762,14218.14108881651,20.80030122214393,47840.69281093103,0.9794642857142859,361.70438208502105,0.5993099212646484
vehicle_320,233.78728284265546,13092.544068892345,20.312754542570254,46719.33544791158,1.1,349.9878733524213,0.014752864837646484,186.6892693703858,10584.498043290383,16.510515857570137,37974.186472411304,1.1944444444444446,284.1264314480394,0.684168815612793,186.6892693703858,10584.498043290383,16.510515857570137,37974.186472411304,1.1944444444444446,284.1264314480394,0.6691234111785889
vehicle_321,226.45717395212438,12529.738638895451,19.454333115982084,44744.966166758786,0.9302325581395351,336.5116480686789,0.020554065704345703,203.34001982705004,11125.059546714034,17.41297285280497,40049.83756145143,0.9488372093023257,302.98355050262984,0.6447546482086182,203.34001982705004,11125.059546714034,17.41297285280497,40049.83756145143,0.9488372093023257,302.98355050262984,0.6984546184539795
vehicle_322,350.20249999958554,19973.58895202521,30.00353985993636,69008.14167785362,0.9757028112449799,515.5254465650575,0.018663644790649414,232.58910350243386,13517.595318714079,19.37007880455605,44551.18125047891,0.8091194968553459,341.28558008229925,0.684624195098877,246.86434719358118,14358.216747285505,20.866479344000087,47992.9024912002,0.8330303030303031,363.5154404847973,0.6074035167694092
vehicle_323,155.4087046309577,8257.901899680124,13.407358887943532,30836.92544227013,0.9816666666666667,234.55602737614203,0.025481700897216797,155.4087046309577,8257.901899680124,13.407358887943532,30836.92544227013,0.9816666666666667,234.55602737614203,0.5181028842926025,155.4087046309577,8257.901899680124,13.407358887943532,30836.92544227013,0.9816666666666667,234.55602737614203,0.5152883529663086
vehicle_324,217.8319371057088,11424.856124230739,67.69311077874978,176002.08802474945,0.9090909090909091,568.5619712359864,0.012125730514526367,151.25269103457714,8914.843794282004,44.3912634506252,115417.28497162552,1.0285714285714285,385.9710680718291,0.6522374153137207,151.25269103457714,8914.843794282004,44.3912634506252,115417.28497162552,1.0285714285714285,385.9710680718291,0.578709602355957
vehicle_325,162.43651661426634,9082.063512058765,51.24248724362087,133230.46683341428,1.1935483870967742,433.1072321233548,0.026109695434570312,162.43651661426634,9082.063512058765,51.24248724362087,133230.46683341428,1.1935483870967742,433.1072321233548,0.5559237003326416,162.43651661426634,9082.063512058765,51.24248724362087,133230.46683341428,1.1935483870967742,433.1072321233548,0.5267643928527832
vehicle_326,316.1381344194165,18433.41882592879,95.86799483701344,249256.786576235,1.1053140096618357,811.6516428194155,0.015358924865722656,283.65769442397993,16533.903235500697,84.99676600114043,220991.5916029651,1.0918079096045197,724.1523544244774,0.6623144149780273,313.5254691302895,17798.741206634575,94.87955716175712,246686.84862056846,0.9403381642512076,802.2707313612079,0.5986373424530029
vehicle_327,148.78125992114497,8151.927941377754,12.915162213697897,29704.873091505164,1.1328125,226.94962041779493,0.013283967971801758,145.89449071735208,8142.640290036687,12.589852811479854,28956.661466403664,1.2094444444444443,223.20004374420597,0.5824127197265625,148.78125992114497,8151.927941377754,12.915162213697897,29704.873091505164,1.1328125,226.94962041779493,0.5416600704193115
vehicle_328,291.0356193704151,14546.214251173846,26.398155567240405,60715.75780465295,1.1572463768115941,438.63947604450357,0.019526243209838867,209.85442407081612,11192.269532055247,18.64125935803123,42874.896523471834,1.0496124031007752,316.6658086508843,0.5944576263427734,215.21305026151026,11509.684855038578,19.004439259600847,43710.210297081954,0.9560975609756096,322.99335685122577,0.553826093673706
vehicle_329,123.3829781246038,7644.67609210535,10.243851114847978,23560.857564150352,1.1376344086021504,188.10209892156112,0.014908075332641602,123.3829781246038,7644.67609210535,10.243851114847978,23560.857564150352,1.1376344086021504,188.10209892156112,0.5843167304992676,123.3829781246038,7644.67609210535,10.243851114847978,23560.857564150352,1.1376344086021504,188.10209892156112,0.5400896072387695
vehicle_330,293.8411840932326,16219.734829059827,25.621204451800157,58928.770239140365,1.0204301075268818,436.6569893244632,0.01869797706604004,239.51514890268405,13251.368175343177,20.08008190225008,46184.18837517517,1.0439716312056737,354.0362103302532,0.6031451225280762,235.38022467260686,12912.855158730157,20.84744484070108,47949.12313361249,1.0095238095238095,353.29959118210877,0.5647156238555908
vehicle_331,152.31909179128556,7271.694444807049,14.747781778440569,33919.898090413306,1.036111111111111,238.43902691815703,0.016567707061767578,152.31909179128556,7271.694444807049,14.747781778440569,33919.898090413306,1.036111111111111,238.43902691815703,0.4787931442260742,155.7106754113713,7436.993582213806,15.025889008189026,34559.54471883476,0.9786666666666666,242.69261866959806,0.5310792922973633
vehicle_332,204.81667903888547,12104.168925131215,16.909506305048872,38891.86450161242,1.156410256410256,304.2905822741022,0.02373027801513672,163.17035602764682,9520.473494015092,13.696620529396823,31502.227217612693,0.9277777777777777,243.57581242296845,0.6643557548522949,163.17035602764682,9520.473494015092,13.696620529396823,31502.227217612693,0.9277777777777777,243.57581242296845,0.43235325813293457
vehicle_333,241.03842090269373,12935.80987041872,21.185338260783258,48726.27799980149,1.1372093023255814,361.93048574942657,0.009288311004638672,198.28842848464913,11170.20193200456,17.027188160901257,39162.53277007289,1.144736842105263,297.97457158020933,0.3301370143890381,203.92918562376755,11227.586083227145,17.967056609011806,41324.230200727136,1.1875000000000002,308.7582425808341,0.37128186225891113
vehicle_334,179.44527069986688,10709.75168408135,15.303774599575688,35198.68157902408,0.9257142857142857,268.1962175782441,0.01467585563659668,154.96720578271265,9369.416818434314,12.451865277466739,28639.290138173496,0.848529411764706,228.31444207059184,0.35495615005493164,154.96720578271265,9369.416818434314,12.451865277466739,28639.290138173496,0.848529411764706,228.31444207059184,0.3234543800354004
vehicle_335,302.1018518524367,16618.178088158722,26.172653808210914,60197.103758885096,1.0499999999999998,448.08128147353534,0.009718894958496094,228.54722674289795,13104.82520589386,19.276361109127592,44335.630550993454,0.9680851063829788,338.2501125762251,0.44271135330200195,228.54722674289795,13104.82520589386,19.276361109127592,44335.630550993454,0.9680851063829788,338.2501125762251,0.7436323165893555
vehicle_336,348.65366629520264,17603.456029293375,113.22316331500885,294380.22461902304,1.0592039800995026,930.2513715682679,0.018543243408203125,222.5894192482836,12331.45165068688,67.82043833357446,176333.13966729352,1.0920454545454545,576.0374686979123,0.8366556167602539,223.07344458105862,12038.489945286017,72.40155130885096,188244.03340301244,1.1087301587301586,599.5125276974167,0.6579604148864746
vehicle_337,237.64365744113246,12735.478785367743,21.252021886362066,48879.65033863276,1.0595833333333333,358.0372332022116,0.018703937530517578,158.1283255141002,8989.054284438136,13.718077819980781,31551.578985955788,1.0833333333333333,240.0490074707925,0.6681861877441406,158.1283255141002,8989.054284438136,13.718077819980781,31551.578985955788,1.0833333333333333,240.0490074707925,0.6368601322174072
vehicle_338,344.26859731664723,17408.326998033663,108.31655252447193,281623.03656362696,1.1071428571428572,901.7584348987781,0.01575446128845215,267.2172950443846,14161.083280706356,81.74965946178988,212549.11460065364,1.0910256410256411,690.809483008231,0.7122929096221924,267.2172950443846,14161.083280706356,81.74965946178988,212549.11460065364,1.0910256410256411,690.809483008231,0.6651043891906738
vehicle_339,299.75469192059205,15972.299585434354,94.2258487088603,244987.2066430368,1.069811320754717,786.0187985572836,0.017167329788208008,209.74625144653027,11334.759712089819,65.95058242840432,171471.51431385122,0.961904761904762,552.2667555720689,0.7791221141815186,209.74625144653027,11334.759712089819,65.95058242840432,171471.51431385122,0.961904761904762,552.2667555720689,0.7581291198730469
vehicle_340,222.5360537762545,12776.337984773509,66.28831676545933,172349.6235901943,0.965925925925926,567.1858796363587,0.031325340270996094,215.90038040827542,12451.955466898627,64.41084174167467,167468.18852835413,0.9631782945736433,551.0452485809682,0.7530574798583984,222.5360537762545,12776.337984773509,66.28831676545933,172349.6235901943,0.965925925925926,567.1858796363587,0.7487223148345947
vehicle_341,356.5005140181909,18120.89703186164,114.29952073048884,297178.75389927096,1.0510256410256409,943.5419565897421,0.044953346252441406,231.9429337534872,13809.588576292794,70.11071809384127,182287.86704398735,1.0330459770114941,596.6629808195565,0.8976099491119385,271.92365777175155,15287.989814985813,83.74706804370291,217742.37691362755,1.1056547619047619,705.9622094468098,0.7729201316833496
vehicle_342,310.9477037509835,15388.23197662256,101.23722163010987,263216.77623828565,1.1239766081871345,832.6480868657993,0.022211074829101562,214.63460118619574,11755.439578587328,66.37037645940183,172562.9787944448,1.109782608695652,560.8497094531024,0.5783505439758301,214.63460118619574,11755.439578587328,66.37037645940183,172562.9787944448,1.109782608695652,560.8497094531024,0.33133625984191895
vehicle_343,265.7016979685168,14188.34392124194,24.075504251976476,55373.65977954589,0.9166666666666665,399.18709253985526,0.019824981689453125,245.95591594801658,14240.518495396827,20.562205931641603,47293.07364277568,0.9267295597484275,361.98994078576357,0.3703434467315674,252.040805102238,13966.014639238567,22.030208066220357,50669.47855230683,0.9506410256410256,375.5777042006497,0.30672526359558105
vehicle_344,249.16154967629177,13488.814633317661,21.364939402677784,49139.3606261589,1.1583333333333334,371.3164729767134,0.01080322265625,181.47206105908845,10528.009358189951,15.123906230626787,34784.98433044161,1.1367647058823531,271.3836863149876,0.3686254024505615,187.7251245204421,10710.619709946013,15.837068337563727,36425.25717639657,1.1069444444444447,280.9550827943569,0.6036422252655029
vehicle_345,208.28862029571155,12068.101122339063,65.4653096027399,170209.80496712372,1.0910852713178296,549.8782713343502,0.02493453025817871,186.97894445825307,11404.990642722152,55.20826664538961,143541.49327801293,1.2401709401709402,478.5900400432222,0.7584378719329834,186.97894445825307,11404.990642722152,55.20826664538961,143541.49327801293,1.2401709401709402,478.5900400432222,0.7106051445007324
vehicle_346,258.48860683747466,15006.462281668262,78.14860841802184,203186.38188685683,1.1098039215686273,664.498149888178,0.02592158317565918,205.19126841251446,11671.258747449569,65.03234246634169,169084.09041248844,1.146341463414634,545.0584116971052,0.6373155117034912,205.19126841251446,11671.258747449569,65.03234246634169,169084.09041248844,1.146341463414634,545.0584116971052,0.6056737899780273
vehicle_347,60.8835763259978,5159.468092691622,4.540336749591574,10442.77452406062,1.1157894736842104,96.17634039210101,0.006793975830078125,137.7815309242871,9106.223836016945,11.144650084827633,25632.69519510356,0.925,205.28428796954108,0.5895626544952393,137.7815309242871,9106.223836016945,11.144650084827633,25632.69519510356,0.925,205.28428796954108,0.6073133945465088
vehicle_348,191.00866074916053,11342.828225368561,15.545274475676583,35754.13129405614,1.0683760683760684,282.56957942946207,0.01762557029724121,172.72489442520634,10078.701846450864,14.19895015559259,32657.58535786295,1.0147619047619048,256.66690365258023,0.7239413261413574,172.30760302141547,9789.896755096752,14.582025039654972,33538.657591206436,1.037719298245614,258.31433696745114,0.7151315212249756
vehicle_349,286.78950949904225,16673.565406324204,86.30744791497042,224399.36457892312,1.0104761904761905,733.0630569248575,0.01947307586669922,206.14138840009076,12220.150232609036,60.58802048520852,157528.85326154213,0.9967320261437909,522.443297263296,0.8005423545837402,199.44951588635885,11437.426601168008,60.988177071450565,158569.26038577146,1.0836879432624114,518.4043436210046,0.6428463459014893
vehicle_350,187.6961848633138,10031.324013534359,58.93010802551067,153218.28086632772,1.0635135135135136,495.76833901865075,0.01783156394958496,165.16931399263564,9859.583315986943,48.895651230547166,127128.69319942263,1.2030303030303031,424.4166463190042,0.7189686298370361,170.14649022885064,9861.353198653198,51.36017258037059,133536.44870896352,1.1545454545454543,441.2320724535618,0.6842825412750244
vehicle_351,186.88666745674416,10408.091303619753,16.001429566513096,36803.288002980116,0.875,278.53495176253733,0.015305757522583008,149.22107449958176,8824.01601118858,12.398511457162073,28516.57635147277,0.753125,221.19599734405563,0.8939352035522461,155.5050207835484,8751.706487379055,13.313492188151118,30621.032032747567,0.7505050505050505,232.00856180918197,0.8189120292663574
vehicle_352,232.40967390451274,13234.335047384104,20.01601024023421,46036.82355253868,0.9916666666666667,346.08259595217936,0.021170616149902344,155.92968581090497,10175.347849908374,12.792497853177192,29422.745062307535,0.9038461538461539,231.75712212911594,0.7194206714630127,155.92968581090497,10175.347849908374,12.792497853177192,29422.745062307535,0.9038461538461539,231.75712212911594,0.6742572784423828
vehicle_353,149.0545963839519,7843.150837238023,13.294341331063457,30576.985061445946,1.3155172413793104,230.8601284634062,0.022824525833129883,148.70325453891812,7936.228615015801,13.014977000726235,29934.447101670336,1.3224137931034483,229.20678542219926,0.6877784729003906,148.70325453891812,7936.228615015801,13.014977000726235,29934.447101670336,1.3224137931034483,229.20678542219926,0.7115738391876221
vehicle_354,133.12995547330266,8101.774762146162,39.57202369323487,102887.26160241065,1.0091954022988507,343.3325209519506,0.026050806045532227,124.996419925773,7605.551717767295,36.88760864986714,95907.78248965458,1.0854166666666667,322.4012830967107,0.7971489429473877,124.996419925773,7605.551717767295,36.88760864986714,95907.78248965458,1.0854166666666667,322.4012830967107,0.6375975608825684
vehicle_355,264.0330367425726,15120.222439592624,77.9751900164378,202735.49404273828,0.87,666.8090486135372,0.021202564239501953,171.82289146815114,11375.674981578704,49.76624523390785,129392.23760816043,0.8885714285714285,432.69974164050984,0.8530008792877197,178.7260044149762,10913.38418733914,51.172215213982284,133047.75955635397,0.9341463414634146,446.96003950711594,0.7272336483001709
vehicle_356,85.6018771767705,5869.021708683474,6.734291953101431,15488.871492133292,0.9442028985507246,130.34564973575254,0.022027015686035156,85.6018771767705,5869.021708683474,6.734291953101431,15488.871492133292,0.9442028985507246,130.34564973575254,0.5495994091033936,85.6018771767705,5869.021708683474,6.734291953101431,15488.871492133292,0.9442028985507246,130.34564973575254,0.63096022605896
vehicle_357,225.02657411095205,12620.73558794147,70.29627815969768,182770.32321521395,1.0046666666666666,590.0603914616464,0.01691126823425293,200.15165172238872,12082.550403752899,60.475858700587146,157237.23262152652,1.0811111111111111,516.698320337478,0.6948494911193848,200.15165172238872,12082.550403752899,60.475858700587146,157237.23262152652,1.0811111111111111,516.698320337478,0.6701574325561523
vehicle_358,210.01942105137178,11832.570737506225,65.97206916205994,171527.37982135583,1.0106060606060605,553.2726526725949,0.014241456985473633,187.10301345098443,10775.87922867037,56.698625927198144,147416.42741071514,1.0685185185185184,484.27462805790213,0.7953040599822998,187.10301345098443,10775.87922867037,56.698625927198144,147416.42741071514,1.0685185185185184,484.27462805790213,0.6618006229400635
vehicle_359,158.70320981356338,9216.029603993258,13.79848965666044,31736.526210319007,0.9783333333333333,240.03899965353037,0.02165818214416504,141.47688756661245,8598.381856371681,11.813072924621217,27170.0677266288,0.9442307692307692,212.3729992865739,0.6614923477172852,147.43265199157085,9055.59765578857,12.409036131044505,28540.78310140236,1.0125,222.11827644006797,0.6511824131011963
vehicle_360,245.857951039969,13356.044218559218,21.522849935930637,49502.55485264045,1.058805031446541,367.77026331702075,0.03709220886230469,236.41709686687437,13754.261826136826,19.873669909216428,45709.440791197776,1.0785714285714285,350.3917889837088,0.7741596698760986,236.41709686687437,13754.261826136826,19.873669909216428,45709.440791197776,1.0785714285714285,350.3917889837088,0.8493132591247559
vehicle_361,336.33856030383146,17515.41549093509,30.158300454939305,69364.0910463604,0.9686111111111111,501.68156688156546,0.027621984481811523,221.7214566191335,13638.512330610074,18.07938834440039,41582.5931921209,0.9411764705882353,325.3186386944095,1.641209602355957,234.25116229498602,13534.889041677276,19.65424689198573,45204.76785156717,0.9552287581699347,345.8343757370799,1.1160483360290527
vehicle_362,316.65235721015796,17236.169596842716,28.281469997038272,65047.38099318804,1.1333333333333333,474.1808654166945,0.040183067321777344,235.47113487740418,13888.500527272845,20.318094454948948,46731.61724638258,1.0694444444444444,351.61396840972475,0.8960793018341064,232.65017004537873,13293.885746758977,20.515124152339297,47184.78555038039,1.0361111111111112,349.27964795895275,0.8496108055114746
vehicle_363,341.66490376713153,17503.164969823883,106.62680506371336,277229.6931656548,0.9792929292929292,889.4538486480232,0.015045881271362305,261.7106362381195,13732.169745976274,82.66802886572208,214936.8750508773,0.9415151515151516,688.2804236779859,0.6089215278625488,292.1405573251569,14432.068961902225,93.68464328811025,243580.07254908668,0.9604166666666666,774.1768484773477,0.5348541736602783
vehicle_364,296.8819703257929,16506.885019740243,25.41411194315856,58452.457469264686,0.9163888888888889,437.7016647692913,0.014979124069213867,280.5815186642693,15425.99311965785,24.419736219971156,56165.393305933656,0.9760233918128655,416.7254317710476,0.6348867416381836,295.92661078399004,16299.3368041365,25.849876887644253,59454.716841581794,0.9663888888888887,439.3674776678048,0.8835146427154541
vehicle_365,167.0975428660131,9965.197408368786,14.002484541170272,32205.714444691628,0.9533333333333334,249.41140929641136,0.028873682022094727,125.88112158380413,7969.022929672814,10.06296568960554,23144.821086092743,1.0333333333333334,188.74290084562983,0.8512020111083984,125.88112158380413,7969.022929672814,10.06296568960554,23144.821086092743,1.0333333333333334,188.74290084562983,0.8209395408630371
vehicle_366,193.50895801609053,11701.431666666667,16.637370072752855,38265.951167331565,1.1322222222222222,291.2684282872622,0.01721930503845215,155.67985539082895,8617.885714285714,13.914227669979631,32002.72364095315,1.0693548387096774,238.338399270681,0.9315757751464844,155.67985539082895,8617.885714285714,13.914227669979631,32002.72364095315,1.0693548387096774,238.338399270681,0.897951602935791
vehicle_367,307.2335930445417,16866.478884877328,97.32557324960008,253046.49044896025,1.0968253968253967,809.5148462843731,0.024313688278198242,210.2792330938382,12962.130731721883,62.35063801991335,162111.6588517747,1.1516666666666666,537.1496817299943,1.1530170440673828,211.9651609480214,12651.854526220046,64.09585193940433,166649.21504245128,1.1024305555555556,546.9831302356597,0.9982693195343018
vehicle_368,174.99019063495277,9355.790659567674,55.83170044774306,145162.42116413193,1.0086021505376346,466.83354511781323,0.02319478988647461,152.1716814404938,8296.08418970966,46.85633655515626,121826.47504340629,0.9413978494623657,398.1718105413737,0.8917438983917236,152.1716814404938,8296.08418970966,46.85633655515626,121826.47504340629,0.9413978494623657,398.1718105413737,0.9141354560852051
vehicle_369,324.50916431616736,15078.746012655089,111.12743069533374,288931.3198078677,0.9922222222222221,894.2570805741291,0.01909351348876953,217.89024829983583,10841.407251082252,72.76695381092905,189194.07990841553,1.0715447154471545,595.4519665231421,1.0554068088531494,218.4568654650326,10729.592507492507,72.92544978495705,189606.16944088842,0.9238636363636363,595.3031931166465,0.8944458961486816
vehicle_370,288.737971808507,15158.449515062393,91.3215724038142,237436.08824991694,0.9397435897435897,758.9539501458646,0.025902509689331055,218.85681376459448,11913.522220524574,68.53971507997899,178203.2592079454,0.9867424242424242,574.7321251348371,0.9088482856750488,218.85681376459448,11913.522220524574,68.53971507997899,178203.2592079454,0.9867424242424242,574.7321251348371,0.8146297931671143
vehicle_371,292.9959270797615,15992.367969882882,25.179077080642063,57911.87728547673,1.118032786885246,434.51396478790286,0.02466607093811035,211.64513108250412,11910.283012966293,17.956857081802887,41300.77128814664,1.0982993197278912,315.72082163684365,1.1249799728393555,210.13719006034358,12014.534252542582,17.830535003126208,41010.230507190274,1.0666666666666667,313.2939023683476,0.9656274318695068
vehicle_372,150.85848136090496,9452.118993089163,12.534025175293971,28828.25790317613,0.9235294117647058,225.38948996421328,0.024939298629760742,142.5635849648077,9525.163755555777,11.339513711185916,26080.881535727603,0.9212121212121213,211.11915355384622,0.9628257751464844,151.88575594135085,9835.216581423432,12.447480689655556,28629.20558620778,0.92,226.05516399557956,0.8725059032440186
vehicle_373,270.8436969405235,15180.643897163876,84.69078428960223,220196.03915296585,0.9555555555555556,708.0700194710802,0.020556926727294922,188.52607329343715,12083.21012157825,55.35406914249949,143920.5797704987,0.9920454545454546,478.5733208073831,1.0662224292755127,188.52607329343715,12083.21012157825,55.35406914249949,143920.5797704987,0.9920454545454546,478.5733208073831,0.8227019309997559
vehicle_374,237.62035382552196,12078.11046373828,77.03386617386084,200288.05205203817,0.9797619047619046,635.942334426817,0.021577835083007812,237.11985478350311,12202.203575908388,74.82644866754279,194548.76653561118,0.9766666666666666,624.4082657811916,0.6629352569580078,237.11985478350311,12202.203575908388,74.82644866754279,194548.76653561118,0.9766666666666666,624.4082657811916,0.6001203060150146
vehicle_375,235.6134539009279,14014.055580982573,70.64298320724538,183671.75633883793,0.9811320754716981,602.5324839088114,0.013594388961791992,168.96442756861583,10111.28618704318,49.93483415696893,129830.56880811922,0.9702702702702702,431.1499916636752,0.7569692134857178,168.96442756861583,10111.28618704318,49.93483415696893,129830.56880811922,0.9702702702702702,431.1499916636752,0.6794803142547607
vehicle_376,262.60883451733537,14587.520521962737,22.537484443246218,51836.21421946631,1.120679012345679,390.5551358909018,0.015756607055664062,169.44263471700813,10056.776748768474,13.944151138758798,32071.547619145236,1.184234234234234,253.79928185002458,0.7709989547729492,169.00565797220526,9543.800728118375,14.854587511633351,34165.55127675671,1.1936936936936937,257.86658822511964,0.7689144611358643
vehicle_377,166.09765546788196,8878.940498366468,14.739012149237855,33899.72794324705,0.9702702702702702,251.9617912774313,0.01893472671508789,158.07865535354483,8350.666688842659,13.96708877697602,32124.304187044843,0.9872549019607842,240.1062778938224,0.7170908451080322,158.07865535354483,8350.666688842659,13.96708877697602,32124.304187044843,0.9872549019607842,240.1062778938224,0.6665096282958984
vehicle_378,2.965198043855658,268.3333333333333,0.2075638630698961,477.39688506076106,2.0,24.077554396242174,0.004097700119018555,178.3277210672637,9210.15295270519,16.032503063969656,36874.75704713022,1.0380208333333334,271.4288205406412,0.6054019927978516,170.88419654318818,8991.31163325256,15.518328296037815,35692.155080886965,1.0473958333333333,261.447382921503,0.6445372104644775
vehicle_379,29.10861568296387,2759.2619047619046,2.2166344294657523,5098.25918777123,0.6,46.95824947050427,0.005432844161987305,195.05404937644636,12320.96446973944,16.138842225936994,37119.33711965509,0.8287878787878789,287.45862942449327,0.6187191009521484,197.69628974938297,12706.393212297951,16.17435080462341,37201.006850633836,0.8385185185185186,290.48278262776796,0.5960423946380615
vehicle_380,176.80085884896502,10012.168102425201,14.996050870553237,34490.91700227244,1.0303030303030303,264.86530131099073,0.01639413833618164,132.888305807523,8148.668922511532,11.027890287419831,25364.147661065617,1.0814814814814815,201.10609120457906,0.6201128959655762,132.888305807523,8148.668922511532,11.027890287419831,25364.147661065617,1.0814814814814815,201.10609120457906,0.6287519931793213
vehicle_381,265.4173127421221,13977.188494150203,23.463259248153022,53965.496270751944,1.0466049382716047,397.0822107250894,0.02288222312927246,185.17963982794407,10902.700683541809,15.494227711183376,35636.72373572177,1.096212121212121,276.64142756363265,0.7913463115692139,185.8043784482276,10628.613537274558,15.672801662049759,36047.44382271444,0.9837606837606836,276.95838624532615,0.7258603572845459
vehicle_382,194.7285429132037,10689.604621215029,17.379162134816994,39972.072910079085,0.8125,292.71868820429285,0.020760297775268555,182.58430486359177,10774.022633147219,14.909898167340765,34292.76578488375,1.0162162162162163,270.2887419272209,0.7927241325378418,174.1612467912022,9594.612651462236,15.253009257605292,35081.921292492174,0.8841463414634146,261.93292667482456,0.9662084579467773
vehicle_383,238.8505490021848,12742.560263034788,21.23022145470096,48829.5093458122,1.1544444444444446,360.0857007931993,0.023839712142944336,176.37069751340388,10281.32351243644,14.491505554333894,33330.462774967964,1.1064102564102565,262.748251047075,0.9751639366149902,176.37069751340388,10281.32351243644,14.491505554333894,33330.462774967964,1.1064102564102565,262.748251047075,0.6807734966278076
vehicle_384,90.48022735141697,5558.672981807466,25.947070195025333,67462.38250706586,1.0862745098039217,232.6223992528627,0.03570985794067383,86.05044449459241,5052.043368107303,25.437983310349264,66138.75660690808,1.1211111111111112,225.85481753747965,0.8001108169555664,86.05044449459241,5052.043368107303,25.437983310349264,66138.75660690808,1.1211111111111112,225.85481753747965,0.7167553901672363
vehicle_385,277.382953328985,16178.547935034881,23.50843603448198,54069.40287930856,1.260377358490566,412.0229481793658,0.023644685745239258,216.74736187289898,13301.00367342372,17.664654559258867,40628.705486295396,1.21063829787234,320.8717408905344,1.1039252281188965,216.74736187289898,13301.00367342372,17.664654559258867,40628.705486295396,1.21063829787234,320.8717408905344,0.8377654552459717
vehicle_386,223.03061294098234,12556.147469741423,19.21980596712079,44205.55372437781,1.1386363636363637,334.00382515454476,0.013384819030761719,224.3659029886088,12875.201583780336,18.927915220328657,43534.2050067559,1.094318181818182,333.5251057928173,0.5698063373565674,209.81294786475547,12246.466840190593,17.812956046078373,40969.79890598025,1.0988095238095237,313.26761967773996,0.582423210144043
vehicle_387,251.34999139847983,14706.200550706748,21.474868846877435,49392.19834781811,1.019281045751634,373.002201798913,0.014279842376708984,201.85663275657836,12844.528303386296,16.76951833739116,38569.89217599967,1.06231884057971,299.89533737804965,0.6908667087554932,201.85663275657836,12844.528303386296,16.76951833739116,38569.89217599967,1.06231884057971,299.89533737804965,0.7089738845825195
vehicle_388,285.51179307286156,16298.93988412808,91.9211963893659,238995.11061235127,1.0375706214689266,760.020964535527,0.021203041076660156,240.49337195335855,14686.259151034152,72.69922039846547,189017.97303601017,1.0112121212121212,618.18111158865,0.674750566482544,240.49337195335855,14686.259151034152,72.69922039846547,189017.97303601017,1.0112121212121212,618.18111158865,0.7127721309661865
vehicle_389,144.16659130435576,7914.449802639393,12.331513631860108,28362.481353278254,1.0846153846153845,218.86877158832107,0.015044689178466797,140.98996199116536,8001.23392127263,12.065645668754287,27750.985038134862,1.008,213.6207553130681,0.5660033226013184,140.98996199116536,8001.23392127263,12.065645668754287,27750.985038134862,1.008,213.6207553130681,0.5490376949310303
vehicle_390,356.0654450308832,18918.974690243962,30.620717971315067,70427.65133402463,0.9154761904761904,523.5790675395104,0.018411874771118164,293.03780445527065,17082.457843114447,24.4743586040386,56291.024789288786,0.9486979166666667,429.6417038207733,0.6995680332183838,291.78007810547484,16027.820454171171,24.83179217132566,57113.12199404901,0.9092592592592591,429.48380390307665,0.7114064693450928
vehicle_391,345.72985096385287,17301.012391407756,31.000750797869614,71301.72683510011,1.107103825136612,516.6104799799582,0.022097349166870117,262.3424122576321,13351.058111818978,23.590258845577196,54257.595344827554,1.0206060606060605,394.2083943448617,0.8061404228210449,262.3424122576321,13351.058111818978,23.590258845577196,54257.595344827554,1.0206060606060605,394.2083943448617,0.8676867485046387
vehicle_392,258.89918235015557,14867.200389035916,21.817146406511622,50179.436734976734,1.0153061224489797,382.26775349304677,0.017904281616210938,223.4668809159611,13517.051514577039,18.19117282498668,41839.697497469366,0.8936170212765956,327.1136517854874,0.6485483646392822,223.4668809159611,13517.051514577039,18.19117282498668,41839.697497469366,0.8936170212765956,327.1136517854874,0.618107795715332
vehicle_393,279.89176977922057,15736.26643734843,24.18984417026983,55636.6415916206,1.089,416.10217575205536,0.023655176162719727,172.8816444514943,10489.075972127288,14.35403649809195,33014.28394561149,0.9805555555555555,257.3710147119894,0.6905457973480225,172.8816444514943,10489.075972127288,14.35403649809195,33014.28394561149,0.9805555555555555,257.3710147119894,0.6247408390045166
vehicle_394,223.83388543105463,13276.896415377994,18.907077168764427,43486.27748815818,0.9720930232558139,331.77822828948433,0.03187298774719238,148.2701400950889,9907.620579971268,11.939406446296145,27460.63482648113,1.1083333333333334,221.80262248767275,0.7083356380462646,148.2701400950889,9907.620579971268,11.939406446296145,27460.63482648113,1.1083333333333334,221.80262248767275,0.6051502227783203
vehicle_395,189.961984818159,11080.166729080975,16.399052029773852,37717.81966847987,0.8431623931623929,283.46669299006356,0.012494087219238281,176.79918188320985,10653.028530048381,14.854041748526583,34164.296021611146,0.8425925925925927,262.45449114344876,0.6792857646942139,176.79918188320985,10653.028530048381,14.854041748526583,34164.296021611146,0.8425925925925927,262.45449114344876,0.6242671012878418
vehicle_396,280.8580650574821,15284.300270219313,24.76353480689227,56956.130055852234,1.1021276595744678,419.94265465163795,0.016124963760375977,188.39376240868924,10499.895062585178,16.087578965530508,37001.43162072017,1.0588235294117645,282.33653004784424,0.6958725452423096,185.68864570216095,10073.501941863344,16.215227987906353,37295.02437218461,1.075,280.3129806255437,0.6229062080383301
vehicle_397,213.6805596965147,12726.423671705625,63.820582519776615,165933.5145514192,0.910897435897436,545.427564340957,0.013504505157470703,206.8408751028702,12645.665544178044,61.45284087248253,159777.3862684546,1.0,527.6177643386657,0.7969374656677246,213.6805596965147,12726.423671705625,63.820582519776615,165933.5145514192,0.910897435897436,545.427564340957,0.6287012100219727
vehicle_398,189.1117912298164,11421.030818783598,15.31557321693645,35225.81839895383,0.9590909090909091,278.45307496618096,0.012891769409179688,172.26248816349835,11462.680388079703,13.327156144045734,30652.45913130519,0.945,251.5323467693047,0.8530843257904053,174.51875069913652,10865.255593868407,14.162104331865539,32572.83996329074,0.9297297297297297,257.6446962096138,0.6813094615936279
vehicle_399,287.95621405705293,16607.86536843793,24.43811805366949,56207.671523439836,1.1005555555555557,425.76565581663317,0.019566774368286133,230.40043525497143,13211.51051234119,19.71091724105411,45335.10965442445,0.834313725490196,340.9680227463498,0.7960205078125,241.57753885931965,13505.89964667976,21.105126068453508,48541.78995744308,0.8578431372549019,359.4332393648806,0.7270839214324951
vehicle_400,210.34865420052932,12285.945415675942,18.20111757382133,41862.57041978907,0.9181818181818181,313.9488228669197,0.012852907180786133,157.84285527950058,8880.853807066685,13.859865480689988,31877.690605586973,1.048198198198198,240.0910685002288,0.6920416355133057,49.840666904865586,4253.597802197803,3.6061773618114894,8294.207932166428,1.0222222222222221,79.2753308812002,0.5715713500976562
vehicle_401,349.6089099587404,19677.69123646034,28.933869237100097,66547.89924533022,1.0328502415458938,510.07278390316105,0.03360152244567871,239.72360331592648,14881.120707070704,19.07648201838755,43875.90864229137,1.0278846153846155,349.51850420256335,0.8177731037139893,239.72360331592648,14881.120707070704,19.07648201838755,43875.90864229137,1.0278846153846155,349.51850420256335,0.7818155288696289
vehicle_402,157.71019347422393,7684.733918459978,14.986181318614701,34468.21703281381,0.9562499999999999,244.33824837798076,0.021850109100341797,150.3227414220682,6908.759629006059,14.047551808146423,32309.369158736772,0.9779761904761904,232.25936226450835,0.69779372215271,157.71019347422393,7684.733918459978,14.986181318614701,34468.21703281381,0.9562499999999999,244.33824837798076,0.6825046539306641
vehicle_403,199.9696429615705,11066.49184726522,17.08966481558521,39306.22907584598,1.0186046511627909,298.67803906425365,0.020854473114013672,162.48049823532025,9235.647436773752,13.513439640770248,31080.911173771572,0.9609375,242.22252906049752,0.854015588760376,174.83938738662692,9233.000997661344,14.962091437377719,34412.81030596876,0.9303030303030302,261.51759737589623,0.8259851932525635
vehicle_404,217.7528345247256,12230.460855599433,18.644173865418885,42881.59989046343,1.2780487804878051,327.1515418943646,0.02645254135131836,190.47984726410033,10867.046797810031,15.932474920191243,36644.692316439854,1.2500000000000002,285.66084597555937,0.9408578872680664,197.95481634212445,11427.484889073665,16.83880937712072,38729.26156737767,1.15,296.8231645858041,0.8509106636047363
vehicle_405,82.7442985576397,5387.311507936508,24.25518348769517,63063.47706800745,1.0803030303030303,216.3197217180171,0.01674628257751465,62.11568518193834,4067.4007936507937,18.05120419198237,46933.13089915417,0.9519607843137255,163.02114753877936,0.840611457824707,62.11568518193834,4067.4007936507937,18.05120419198237,46933.13089915417,0.9519607843137255,163.02114753877936,0.7854599952697754
vehicle_406,19.493601971701892,1404.5,1.5124107626295444,3478.5447540479518,0.9285714285714286,36.73150895945279,0.005949258804321289,220.6769959105256,11913.109073416917,19.30871205539143,44410.0377274003,0.9225000000000001,329.75475315232075,0.887484073638916,224.44652009208124,11826.585537111716,19.541686195596323,44945.878249871545,0.975,335.1901137192606,0.809638500213623
vehicle_407,282.47591405778394,16343.661877718281,24.263326822136953,55805.65169091498,1.067878787878788,419.0112421244005,0.024722814559936523,214.288635443954,12155.277480245359,18.48054254193963,42505.24784646114,0.9662962962962963,319.73077708334995,1.0096094608306885,214.288635443954,12155.277480245359,18.48054254193963,42505.24784646114,0.9662962962962963,319.73077708334995,0.8833434581756592
vehicle_408,162.03566634879095,8610.7803133108,50.78773208709207,132048.1034264394,0.8328125,426.6943352046154,0.020882129669189453,168.37465130817336,8937.34644172209,54.42862374887583,141514.42174707717,0.8852941176470589,451.8533074628348,0.7444493770599365,182.6821860388773,9103.86272893773,58.206063605487905,151335.76537426855,0.86,484.8413548243551,0.8050706386566162
vehicle_409,152.81547531526618,7580.29443001443,13.890237198527203,31947.54555661256,1.063978494623656,235.01208359580943,0.012282848358154297,186.65826747655524,9856.105944055944,16.397598156800502,37714.47576064115,0.9054166666666668,280.43823213390664,0.8454885482788086,186.65826747655524,9856.105944055944,16.397598156800502,37714.47576064115,0.9054166666666668,280.43823213390664,0.8890180587768555
vehicle_410,230.45953264540267,12497.477093686992,73.99909599539396,192397.64958802427,1.26025641025641,616.5290981398496,0.02787470817565918,158.64652948149697,8880.483526242997,49.349825990235495,128309.5475746123,1.1690476190476191,419.5529366026626,0.9864089488983154,165.17324227493057,8673.71297763791,53.199897095891465,138319.73244931782,1.2267857142857144,445.8499496132556,0.6106812953948975
vehicle_411,282.5953118493893,15478.956703206779,23.95543717333398,55097.50549866816,0.9026315789473685,415.6985237008681,0.020034313201904297,180.0396850361874,11054.919476009029,14.479990248446704,33303.97757142742,0.9189922480620155,264.7003697245991,0.685319185256958,180.0396850361874,11054.919476009029,14.479990248446704,33303.97757142742,0.9189922480620155,264.7003697245991,0.6284308433532715
vehicle_412,253.35595537821376,15036.984655506674,21.595573158629993,49669.81826484897,1.0861702127659576,376.3724634811084,0.015946626663208008,209.71356322900004,13133.112535510638,17.913088498587232,41200.10354675064,1.063157894736842,313.55867148472424,0.7449915409088135,209.71356322900004,13133.112535510638,17.913088498587232,41200.10354675064,1.063157894736842,313.55867148472424,0.6311414241790771
vehicle_413,186.71907688851044,10475.041567097907,15.95804591165104,36703.505596797375,0.9583333333333334,279.0023735487373,0.02441263198852539,176.65586753694626,10079.788185008672,14.918676999010259,34312.9570977236,0.9514285714285715,263.56347940878567,0.7729055881500244,175.1533951097165,9785.473594945792,14.962214530391305,34413.0934199,1.121875,263.90140487138024,0.6467201709747314
vehicle_414,136.84887942909077,8177.98621062982,11.576641345420853,26626.275094467965,0.846774193548387,205.47149092796496,0.015002012252807617,120.90750016610228,7365.350945749849,9.946026079177008,22875.859982107122,0.8666666666666666,181.35022804691783,0.6615166664123535,120.90750016610228,7365.350945749849,9.946026079177008,22875.859982107122,0.8666666666666666,181.35022804691783,0.6104722023010254
vehicle_415,242.550465279826,13426.481900833975,21.28352389123039,48952.104949829896,0.8351063829787234,361.0487268715524,0.015949487686157227,182.54050271885365,11485.727139423685,14.83604088703727,34122.894040185725,0.8153846153846154,268.0650330688372,0.7094306945800781,182.54050271885365,11485.727139423685,14.83604088703727,34122.894040185725,0.8153846153846154,268.0650330688372,0.6086061000823975
vehicle_416,166.13208000614404,10053.305773748863,13.519380621056277,31094.575428429438,0.9459459459459459,245.98102750803736,0.022324085235595703,150.51833116993345,9120.953761806071,12.3013167459579,28293.028515703165,0.8909090909090909,223.4676040759822,0.720858097076416,149.96819809191174,9287.055370153861,12.328027290403583,28354.462767928242,0.9142857142857143,223.33092928960733,0.7285537719726562
vehicle_417,194.03697395270473,10195.019724557482,62.899310784331874,163538.20803926288,1.0704761904761904,522.0702397026142,0.04102659225463867,190.36132983991152,10059.233854785827,61.60357351278807,160169.291133249,1.088425925925926,512.0576882894405,0.5961766242980957,191.60707707612428,9952.543534081291,62.20848201815958,161742.05324721488,1.0747474747474748,516.1615573405306,0.51692795753479
vehicle_418,182.15666048473864,10843.509251745965,15.553243790856715,35772.46071897045,1.1204545454545454,274.13951079683045,0.014440536499023438,160.7901780510315,9656.955042435728,13.401392593147254,30823.202964238684,1.0499999999999998,240.97962852855545,0.6502995491027832,168.15004372749723,9821.848600730014,14.310237189821756,32913.54553659004,1.0708333333333333,253.1378542879199,0.6120398044586182
vehicle_419,234.22321177383034,12646.070944278285,20.442116008379912,47016.86681927379,1.1939716312056738,351.8863056123084,0.01696920394897461,200.53058902007143,10789.475554667893,17.4581251991731,40153.687958098126,1.2030701754385966,302.8489933132862,0.7169079780578613,203.1819697789962,11113.338541680881,17.663935670527707,40627.05204221371,1.238888888888889,306.9775755043239,0.5787568092346191
vehicle_420,286.0569910844026,15588.261858446653,25.47609699968989,58595.02309928675,1.1894736842105262,429.6622856634147,0.014297723770141602,214.45176832647593,12440.055873015874,18.400753679495732,42321.73346284019,1.1079999999999999,320.99110779979236,0.7431776523590088,214.45176832647593,12440.055873015874,18.400753679495732,42321.73346284019,1.1079999999999999,320.99110779979236,0.7528772354125977
vehicle_421,170.8035888246684,10335.391978831336,13.959962472991602,32107.913687880686,0.9207207207207209,252.68155061317566,0.06100320816040039,170.8035888246684,10335.391978831336,13.959962472991602,32107.913687880686,0.9207207207207209,252.68155061317566,0.7447257041931152,170.8035888246684,10335.391978831336,13.959962472991602,32107.913687880686,0.9207207207207209,252.68155061317566,0.5524840354919434
vehicle_422,147.82825282323213,9485.482663357741,12.020418317164333,27646.962129477968,0.8205882352941177,218.77108305737215,0.011504173278808594,171.51914274830852,10945.572323525023,14.460842853829305,33259.9385638074,0.8648648648648649,255.5124424226384,0.692946195602417,171.51914274830852,10945.572323525023,14.460842853829305,33259.9385638074,0.8648648648648649,255.5124424226384,0.6387350559234619
vehicle_423,183.85313189730596,11911.114912005942,14.905399557247279,34282.41898166874,0.9469696969696971,271.1584696843521,0.013225555419921875,139.96393960174782,9209.600064447743,11.248124202912418,25870.685666698562,0.9324074074074074,208.08685693050836,0.6947941780090332,139.96393960174782,9209.600064447743,11.248124202912418,25870.685666698562,0.9324074074074074,208.08685693050836,0.6736032962799072
vehicle_424,158.62627099103378,9660.213693519354,13.248316388098088,30471.127692625607,0.8914414414414414,236.46566003858288,0.012232542037963867,182.05988213487612,10820.80994376034,15.508344189482418,35669.191635809555,0.9281746031746032,271.88912965396764,0.5974395275115967,182.05988213487612,10820.80994376034,15.508344189482418,35669.191635809555,0.9281746031746032,271.88912965396764,0.7065386772155762
vehicle_425,150.6049813374914,8969.773570540912,12.632991895492307,29055.88135963231,1.1172413793103448,227.4339583776511,0.01316213607788086,150.6049813374914,8969.773570540912,12.632991895492307,29055.88135963231,1.1172413793103448,227.4339583776511,0.6701138019561768,150.6049813374914,8969.773570540912,12.632991895492307,29055.88135963231,1.1172413793103448,227.4339583776511,0.616175651550293
vehicle_426,426.2572244448886,22015.416790086456,38.260348822921486,87998.80229271944,1.0537777777777777,634.2121398900756,0.020174741744995117,263.9967646677867,14702.950640256122,23.05107383864726,53017.4698288887,1.1127118644067797,394.46340546071747,0.7927813529968262,264.70255654013994,14499.367179808765,23.286161747742142,53558.17201980693,0.9063492063492062,394.224459336734,0.6707088947296143
vehicle_427,369.9403787968836,19277.81855503849,33.13382665062067,76207.80129642753,0.9764069264069265,550.728530912678,0.045984506607055664,301.8386907255126,16805.518826773292,25.86437736039638,59488.06792891167,0.9869047619047618,445.6978248206458,0.8415656089782715,314.74858912825744,16570.080892342932,28.230842185538897,64930.937026739455,0.9103864734299516,469.60946503812454,0.9021973609924316
vehicle_428,172.33404078235057,10518.0740405478,13.969333558016684,32129.467183438373,0.8567567567567569,253.66996337348706,0.022482633590698242,149.56997260349428,9402.091390297448,11.881467384687477,27327.3749847812,0.99375,221.52650157979207,0.6862785816192627,149.56997260349428,9402.091390297448,11.881467384687477,27327.3749847812,0.99375,221.52650157979207,0.7393960952758789
vehicle_429,329.0005649358709,17257.596850919334,29.15366094214934,67053.42016694348,1.0097701149425287,489.66034769907606,0.02358222007751465,267.3199782265636,14212.824517100831,23.059631521453575,53037.15249934322,1.0532051282051282,397.0981939261885,0.7861695289611816,267.3199782265636,14212.824517100831,23.059631521453575,53037.15249934322,1.0532051282051282,397.0981939261885,0.8654708862304688
vehicle_430,258.93423680833627,12846.393587079314,24.009305779571523,55221.40329301449,1.074822695035461,393.29743531962606,0.013462305068969727,204.0043872582499,11150.291124565978,17.76210928445884,40852.85135425533,1.0864341085271316,306.7765778559726,0.6925430297851562,204.0043872582499,11150.291124565978,17.76210928445884,40852.85135425533,1.0864341085271316,306.7765778559726,0.6383986473083496
vehicle_431,143.74378489523247,7921.484031678457,12.081930747091135,27788.440718309615,1.0999999999999999,217.35385086170993,0.03242754936218262,141.69406109024422,8085.204492461563,11.728233003277387,26974.935907537998,1.1283333333333336,213.86444957675937,0.5817790031433105,141.69406109024422,8085.204492461563,11.728233003277387,26974.935907537998,1.1283333333333336,213.86444957675937,0.5476710796356201
vehicle_432,189.1755528218232,9711.4978746424,16.511502783247177,37976.4564014685,1.1066666666666667,285.49737170323755,0.02997279167175293,171.46905570051155,9431.800649267137,14.727483282650223,33873.21155009552,1.0982758620689654,258.7091753592488,0.5776360034942627,171.46905570051155,9431.800649267137,14.727483282650223,33873.21155009552,1.0982758620689654,258.7091753592488,0.6435599327087402
vehicle_433,216.94072258508524,12219.89079902822,18.58068578343323,42735.57730189643,0.8926829268292683,322.1653948813853,0.022042512893676758,164.95799444492607,10756.237423727065,12.93632161211212,29753.539707857875,1.0105263157894737,242.73270939219447,0.7499890327453613,183.5876180722613,10860.529215209739,14.975094032171512,34442.716273994476,0.882051282051282,270.3004147245233,0.5813360214233398
vehicle_434,247.38645219088932,11541.806762657634,23.87574566693225,54914.21503394417,1.1284552845528455,381.2557908051506,0.016083240509033203,161.2496305481494,8088.610155909664,14.56880247864683,33508.24570088771,1.0622222222222222,246.96270131802515,0.7106096744537354,161.2496305481494,8088.610155909664,14.56880247864683,33508.24570088771,1.0622222222222222,246.96270131802515,0.691521167755127
vehicle_435,216.612801691182,12058.491609525157,66.30487758458564,172392.68171992266,1.0325,561.8117706167561,0.015975475311279297,205.64648860723855,11927.109543234543,61.561511102564715,160059.92886666828,1.0560975609756098,527.32810571405,0.6404385566711426,219.49540447901487,12276.733105012238,66.33099780766041,172460.5942999171,0.9744186046511629,564.3047832041098,0.5905983448028564
vehicle_436,316.99176143187447,17975.32477477304,96.35727137081747,250528.9055641254,0.9374999999999999,813.1462640567321,0.01864480972290039,209.00571414578988,12990.017603071876,60.49217885606438,157279.66502576738,0.9320754716981132,524.3957013661684,0.6983332633972168,224.12081689690285,13881.865305380732,63.717972049656346,165666.7273291065,0.9807692307692307,556.374443148816,0.6408751010894775
vehicle_437,301.04645851961465,17093.320341492523,25.592748479756402,58863.321503439736,0.9880952380952381,443.63929783865257,0.016519784927368164,187.5008321499163,12142.518092691618,15.304047836108856,35199.31002305037,1.1659574468085105,279.05356749096006,0.7837638854980469,187.5008321499163,12142.518092691618,15.304047836108856,35199.31002305037,1.1659574468085105,279.05356749096006,0.6139099597930908
vehicle_438,182.6950607131581,11919.10937289439,14.803683473836966,34048.47198982502,0.8126126126126128,268.15046792316195,0.01987147331237793,182.6950607131581,11919.10937289439,14.803683473836966,34048.47198982502,0.8126126126126128,268.15046792316195,0.6386806964874268,197.4269290625665,12041.330471579166,16.940473604011608,38963.08928922669,0.8222222222222223,293.69633332472984,0.5921792984008789
vehicle_439,195.07487293375434,9857.397857766464,64.78912202116923,168451.71725504004,1.0647619047619046,532.4062681588214,0.01928567886352539,196.90338345761268,10207.795937335844,60.369182917579735,156959.87558570728,1.0425438596491226,512.0102355134848,0.6384103298187256,190.22747154189307,9705.04813002246,62.29476903553581,161966.39949239304,1.0313725490196077,514.7108889125523,0.5863630771636963
vehicle_440,113.59390560232289,6900.875306637806,9.397406527936447,21614.035014253826,1.1615384615384614,174.11323266478914,0.017264127731323242,113.59390560232289,6900.875306637806,9.397406527936447,21614.035014253826,1.1615384615384614,174.11323266478914,0.5251631736755371,106.9690317549475,6308.9955176402555,9.632729791747712,22155.278521019736,0.9592592592592593,166.4777720611787,0.49617862701416016
vehicle_441,130.28966906859011,7302.593080085533,11.230537292427472,25830.235772583183,1.0187499999999998,198.658353608529,0.0181732177734375,129.3705718233535,7133.003062260221,11.202007249236715,25764.616673244447,0.9935483870967741,197.29748168002152,0.5954067707061768,129.3705718233535,7133.003062260221,11.202007249236715,25764.616673244447,0.9935483870967741,197.29748168002152,0.5802910327911377
vehicle_442,242.6899861455068,13071.561333025633,21.9054739266731,50382.590031348125,0.9730158730158729,365.57850376820477,0.019824743270874023,203.33460199436655,11916.143908564285,17.2571551922851,39691.45694225573,0.9048148148148147,301.9785660785414,0.6915128231048584,210.79741063954083,11638.116802826802,18.679462693641696,42962.7641953759,0.8489795918367345,315.9173302491241,0.6721272468566895
vehicle_443,241.23004293671153,12972.406087489624,20.96432177312305,48217.94007818299,1.1384615384615386,361.0397133223559,0.016497373580932617,201.09502663165458,11401.464762376921,16.912804847399613,38899.45114901911,1.1294117647058826,300.12024206081617,0.7645115852355957,201.09502663165458,11401.464762376921,16.912804847399613,38899.45114901911,1.1294117647058826,300.12024206081617,0.6226837635040283
vehicle_444,10.495002720707546,803.4,0.7346501904495284,1689.6954380339153,0.39999999999999997,18.391420339621853,0.003777742385864258,175.8868757515477,10241.935352112056,14.461719996093684,33261.95599101548,0.775,258.7904577742695,0.6381473541259766,14.922296599471009,915.2,1.333608525475886,3067.299608594538,0.125,23.094561449072657,0.5297579765319824
vehicle_445,219.92158683807745,12058.225802320976,19.375261188456346,44563.100733449595,0.8849593495934959,328.9969934436055,0.01265096664428711,187.33791570436694,10678.299141097692,16.11289632678334,37059.66155160168,1.0236842105263158,281.10543364940725,0.6742808818817139,187.33791570436694,10678.299141097692,16.11289632678334,37059.66155160168,1.0236842105263158,281.10543364940725,0.6011579036712646
vehicle_446,148.94092102869055,7728.711519933555,13.825610813145602,31798.90487023488,1.0469135802469136,230.68497520798036,0.024823427200317383,147.20590611574738,7626.535102040815,13.340285741303926,30682.65720499903,1.0765432098765433,226.79124889382157,0.5521519184112549,147.20590611574738,7626.535102040815,13.340285741303926,30682.65720499903,1.0765432098765433,226.79124889382157,0.5511236190795898
vehicle_447,232.42036331219091,12908.46247619462,73.19881044697256,190316.9071621287,0.9710884353741496,611.7109839219604,0.031145811080932617,177.3227770864193,10934.862360150788,53.673845531662394,139551.99838232223,0.9543859649122804,458.27332616056265,0.7517986297607422,182.98705503303523,10652.149930602787,56.105259264266905,145873.6740870939,0.9786821705426355,476.2591035960747,0.7176735401153564
vehicle_448,231.68572656853607,12242.8047008547,73.00856882058486,189822.27893352066,0.9422222222222222,609.5515719772533,0.013262271881103516,175.50718082017733,9736.168065268064,54.56097844886553,141858.54396705033,1.0305555555555557,461.32211974930163,0.7620677947998047,175.50718082017733,9736.168065268064,54.56097844886553,141858.54396705033,1.0305555555555557,461.32211974930163,0.6098687648773193
vehicle_449,243.33223265628064,12792.823699059225,21.569743512493652,49610.410078735404,1.077659574468085,365.51110810205734,0.02149224281311035,246.73716884108086,13995.360165863221,21.020119767453483,48346.275465143015,1.0083333333333333,365.8087010577547,0.593491792678833,243.33223265628064,12792.823699059225,21.569743512493652,49610.410078735404,1.077659574468085,365.51110810205734,0.5637054443359375
vehicle_450,193.07010647916508,10649.167186995672,16.897329710554956,38863.858334276396,0.87,289.2148570283275,0.01978325843811035,193.07010647916508,10649.167186995672,16.897329710554956,38863.858334276396,0.87,289.2148570283275,0.7348487377166748,208.94902757324422,11540.026753363594,17.963268380160944,41315.51727437017,1.0013157894736842,311.98409035583126,0.6621630191802979
vehicle_451,200.70386520433627,11330.219453855323,65.96510801873534,171509.28084871187,1.175609756097561,545.432786040615,0.023169517517089844,173.40688836054994,10556.30256690067,55.06698402082591,143174.15845414737,1.16,463.274114733263,0.7693803310394287,173.40688836054994,10556.30256690067,55.06698402082591,143174.15845414737,1.16,463.274114733263,0.6260511875152588
vehicle_452,44.38911084455599,3289.4166666666665,3.4511231453269215,7937.583234251922,0.36666666666666664,66.22512008970911,0.00624537467956543,44.38911084455599,3289.4166666666665,3.4511231453269215,7937.583234251922,0.36666666666666664,66.22512008970911,0.5600218772888184,44.38911084455599,3289.4166666666665,3.4511231453269215,7937.583234251922,0.36666666666666664,66.22512008970911,0.5008707046508789
vehicle_453,217.05258097614006,12490.811204569953,64.40164948077914,167444.2886500258,1.025,552.780498159083,0.017067909240722656,170.3009488161869,10105.810066294836,50.04770086560883,130124.02225058297,1.1428571428571426,434.77519403566214,0.6187903881072998,170.3009488161869,10105.810066294836,50.04770086560883,130124.02225058297,1.1428571428571426,434.77519403566214,0.5860152244567871
vehicle_454,189.20790832441804,12310.517416690564,54.53683631437568,141795.77441737676,0.9012195121951219,474.32387318955057,0.025454044342041016,177.81818847287764,11860.086478520352,52.16223214139218,135621.8035676197,1.0068376068376068,451.99219371447026,0.6333503723144531,189.20790832441804,12310.517416690564,54.53683631437568,141795.77441737676,0.9012195121951219,474.32387318955057,0.5795423984527588
vehicle_455,197.67832918068444,10962.275554219996,17.17405349726081,39500.32304369986,1.1055555555555554,297.64922876538293,0.012052297592163086,143.0267463292004,8972.886671682729,12.09104544292405,27809.404518725318,1.1646464646464645,217.62090671019718,0.7196714878082275,143.0267463292004,8972.886671682729,12.09104544292405,27809.404518725318,1.1646464646464645,217.62090671019718,0.6380195617675781
vehicle_456,239.14080951569167,13180.762322529652,20.60192132941024,47384.419057643536,0.7677304964539006,353.4890439946512,0.012865781784057617,161.56881581762576,9492.199378521662,13.77151278106415,31674.479396447543,0.7695238095238095,240.75833986777394,0.6703836917877197,161.56881581762576,9492.199378521662,13.77151278106415,31674.479396447543,0.7695238095238095,240.75833986777394,0.5959665775299072
vehicle_457,205.32034126402868,10197.240302164864,67.69272704509766,176001.09031725384,1.0337121212121214,556.9536644522395,0.026134967803955078,189.97883420442537,9844.301938102672,59.69907102173636,155217.58465651446,1.086936936936937,502.0780869986162,0.7208714485168457,197.21313880397233,9602.58081174489,65.72249602105248,170878.4896547364,1.0496031746031744,538.9890342140845,0.6466038227081299
vehicle_458,139.41265976011533,7602.765811965812,12.265663529244566,28211.0261172625,0.9099999999999999,211.9528567985509,0.009913921356201172,146.18824110324982,8526.315449280251,12.609911851452539,29002.797258340845,0.9181818181818182,220.78803950046412,0.6212985515594482,146.18824110324982,8526.315449280251,12.609911851452539,29002.797258340845,0.9181818181818182,220.78803950046412,0.5941822528839111
vehicle_459,240.28872488387265,12712.153540130113,75.84634346948525,197200.49302066164,0.8989583333333334,632.0411793257795,0.022432565689086914,186.90565079993695,11274.02825353432,55.334851843848135,143870.61479400512,0.9060975609756097,475.7725601438044,0.6511631011962891,187.8256868882219,10847.885032177235,57.33877656152576,149080.81905996698,0.9060975609756099,486.5938467034338,0.5829873085021973
vehicle_460,200.77902817502252,11334.231557195902,17.17011753244341,39491.270324619836,1.1490990990990992,301.26900448300717,0.022699356079101562,187.6791143140121,11083.410364342919,16.211166272985693,37285.68242786708,1.1196581196581197,283.01025197672817,0.6488809585571289,187.6791143140121,11083.410364342919,16.211166272985693,37285.68242786708,1.1196581196581197,283.01025197672817,0.5859756469726562
vehicle_461,315.4136150408823,17024.50375874508,97.71824975224979,254067.44935584947,1.0347953216374268,819.0818458403792,0.016886234283447266,223.21472556577035,12973.718526545797,67.5892516111395,175732.05418896276,0.8660377358490565,573.4251716817766,0.6836397647857666,231.86872913447328,13423.007846813874,69.34902798830488,180307.47276959266,1.036060606060606,592.7030884273854,0.617455244064331
vehicle_462,126.71367654047519,6481.33205128205,11.485413173707624,26416.450299527532,1.0458333333333334,196.39944575659166,0.02121281623840332,126.71367654047519,6481.33205128205,11.485413173707624,26416.450299527532,1.0458333333333334,196.39944575659166,0.5313348770141602,134.39065944997492,6710.3372624231115,11.834587260068,27219.550698156392,0.976,205.18757832321023,0.5761616230010986
vehicle_463,334.9162031026121,18999.93631884123,28.487943639242104,65522.27037025684,0.94921875,492.12586888738963,0.02067112922668457,221.69865377198897,13265.392166106785,18.29141865990621,42070.262917784275,0.9510869565217391,326.3514477939893,0.707599401473999,227.40251639171544,13882.22338320338,18.893924555616827,43456.0264779187,0.8460000000000001,334.1883123318005,0.6125471591949463
vehicle_464,184.542918327099,11500.376226208018,15.266810835032324,35113.66492057434,1.0515873015873016,274.58739446985805,0.012840032577514648,173.84156621901738,10571.983375242842,14.468410772368852,33277.34477644836,0.9416666666666668,258.53694879620684,0.7706582546234131,184.542918327099,11500.376226208018,15.266810835032324,35113.66492057434,1.0515873015873016,274.58739446985805,0.8080291748046875
vehicle_465,320.02931658502644,17147.92408819195,28.115348245481723,64665.300964607966,1.0695906432748536,476.06527649190355,0.028873920440673828,239.5559148949763,13285.722852308721,20.73904878042489,47699.81219497726,1.0273333333333334,357.21497070051987,0.661818265914917,244.62556875398877,13728.770691776246,20.773539123071075,47779.13998306349,1.1073333333333333,363.3801451170598,0.5924201011657715
vehicle_466,255.0212753249067,14138.96152234822,22.04526376289533,50704.106654659256,0.9415151515151515,378.5902349662983,0.014131307601928711,179.2373759201065,10421.669943547364,15.03525157411412,34581.078620462475,0.9469298245614034,266.77784035394313,0.6906428337097168,179.2373759201065,10421.669943547364,15.03525157411412,34581.078620462475,0.9469298245614034,266.77784035394313,0.6084160804748535
vehicle_467,279.72454799127223,15008.195292895862,24.50481759096106,56361.08045921044,1.0898809523809523,417.31638860680255,0.018572568893432617,205.1010420212798,12679.79887926918,16.75576212509944,38538.25288772873,1.1181159420289855,303.5831784224194,0.6559305191040039,202.27947098798487,11965.7231883664,17.152605176094934,39450.991905018345,1.1149659863945578,302.51596872917355,0.5891439914703369
vehicle_468,85.17389984210999,5386.454341736696,7.038974437456998,16189.641206151096,1.1641666666666666,133.50667601321072,0.013343095779418945,143.15640256892942,8424.142940392941,12.006283774954033,27614.452682394276,1.1136363636363635,216.66422478572792,0.6280422210693359,143.15640256892942,8424.142940392941,12.006283774954033,27614.452682394276,1.1136363636363635,216.66422478572792,0.5982990264892578
vehicle_469,70.63427080453455,4960.986257309942,5.528910476016994,12716.494094839085,0.4421052631578948,104.0779275543401,0.01376485824584961,70.63427080453455,4960.986257309942,5.528910476016994,12716.494094839085,0.4421052631578948,104.0779275543401,0.49244117736816406,70.63427080453455,4960.986257309942,5.528910476016994,12716.494094839085,0.4421052631578948,104.0779275543401,0.49355149269104004
vehicle_470,204.8106127878834,11982.10020686007,16.84753627867718,38749.33344095752,1.0295833333333335,302.6724886831749,0.02324533462524414,189.94213125074506,10882.148459730175,16.198403962609955,37256.329114002896,0.9837719298245614,283.79468937863214,0.621833086013794,191.16026849881075,10507.174737031974,16.50845479313212,37969.44602420388,0.9760683760683762,286.3818858743307,0.579697847366333
vehicle_471,178.67852585933997,10265.274824567703,15.189511568588278,34935.87660775304,0.7510101010101009,264.98764994142897,0.011335611343383789,214.61593416761414,13079.829294676203,17.680183852052625,40664.42285972104,0.8757936507936508,315.4080758510016,0.6244454383850098,214.61593416761414,13079.829294676203,17.680183852052625,40664.42285972104,0.8757936507936508,315.4080758510016,0.6268219947814941
vehicle_472,185.33313990890252,10824.40573544081,56.98419365703393,148158.90350828823,1.0424242424242425,483.68512998927037,0.021068096160888672,153.38765243158056,8883.362320536115,46.53836864064254,120999.7584656706,0.965,398.19709627938664,0.6198980808258057,153.38765243158056,8883.362320536115,46.53836864064254,120999.7584656706,0.965,398.19709627938664,0.5754029750823975
vehicle_473,182.9040494406387,10673.257007575756,15.197033128384202,34953.17619528367,1.0935897435897435,272.78990613167264,0.013349056243896484,152.1637162393808,9193.05917654391,12.701114789149383,29212.564015043583,1.0515151515151515,228.7380692493192,0.6840500831604004,152.1637162393808,9193.05917654391,12.701114789149383,29212.564015043583,1.0515151515151515,228.7380692493192,0.651287317276001
vehicle_474,236.32750739552557,12870.992738835626,74.54304545578044,193811.91818502912,1.2471631205673759,625.0896416408892,0.013353347778320312,185.83108458634118,10572.100935828877,57.03563086008881,148292.6402362309,1.215811965811966,486.1040532493017,0.6902432441711426,185.83108458634118,10572.100935828877,57.03563086008881,148292.6402362309,1.215811965811966,486.1040532493017,0.6118831634521484
vehicle_475,196.06881333061716,10845.02176667788,16.816181004175455,38677.21630960355,1.0410569105691057,293.57279350348495,0.016843557357788086,169.14067472642043,9936.90958180393,13.900853810108242,31971.963763248954,0.9074561403508772,250.47975784208262,0.6125555038452148,169.14067472642043,9936.90958180393,13.900853810108242,31971.963763248954,0.9074561403508772,250.47975784208262,0.588015079498291
vehicle_476,177.38276126135707,9404.12902759672,15.248606141131374,35071.794124602166,1.0280952380952382,266.5190024111876,0.015513896942138672,172.72897219261185,9328.286170453865,14.851046008976633,34157.40582064626,1.040952380952381,259.9849166499227,0.6475949287414551,170.3493570731437,8904.550838663294,14.999780823807914,34499.495894758205,1.0419047619047617,258.240795155304,0.5680675506591797
vehicle_477,240.33344507778423,13044.346989811553,21.66909217694716,49838.912006978455,1.0223333333333333,362.52566901524546,0.02353191375732422,203.7463148284416,11087.081805388007,17.661188354583135,40620.733215541215,1.0233333333333332,305.36533488063174,0.6556258201599121,203.7463148284416,11087.081805388007,17.661188354583135,40620.733215541215,1.0233333333333332,305.36533488063174,0.59657883644104
vehicle_478,10.495002720707546,803.4,2.6237506801768866,6821.751768459905,0.39999999999999997,27.836922788258647,0.003626108169555664,164.9611048925244,9725.351002910711,48.6724883795227,126548.46978675901,1.15625,422.5875331798353,0.5461187362670898,164.9611048925244,9725.351002910711,48.6724883795227,126548.46978675901,1.15625,422.5875331798353,0.602656364440918
vehicle_479,244.78918627073438,12687.964748038745,22.63900838218042,52069.71927901498,1.1270833333333332,372.7794961672028,0.016097068786621094,159.61447163053413,9184.273294064882,13.23986373109811,30451.68658152565,1.0818181818181818,239.1831591303356,0.6678109169006348,159.61447163053413,9184.273294064882,13.23986373109811,30451.68658152565,1.0818181818181818,239.1831591303356,0.603649377822876
vehicle_480,267.53732026996994,15480.566906448332,81.07794975635917,210802.6693665338,1.1760000000000002,688.9872265257793,0.02341151237487793,195.01120954530302,11658.892669280664,59.740720650071026,155325.8736901846,1.1230769230769233,508.18416332344975,0.6298716068267822,195.01120954530302,11658.892669280664,59.740720650071026,155325.8736901846,1.1230769230769233,508.18416332344975,0.589322566986084
vehicle_481,302.6172359227328,15621.938860140472,26.50491984476505,60961.31564295961,1.0706060606060608,450.18732321376876,0.016540050506591797,189.91863514926646,12183.913696703434,15.520663885943813,35697.52693767077,1.15531914893617,282.45956653965374,0.7184507846832275,189.91863514926646,12183.913696703434,15.520663885943813,35697.52693767077,1.15531914893617,282.45956653965374,0.6145436763763428
vehicle_482,68.02324241252845,4349.67139908595,5.495985658020513,12640.76701344718,0.740625,104.11766275793266,0.0075228214263916016,106.05700013959466,6484.242267502613,8.539747758489991,19641.419844526976,0.8799999999999999,159.35691733968423,0.5777080059051514,106.05700013959466,6484.242267502613,8.539747758489991,19641.419844526976,0.8799999999999999,159.35691733968423,0.5502686500549316
vehicle_483,293.839278282076,16289.412884202233,91.65118316935099,238293.07624031254,1.0740112994350284,767.3601440354596,0.014000415802001953,171.9566637110946,10385.246264725985,51.515729601426614,133940.8969637092,1.1085271317829457,443.5053736651477,0.6635282039642334,171.9566637110946,10385.246264725985,51.515729601426614,133940.8969637092,1.1085271317829457,443.5053736651477,0.6202006340026855
vehicle_484,232.21212545236205,13063.320760578745,70.74636288718278,183940.54350667523,1.018253968253968,599.7551797820875,0.01302480697631836,232.21212545236205,13063.320760578745,70.74636288718278,183940.54350667523,1.018253968253968,599.7551797820875,0.6938474178314209,237.933476416765,12733.22023412135,75.03456200240915,195089.8612062637,0.9710144927536232,626.3534369769362,0.6011435985565186
vehicle_485,244.62554977861336,13967.411589628511,73.49902837525862,191097.4737756724,1.1866666666666668,627.8671948742476,0.01360011100769043,201.76020597893552,12344.7501233788,59.332626009789664,154264.82762545312,1.0895833333333333,512.7482666177114,0.6984870433807373,209.17054750340395,11748.974603174604,64.30188733580951,167184.9070731047,1.0702127659574467,544.6457158984633,0.6146254539489746
vehicle_486,268.7988025272256,13417.449796447756,24.809674677195833,57062.25175755042,1.1496732026143792,408.07097732725066,0.012143850326538086,258.28146289620395,13975.091757593254,22.89675931274017,52662.546419302394,1.0781249999999998,387.42847939256956,0.6818571090698242,266.05905474337885,14212.649104460945,24.003437867429994,55207.90709508899,1.16,401.62420216510134,0.6108720302581787
vehicle_487,137.3035948162629,8032.105502561955,40.26230747171735,104681.99942646509,0.9279569892473121,350.1258424847011,0.016806602478027344,130.25413169252013,7837.003492181577,37.55696366354651,97648.10552522095,0.9321428571428572,329.53732399617616,0.6236109733581543,132.3430230040271,8203.55825408634,37.98247104836345,98754.42472574495,0.938888888888889,333.92303331642387,0.5811522006988525
vehicle_488,190.84676010551567,10133.29862082362,58.715280036122216,152659.72809391774,1.1407894736842106,498.64586019541986,0.024388790130615234,190.84676010551567,10133.29862082362,58.715280036122216,152659.72809391774,1.1407894736842106,498.64586019541986,0.5607755184173584,195.78970768446771,10458.110767130029,59.98347437604368,155957.03337771352,1.0875000000000001,509.48711033333336,0.5199100971221924
vehicle_489,122.73287380419788,7490.151713484135,9.871320920494496,22704.03811713734,0.776923076923077,181.93930687409116,0.015972375869750977,122.73287380419788,7490.151713484135,9.871320920494496,22704.03811713734,0.776923076923077,181.93930687409116,0.5782144069671631,122.73287380419788,7490.151713484135,9.871320920494496,22704.03811713734,0.776923076923077,181.93930687409116,0.5338153839111328
vehicle_490,205.94009920300735,12427.244770241543,17.58362186671776,40442.33029345085,0.9842424242424243,307.1526452151986,0.012049436569213867,177.26870070688943,11343.080578404544,15.253581859346426,35083.23827649678,0.9337037037037037,266.0245027568821,0.6857240200042725,196.9579789414141,12726.34894121879,15.751380438771491,36228.17500917443,0.9163398692810456,288.4133767561983,0.6119413375854492
vehicle_491,330.7600524540905,17841.501793546366,28.99348953621569,66685.02593329608,0.9688172043010752,490.37164489860925,0.016687631607055664,241.54510799557826,13815.667506622754,19.99314841285637,45984.241349569646,0.935144927536232,354.69998475372876,0.690845251083374,241.54510799557826,13815.667506622754,19.99314841285637,45984.241349569646,0.935144927536232,354.69998475372876,0.6112062931060791
vehicle_492,274.3277574823428,14327.174554510033,87.27760435555521,226921.7713244435,1.0566666666666666,725.2622166363717,0.017721176147460938,187.39871410789775,10755.703919589396,57.07140754957688,148385.65962889988,1.0153508771929822,485.89695616093127,0.6387007236480713,187.39871410789775,10755.703919589396,57.07140754957688,148385.65962889988,1.0153508771929822,485.89695616093127,0.5755414962768555
vehicle_493,200.80867200249776,12280.509001057602,58.89761142671353,153133.78970945522,1.0742424242424242,509.4504058787835,0.013977527618408203,175.46476562298355,10776.535120435121,51.0261489740331,132667.98733248605,0.975,443.33899247104773,0.6303853988647461,179.79579363605438,10656.55713506766,53.989584952640804,140372.92087686612,0.8906976744186046,461.61084990318545,0.5722923278808594
vehicle_494,128.4793089459179,7639.647078322541,10.853799666478972,24963.739232901637,0.9583333333333333,194.45376480006902,0.011296987533569336,175.34895108939432,10047.3566995234,14.955791924756284,34398.321426939445,1.034234234234234,263.2611854720524,0.6566329002380371,175.8984750820836,10428.489692921688,15.209569561007145,34982.00999031642,0.9402439024390243,264.2455646039878,0.6461963653564453
vehicle_495,141.95829637619153,7542.744887573544,12.41723816969788,28559.647790305124,1.027956989247312,216.4192640303689,0.04040861129760742,141.95829637619153,7542.744887573544,12.41723816969788,28559.647790305124,1.027956989247312,216.4192640303689,0.566819429397583,141.95829637619153,7542.744887573544,12.41723816969788,28559.647790305124,1.027956989247312,216.4192640303689,0.6158626079559326
vehicle_496,241.09865338298397,12772.223400570307,21.17181542516944,48695.17547788972,1.0021276595744681,360.5268469380676,0.02658224105834961,206.14174146419452,11545.19102617655,17.55917399175266,40386.10018103113,0.976086956521739,306.9054784954465,0.6844773292541504,206.93122642293181,11279.357418240306,17.824623558415972,40996.63418435674,0.975609756097561,308.9435966143874,0.6171791553497314
vehicle_497,207.71975047458162,12501.11036352042,17.75533458635387,40837.26954861391,1.0298611111111111,310.26756517399554,0.022165298461914062,190.74718739047216,11206.145943454234,16.01255228582241,36828.870257391536,1.0050000000000001,283.9727671372104,0.7053656578063965,190.2704060322146,11194.062282228384,16.132111560366273,37103.85658884243,0.9108333333333334,283.14875891244276,0.6059784889221191
vehicle_498,170.58849096409398,9594.705678191205,14.234551562070958,32739.46859276321,0.9206140350877193,253.63258514704575,0.022318363189697266,168.97098741007355,10169.640280354568,14.155706067323921,32558.123954845018,0.9658333333333333,252.23275115790275,0.6592504978179932,168.97098741007355,10169.640280354568,14.155706067323921,32558.123954845018,0.9658333333333333,252.23275115790275,0.7381830215454102
vehicle_499,310.1591876024939,15361.698390019654,28.3383232647125,65178.14350883875,1.0567708333333334,466.68565070106183,0.019732952117919922,208.9254288878665,11587.641838495918,18.45869496746988,42454.99842518072,1.0315217391304348,314.7529105161025,0.696514368057251,231.19826896514957,12955.238874458873,19.729699443207338,45378.30871937687,1.0648809523809522,344.09425317012324,0.631680965423584
vehicle_500,203.97335429788623,10791.868998950582,18.47412980358017,42490.4985482344,1.055238095238095,309.8941256567654,0.01605844497680664,151.61132045905038,8428.918129633596,13.152030886938599,30249.671039958776,1.1475308641975308,231.18814968283914,0.6123776435852051,154.24400044497818,8118.747172854457,13.69507833628056,31498.680173445286,1.085,235.8245996743961,0.5719621181488037
vehicle_501,230.48928410673182,12813.820772049508,19.718753472937472,45353.13298775619,1.0614583333333332,343.25702946365516,0.025849342346191406,186.73565394827602,11525.418187831208,15.412286421205222,35448.25876877201,0.9662790697674418,276.6613818041519,0.6269259452819824,186.73565394827602,11525.418187831208,15.412286421205222,35448.25876877201,0.9662790697674418,276.6613818041519,0.615013599395752
vehicle_502,272.0618079305892,15379.394833251365,23.01645787211831,52937.85310587212,0.8728758169934641,400.144909581463,0.022670269012451172,193.48247494626509,11177.483523727555,16.33559977714339,37571.879487429804,0.8711382113821139,286.97671248017195,0.6191020011901855,198.48993006657398,11318.91050785454,16.7218456858137,38460.24507737152,0.878968253968254,294.0329828430624,0.6268768310546875
vehicle_503,281.3540918061137,15195.89698148118,24.748191549179275,56920.84056311234,1.1455974842767296,420.7721068896332,0.015784740447998047,191.98456262875587,11831.400906816738,15.931346239504817,36642.09635086108,1.1435606060606058,286.3634001387795,0.6956605911254883,197.94278477895847,12178.493508261245,16.50282931597801,37956.507426749435,1.093410852713178,294.7739547493862,0.6197342872619629
vehicle_504,116.88972841466155,7090.286838978015,35.6206007421013,92613.56192946335,1.0695652173913044,307.65790842101944,0.009491205215454102,116.88972841466155,7090.286838978015,35.6206007421013,92613.56192946335,1.0695652173913044,307.65790842101944,0.6308846473693848,116.88972841466155,7090.286838978015,35.6206007421013,92613.56192946335,1.0695652173913044,307.65790842101944,0.5978250503540039
vehicle_505,265.6146627672599,14014.931775693201,22.84139404782885,52535.206310006346,1.2595744680851066,396.31041429161445,0.015007257461547852,198.2291307597706,11282.472802333283,16.317327623572435,37529.853534216585,1.2378378378378379,295.32816747888154,0.7047545909881592,197.4840840298317,11255.123200084245,16.170617905866603,37192.42118349318,1.2294871794871796,293.758468465171,0.7148139476776123
vehicle_506,350.95709993151144,18343.695354580614,110.79948937013597,288078.67236235354,0.915962441314554,919.2096421271647,0.016995906829833984,252.26061006062696,14000.409576096423,76.62442662237281,199223.50921816926,0.9052469135802468,648.3242149683203,0.6855766773223877,255.91026722667152,14722.84613744529,77.0614882760361,200359.8695176939,0.9172222222222222,654.479610311698,0.6366908550262451
vehicle_507,129.0639974066498,6660.204646761831,42.35102028484644,110112.65274060077,1.0888888888888888,353.5580445660936,0.017956972122192383,129.0639974066498,6660.204646761831,42.35102028484644,110112.65274060077,1.0888888888888888,353.5580445660936,0.5764739513397217,129.0639974066498,6660.204646761831,42.35102028484644,110112.65274060077,1.0888888888888888,353.5580445660936,0.5450456142425537
vehicle_508,314.83542246786976,16880.25259621056,27.84017128084282,64032.39394593848,1.1497175141242937,470.2224130678298,0.018635034561157227,202.63849874717718,12550.36636940871,16.8246079719018,38696.59833537413,1.1462121212121212,301.70987269919874,0.6321947574615479,202.63849874717718,12550.36636940871,16.8246079719018,38696.59833537413,1.1462121212121212,301.70987269919874,0.6168103218078613
vehicle_509,293.531114120817,14556.147988148747,93.11107637473344,242088.7985743069,1.1049019607843138,774.1788900434798,0.022435665130615234,194.30968086526593,10686.772189632831,59.077970252522526,153602.72265655853,1.068421052631579,503.35229048464794,0.6260731220245361,194.30968086526593,10686.772189632831,59.077970252522526,153602.72265655853,1.068421052631579,503.35229048464794,0.5894725322723389
vehicle_510,215.39763184535175,11646.2198593672,18.758565048794086,43144.699612226395,1.1225,323.6505181613686,0.012183666229248047,166.86216384994566,9968.943634702153,14.03221615204682,32274.097149707686,1.1500000000000004,251.29239561981927,0.7137551307678223,173.89316537132348,9884.792852855544,14.636740534276148,33664.50322883514,1.3,262.8226438351641,0.6894810199737549
vehicle_511,295.697786347714,15322.562053067439,94.45232073947601,245576.03392263767,1.1608465608465608,783.8241228905229,0.031525373458862305,243.91928553225372,12906.512707500151,77.24468952043287,200836.19275312545,1.048181818181818,644.2096937349863,0.8423240184783936,257.4774528030612,13291.323698953265,81.59763681634253,212153.85572249058,1.1242690058479534,680.4003613040737,0.7688198089599609
vehicle_512,249.14993838844134,13382.755838547566,78.1023579646315,203066.1307080418,1.0444444444444445,653.8236048334176,0.022641658782958984,211.9527200449974,11392.178687763144,66.14390863798494,171974.16245876078,1.0315789473684212,556.1525467885406,0.8852152824401855,208.93313500080734,11111.558753111962,67.00549710238928,174214.2924662121,1.0052631578947369,557.0997961897879,0.8163580894470215
vehicle_513,244.9459538031612,12482.091300443182,22.147314769918147,50938.82397081173,1.1531914893617023,370.68169012982537,0.03032541275024414,208.71539399929634,11753.915952732967,18.060945415736448,41540.17445619384,1.2047619047619047,314.33271677913456,1.0215749740600586,217.9014107334009,11197.046915644742,19.237449870353377,44246.13470181276,1.155,328.74895089506913,0.8720338344573975
vehicle_514,375.4884784978247,18906.744193156555,33.56640749202108,77202.7372316485,1.1322916666666667,559.8953060115847,0.018019676208496094,224.48306915828692,12618.24268737798,18.677934083316536,42959.24839162803,1.1298611111111112,332.6764180991413,0.7762525081634521,224.48306915828692,12618.24268737798,18.677934083316536,42959.24839162803,1.1298611111111112,332.6764180991413,0.6862893104553223
vehicle_515,108.08224403984678,5787.078571428571,9.831322031490913,22612.040672429102,0.8977272727272727,167.8236487499709,0.01667332649230957,98.28132021637158,5729.452191142191,8.490179413978966,19527.412652151623,0.9888888888888887,152.21262067269478,0.5331108570098877,98.28132021637158,5729.452191142191,8.490179413978966,19527.412652151623,0.9888888888888887,152.21262067269478,0.5820353031158447
vehicle_516,355.9854595392745,20732.213737467642,29.97417581353519,68940.60437113095,1.05662100456621,522.1814969130203,0.0215914249420166,270.9410161891573,15450.079504154364,23.486609413509303,54019.201651071395,0.8422222222222221,401.08797423008,0.6929454803466797,270.9410161891573,15450.079504154364,23.486609413509303,54019.201651071395,0.8422222222222221,401.08797423008,0.6678969860076904
vehicle_517,236.43521933319448,13183.197074302712,19.786496487361177,45508.94192093069,0.9875,348.90470095730666,0.023220300674438477,195.63041450178673,11495.012783295135,15.871278831959359,36503.941313506526,1.0516260162601627,288.6961279306561,0.71919846534729,195.63041450178673,11495.012783295135,15.871278831959359,36503.941313506526,1.0516260162601627,288.6961279306561,0.6815760135650635
vehicle_518,313.80211159065396,17540.317846208884,26.795938832711208,61630.65931523577,1.0502688172043009,463.1568044390888,0.03252434730529785,235.28932428669668,13168.125975145713,20.402884043475666,46926.633299994035,0.9996598639455783,350.95815591440464,0.661689281463623,235.28932428669668,13168.125975145713,20.402884043475666,46926.633299994035,0.9996598639455783,350.95815591440464,0.5600645542144775
vehicle_519,155.29231733759363,8501.289155289156,48.9480547903447,127264.94245489623,0.8020833333333334,410.414893832453,0.013125181198120117,151.00457395759588,8972.307055142925,46.35103758798867,120512.69772877054,0.82,393.45206941285676,0.5480620861053467,151.00457395759588,8972.307055142925,46.35103758798867,120512.69772877054,0.82,393.45206941285676,0.5669369697570801
vehicle_520,180.6170416766846,10727.689650924922,14.558857100123944,33485.371330285074,0.961788617886179,266.0091271480897,0.02033686637878418,156.83207843821143,10416.658201960197,12.321069872902939,28338.460707676753,0.990990990990991,231.2408538798472,0.6126840114593506,156.83207843821143,10416.658201960197,12.321069872902939,28338.460707676753,0.990990990990991,231.2408538798472,0.565587043762207
vehicle_521,256.3715739014016,14964.588815307314,21.750849805303922,50026.95455219903,1.0672619047619047,379.9552722020145,0.015222311019897461,184.96227193920438,11213.528931341276,15.310629945653002,35214.4488750019,1.131060606060606,275.94089687567026,0.6604187488555908,193.9276664383335,11889.028931341276,15.990098526359512,36777.22661062687,1.1226950354609928,288.4076174612247,0.6025311946868896
vehicle_522,134.13016213096728,8625.066478840925,11.084590486329153,25494.55811855705,0.8632183908045978,200.58115027033708,0.020754337310791016,134.13016213096728,8625.066478840925,11.084590486329153,25494.55811855705,0.8632183908045978,200.58115027033708,0.5489258766174316,147.65287679791587,8367.321340681188,12.547643626165838,28859.580340181426,0.8759803921568627,221.47515477828065,0.5163605213165283
vehicle_523,322.20659170810666,17290.560834870153,101.40449657084031,263651.6910841848,0.9701754385964911,843.7337625135149,0.019534826278686523,264.27662131780215,14474.96059246246,84.00033927991672,218400.88212778344,1.0264705882352942,698.5638459865338,0.6013240814208984,269.20317582443846,14169.425861556743,86.1472255472822,223982.78642293366,1.013888888888889,714.0141440779487,0.5679657459259033
vehicle_524,177.76150532148702,9810.565727740584,56.92956506308931,148016.8691640322,0.9684210526315788,474.81869830984397,0.019896745681762695,172.44602786122124,9208.619719169717,54.736366955760616,142314.5540849776,0.9519047619047618,458.2048601810635,0.5314030647277832,172.44602786122124,9208.619719169717,54.736366955760616,142314.5540849776,0.9519047619047618,458.2048601810635,0.5191476345062256
vehicle_525,175.18371005407258,9353.849907728829,15.61798516457632,35921.36587852555,1.1566666666666667,267.4385941846566,0.010521888732910156,152.9797090165074,8255.685044400747,13.349901793124443,30704.77412418622,1.1892857142857143,233.91532097065362,0.6200249195098877,152.9797090165074,8255.685044400747,13.349901793124443,30704.77412418622,1.1892857142857143,233.91532097065362,0.5682346820831299
vehicle_526,241.6747206981861,15230.591297014531,20.51793838093692,47191.2582761549,1.0823529411764707,359.31866181936164,0.014223098754882812,147.8188921030392,10296.695148555149,12.34712645143338,28398.390838296775,1.0545454545454545,222.9601720024815,0.5669820308685303,207.18440620548313,13922.422712657712,17.590521778068585,40458.200089557744,1.0085106382978724,309.0894611212097,0.5732476711273193
vehicle_527,289.74268952140477,13883.231923965997,26.974991011681638,62042.47932686777,1.0339080459770116,438.81317835179584,0.014455318450927734,208.681119307081,11124.077764211026,18.83363623875544,43317.363349137515,0.9850694444444444,315.7900165464724,0.6607122421264648,212.27709708562767,11410.910456518719,19.01068568864836,43724.57708389122,1.0343537414965986,320.8437602928684,0.5989794731140137
vehicle_528,184.04491722768032,9679.438908231248,16.598286065498133,38176.0579506457,1.2185185185185186,281.91026577042044,0.016227245330810547,163.4656167090103,8676.28268945003,14.48467015042207,33314.74134597076,1.203763440860215,250.33668039457,0.5889778137207031,163.4656167090103,8676.28268945003,14.48467015042207,33314.74134597076,1.203763440860215,250.33668039457,0.5496418476104736
vehicle_529,179.62817353737242,10392.68299632145,15.316020329527444,35226.846757913125,0.9916666666666668,269.01179823954334,0.016920089721679688,133.01075543769483,7979.590839458704,11.254933998529422,25886.348196617673,0.9591397849462368,201.09337629076506,0.5822551250457764,147.75498031420807,9155.200644354582,12.073601753921293,27769.284034018972,0.8148148148148149,218.81424852206118,0.5502712726593018
vehicle_530,230.18700596430116,12385.08307971307,20.137601980882202,46316.48455602906,1.1755813953488372,346.07113067767636,0.01747870445251465,220.17451724181527,12920.729442160527,18.56693837505595,42703.95826262869,1.1034883720930233,327.6331843497365,0.6109325885772705,220.17451724181527,12920.729442160527,18.56693837505595,42703.95826262869,1.1034883720930233,327.6331843497365,0.5637800693511963
vehicle_531,331.12407818572314,17094.54867013601,30.524188302205612,70205.63309507292,1.0238505747126436,498.7320111855821,0.02373337745666504,217.20634078743572,12903.26698903933,18.43738208057184,42405.978785315245,0.9670289855072463,322.6477818756561,0.60013747215271,214.81936017195798,11689.562403870637,19.251967213546127,44279.52459115609,0.9961240310077518,324.287537217508,0.5511281490325928
vehicle_532,225.5346233509441,12492.14146062765,19.694891707402963,45298.25092702682,0.855185185185185,336.03097303442956,0.01460886001586914,198.0245172318308,10941.549728845577,17.19375701485892,39545.64113417552,0.8361788617886179,295.39441029313537,0.6026210784912109,199.3131621619702,10881.90194728517,17.91651465872527,41207.98371506813,0.8136363636363637,300.05484963287273,0.5411376953125
vehicle_533,80.60219436453151,5014.199089850337,23.54549729271801,61218.29296106682,1.342857142857143,213.15108533720698,0.010041475296020508,80.60219436453151,5014.199089850337,23.54549729271801,61218.29296106682,1.342857142857143,213.15108533720698,0.566824197769165,80.60219436453151,5014.199089850337,23.54549729271801,61218.29296106682,1.342857142857143,213.15108533720698,0.5112893581390381
vehicle_534,254.23248903214193,13268.487469091713,77.61796938063713,201806.72038965643,1.043971631205674,656.4477432110209,0.019034385681152344,181.04699098955717,9963.486111779426,54.16571638154343,140830.86259201288,1.1107843137254902,465.75105106557913,0.5899591445922852,187.77887191076672,10172.688397152331,57.18156394293932,148672.06625164222,1.0435185185185185,486.94762358763523,0.5424849987030029
vehicle_535,229.74424766039533,11866.039523809526,75.11013428738829,195286.34914720958,0.9359848484848484,617.9508896721323,0.019615650177001953,222.824184242953,12017.164240905297,71.57759091323129,186101.7363744014,0.9790697674418605,593.8409376615573,0.6131923198699951,227.38879092632445,12266.497574238629,72.8613865429295,189439.6050116167,0.9725925925925925,604.8290100041863,0.6216495037078857
vehicle_536,251.23170710302384,14771.269470139994,21.317878932852288,49031.121545560265,1.0307189542483661,372.2314217181412,0.016263246536254883,226.59827644017278,14036.742361853832,18.83421726747057,43318.6997151823,1.0553191489361702,335.2216493674023,0.7103044986724854,226.59827644017278,14036.742361853832,18.83421726747057,43318.6997151823,1.0553191489361702,335.2216493674023,0.7970855236053467
vehicle_537,210.64644528810044,10967.359791692697,19.750689975237584,45426.58694304643,1.1006666666666667,323.4530506619808,0.013396024703979492,188.73138427383512,10964.742247095115,16.046139744019918,36906.12141124581,1.1546511627906977,283.5543563571459,0.6637566089630127,188.73138427383512,10964.742247095115,16.046139744019918,36906.12141124581,1.1546511627906977,283.5543563571459,0.6723451614379883
vehicle_538,309.03456714525305,16823.927558923442,97.42736119518341,253311.1391074769,1.0532786885245902,811.377473217228,0.018930912017822266,258.9402931479688,14091.725997787387,79.07602660227492,205597.6691659148,0.8691823899371068,666.9266183914332,0.8275227546691895,258.9402931479688,14091.725997787387,79.07602660227492,205597.6691659148,0.8691823899371068,666.9266183914332,0.745335578918457
vehicle_539,217.82750979985525,12066.555426262119,68.52651409320885,178168.93664234295,1.0442028985507246,574.2539302031462,0.016362667083740234,216.29018638742633,12793.236682175808,64.88519386115765,168701.50403900986,1.0329931972789115,554.5997645221636,0.6481773853302002,216.29018638742633,12793.236682175808,64.88519386115765,168701.50403900986,1.0329931972789115,554.5997645221636,0.7241992950439453
vehicle_540,214.07475743297408,12770.34532134532,18.112128432561782,41657.8953948921,1.01,318.28271774060113,0.012979507446289062,153.24523705408367,8660.759336496834,13.053665491885484,30023.430631336618,0.9102564102564102,230.02189509843544,0.7698245048522949,166.99524365229053,9843.923225385724,14.178629363522143,32610.847536100926,0.8928571428571429,249.55138501663538,0.7222566604614258
vehicle_541,178.50818810919762,10285.598739558794,14.704096140367495,33819.42112284523,1.2114285714285715,267.00006528630934,0.04570960998535156,159.91808933087785,8808.269770580297,13.591647996847135,31260.790392748408,1.1348484848484848,241.67155576653732,0.6681451797485352,159.91808933087785,8808.269770580297,13.591647996847135,31260.790392748408,1.1348484848484848,241.67155576653732,0.572333574295044
vehicle_542,199.67265407582642,11663.678169711646,17.30622367849797,39804.31446054534,0.9638888888888888,299.08257195990285,0.028679609298706055,192.59054543318638,11587.072414650847,16.054070608461277,36924.36239946094,0.9918803418803418,285.9983331205881,0.6347200870513916,192.59054543318638,11587.072414650847,16.054070608461277,36924.36239946094,0.9918803418803418,285.9983331205881,0.5854842662811279
vehicle_543,230.7294117812827,12709.310546119303,20.02083604367376,46047.92290044963,1.175,346.11395604024017,0.015929460525512695,194.88587792866423,11078.230833538242,16.246630339371166,37367.249780553684,1.0425,289.6213159681696,0.6238436698913574,199.73664608105767,11525.223612248074,17.312058370124188,39817.73425128562,1.2013157894736843,301.5115468298177,0.6910881996154785
vehicle_544,280.8931548154998,15178.86490445724,24.579340286135338,56532.48265811127,1.0376923076923077,418.3831306854488,0.0161287784576416,241.87880574197155,12775.864996032335,20.96485115666037,48219.15766031885,0.9607843137254902,359.859756050315,0.6976640224456787,241.87880574197155,12775.864996032335,20.96485115666037,48219.15766031885,0.9607843137254902,359.859756050315,0.6297914981842041
vehicle_545,216.59244633413874,12116.695192712272,18.913737781989568,43501.59689857601,1.0599206349206347,325.12609025793523,0.019694089889526367,192.68314765153872,11754.629565977257,15.70069966995772,36111.60924090276,1.0390243902439025,284.8420647832045,0.7291128635406494,192.68314765153872,11754.629565977257,15.70069966995772,36111.60924090276,1.0390243902439025,284.8420647832045,0.6280748844146729
vehicle_546,223.41964359516948,13761.31732476658,18.147729302277167,41739.77739523749,1.0224489795918366,328.2053680482422,0.013958215713500977,163.72289255975645,10440.60622096575,13.667281242856799,31434.746858570634,1.041860465116279,245.37807181991593,0.6799628734588623,163.72289255975645,10440.60622096575,13.667281242856799,31434.746858570634,1.041860465116279,245.37807181991593,0.6073758602142334
vehicle_547,200.43427828430094,11114.640407936604,17.17034344798308,39491.78993036109,1.086904761904762,300.2424432565797,0.022829055786132812,200.43427828430094,11114.640407936604,17.17034344798308,39491.78993036109,1.086904761904762,300.2424432565797,0.6001827716827393,200.43427828430094,11114.640407936604,17.17034344798308,39491.78993036109,1.086904761904762,300.2424432565797,0.5625486373901367
vehicle_548,138.2546060698127,8864.561282163482,11.534449960485198,26529.23490911596,1.0058823529411764,208.44805753558475,0.0167691707611084,126.60123378970646,7796.402879551041,10.30680450586282,23705.65036348449,1.084,191.1409237855625,0.6204571723937988,126.60123378970646,7796.402879551041,10.30680450586282,23705.65036348449,1.084,191.1409237855625,0.534010648727417
vehicle_549,165.64499563017486,9243.870591543666,13.97393184494663,32140.04324337725,0.8686868686868687,246.76926537276103,0.010615825653076172,180.23420355674293,10639.273107287792,15.450902846922883,35537.07654792264,0.8517543859649123,268.96161529191977,0.5465295314788818,180.23420355674293,10639.273107287792,15.450902846922883,35537.07654792264,0.8517543859649123,268.96161529191977,0.6037702560424805
vehicle_550,164.34556427280484,9245.182870914867,14.343341516903019,32989.68548887695,1.27,251.33037821035182,0.02459573745727539,164.34556427280484,9245.182870914867,14.343341516903019,32989.68548887695,1.27,251.33037821035182,0.6052172183990479,169.0023760468436,9524.941858762855,14.418660556074924,33162.919278972324,1.309375,256.8352460102079,0.5673582553863525
vehicle_551,239.43606406966478,13760.550825367647,71.76851852134226,186598.1481554899,0.925,611.3510319056448,0.02728581428527832,191.82878760983925,11699.854001724394,57.01002101214964,148226.05463158913,0.9453488372093024,489.5823404876039,0.5830187797546387,204.28413634312045,12198.858022192231,61.011464021935346,158629.80645703193,0.9154761904761906,521.8847900303903,0.5511114597320557
vehicle_552,263.21952514680925,14511.709473672749,22.445043812592292,51623.60076896227,0.9730769230769231,389.2065438498935,0.028594255447387695,247.32516845327612,14055.7967459498,21.205131289525433,48771.8019659085,1.0226415094339623,367.48162798022895,0.5813007354736328,247.32516845327612,14055.7967459498,21.205131289525433,48771.8019659085,1.0226415094339623,367.48162798022895,0.5700557231903076
vehicle_553,233.71929529672326,13305.360110808508,72.94285069558707,189651.41180852635,0.9027777777777777,611.1572599165498,0.014571666717529297,175.8991348618802,10797.050746522475,51.279089425796926,133325.63250707198,0.8602564102564104,443.8963268563519,0.6887857913970947,173.0167537937379,10178.015158215063,51.742249486056984,134529.84866374818,0.8074561403508773,442.6297890603691,0.5980808734893799
vehicle_554,223.2451092418734,12571.730354181473,19.404837019827536,44631.12514560334,0.9042553191489362,332.8039948531064,0.01821112632751465,218.28225682208625,12366.009628437643,18.26248857135026,42003.72371410561,0.9818518518518516,322.8482208719221,0.6044178009033203,223.2451092418734,12571.730354181473,19.404837019827536,44631.12514560334,0.9042553191489362,332.8039948531064,0.5504992008209229
vehicle_555,81.8600562783545,4896.038090985669,24.62561013445716,64026.58634958861,1.157142857142857,217.9195461028982,0.008263587951660156,122.74342943658067,6609.1732315944255,37.79497982855067,98266.94755423177,1.0946666666666667,324.5008766992214,0.613950252532959,128.1821260834372,6346.295401405746,40.89524968480523,106327.64918049361,1.0436781609195402,344.85801595038254,0.5696580410003662
vehicle_556,2.965198043855658,268.3333333333333,0.2075638630698961,477.39688506076106,2.0,24.077554396242174,0.0037393569946289062,204.76196491108539,10690.38245098039,18.220118181406022,41906.271817233865,1.1139639639639638,309.971746138583,0.5298256874084473,22.84141106280834,1812.8333333333333,1.6507897401640332,3796.816402377276,1.3305555555555555,44.90448013399888,0.5535297393798828
vehicle_557,272.4901593531619,15800.56247129745,23.30683918878597,53605.730134207726,0.9307692307692308,402.72109273570004,0.01575160026550293,220.73340800421238,13592.628386209755,18.192241520695653,41842.1554976,0.8346938775510205,323.81728449048137,0.6857101917266846,239.56345891030546,13575.71388944787,20.733204291180094,47686.36986971421,0.8670212765957447,355.6707247681211,0.6186316013336182
vehicle_558,172.16968538864123,9980.135569584638,52.66685889381028,136933.83312390672,1.1136752136752137,449.41299187488494,0.03357744216918945,157.3526022677326,8785.928949450801,47.00323307278319,122208.40598923629,1.097979797979798,405.7891014307384,0.720604658126831,164.26503005887471,9387.557219700706,50.04790715084144,130124.55859218774,1.0416666666666667,427.52888726299875,0.5834479331970215
vehicle_559,246.99943652138828,12638.31635910386,76.62836244821776,199233.74236536617,1.1377551020408163,645.0294432159696,0.03156709671020508,169.28710205251255,9574.360269360268,49.87012915153646,129662.33579399483,1.063963963963964,431.93693196910124,0.5749177932739258,173.57444694557583,9329.726989724835,53.470977852463825,139024.5424164059,1.1607843137254903,455.12877017562903,0.5563497543334961
vehicle_560,288.91847750346216,15689.674844080791,25.04710225661972,57608.335190225356,1.0245283018867923,428.7575148176734,0.024084806442260742,184.50865236860378,11447.704719803301,15.261887081325181,35102.34028704792,1.0109756097560976,274.10776185051384,0.628342866897583,184.50865236860378,11447.704719803301,15.261887081325181,35102.34028704792,1.0109756097560976,274.10776185051384,0.7042949199676514
vehicle_561,245.17974920569344,12824.837887434996,22.01417760548806,50632.60849262254,1.0884057971014494,369.69715017288013,0.021037817001342773,190.7510646766535,10928.671904632756,15.605664716033454,35893.02884687694,1.089430894308943,282.70943939564154,0.6365575790405273,195.63728133473356,10689.952861878824,16.58222038398428,38139.10688316384,1.1543859649122803,293.06167425429965,0.5851321220397949
vehicle_562,154.7742684765181,8482.777909092409,13.614044959621813,31312.30340713017,1.1538461538461537,236.73928201005884,0.02197265625,154.55082544106955,8652.707550332394,13.542602728252604,31147.98627498099,1.1777777777777778,236.44514673520266,0.5537784099578857,154.55082544106955,8652.707550332394,13.542602728252604,31147.98627498099,1.1777777777777778,236.44514673520266,0.5006608963012695
vehicle_563,186.57119842595355,10422.306529207895,15.951807926992329,36689.15823208235,1.08,280.0253232079174,0.017390727996826172,180.3755079732642,10155.129642679938,15.274769156009333,35131.96905882146,1.1210526315789473,270.78074941428923,0.5821306705474854,180.3755079732642,10155.129642679938,15.274769156009333,35131.96905882146,1.1210526315789473,270.78074941428923,0.5451550483703613
vehicle_564,196.8308764349562,10149.04069256337,17.778185794352233,40889.82732701013,1.0918918918918918,299.45990229579274,0.024935245513916016,127.59509403553832,7892.791844919784,10.690038590612522,24587.088758408798,1.1350000000000002,194.58772916774532,0.6173501014709473,123.69384020215298,6917.094780219781,10.911985429599875,25097.566488079712,0.9962962962962962,190.13814552984303,0.5622477531433105
vehicle_565,218.99487392983625,12475.419313573702,18.48233032998878,42509.3597589742,0.9463768115942028,324.3356879494927,0.014929056167602539,159.99059934713617,10642.200871855099,12.439837453145348,28611.626142234298,1.0656862745098037,235.8028162668096,0.7042269706726074,162.1944524340616,10112.54033345609,13.295157960546668,30578.86330925734,0.9692982456140351,241.17226367445087,0.6212210655212402
vehicle_566,190.33392863021666,10176.313549915683,16.590677927309386,38158.55923281159,1.0625,286.7390720306291,0.01422882080078125,162.15641132855723,8602.98233551285,13.919267492880612,32014.315233625413,1.177777777777778,245.9202438861583,0.6812715530395508,162.62444174636863,8299.95185068806,14.359135827205003,33026.01240257151,1.0461538461538462,247.18720152467876,0.563575267791748
vehicle_567,229.37753981913127,11853.503797664323,20.25129094672795,46577.969177474275,1.1462121212121212,345.3887557086879,0.023595094680786133,199.39349290164319,10788.505391692348,17.724879592378993,40767.22306247168,1.2208333333333334,303.22303125011933,0.6184000968933105,209.80888425314896,10867.246316102197,18.475092572094614,42492.71291581761,1.1987804878048782,317.1908315239214,0.6135046482086182
vehicle_568,336.8156528202095,17703.473102299507,106.1155097736048,275900.32541137247,1.0323809523809524,882.6346426293485,0.0172579288482666,244.75765967824594,14437.435337206653,75.11415039132257,195296.79101743872,0.9857526881720428,634.1963372213588,0.6900715827941895,258.3322943550061,13790.954593628045,82.17038734578935,213643.0070990523,1.0286549707602337,683.3016015120074,0.6213333606719971
vehicle_569,258.0084169372105,14405.289458849827,76.29721762065518,198372.76581370347,0.93125,652.8084743346112,0.02274346351623535,166.04781860227408,9984.58633983878,49.20075654733265,127921.9670230649,0.9397435897435897,424.222533441884,0.6220190525054932,166.04781860227408,9984.58633983878,49.20075654733265,127921.9670230649,0.9397435897435897,424.222533441884,0.5949440002441406
vehicle_570,167.5226074104968,10196.50875235875,14.16728599026109,32584.757777600513,1.156060606060606,252.75200696473019,0.011003255844116211,167.5226074104968,10196.50875235875,14.16728599026109,32584.757777600513,1.156060606060606,252.75200696473019,0.5001993179321289,167.5226074104968,10196.50875235875,14.16728599026109,32584.757777600513,1.156060606060606,252.75200696473019,0.4929986000061035
vehicle_571,248.704610136957,13143.586331665787,21.786202519403805,50108.26579462875,0.9863945578231291,371.15056451544785,0.012835502624511719,215.41650310297206,11877.625653348145,18.724277213266152,43065.83759051214,1.046124031007752,322.79846993864373,0.6640756130218506,224.22639100758806,12171.38624956287,19.8361627949382,45623.17442835786,1.0303030303030305,337.091175910188,0.6030595302581787
vehicle_572,199.36933597085473,10696.501035546955,17.635860045041575,40562.47810359561,1.1576190476190475,302.096076959905,0.02102804183959961,187.72563527123876,10680.137591493318,16.01583958949635,36836.4310558416,1.179901960784314,282.57055771308956,0.626197338104248,187.32083215950541,10406.09295803502,16.269147117272983,37419.03836972785,1.1440860215053763,282.998009338156,0.5755255222320557
vehicle_573,273.4469307950849,15121.829524734103,23.96188191102726,55112.3283953627,1.1562893081761005,409.0197416332972,0.01679205894470215,228.54786366513247,13427.304479248187,18.882554842094358,43429.876136817016,1.1402777777777777,338.0932224531732,0.637627124786377,244.47636815291165,13409.937689255426,21.60661402480616,49695.21225705418,1.130503144654088,367.5394524149432,0.5947377681732178
vehicle_574,309.9075567876619,15981.227585051114,95.63545181012047,248652.17470631318,1.1094827586206895,803.6188733092076,0.021394968032836914,198.03490713460576,10745.992783160236,60.73842965740049,157919.91710924127,1.0049242424242424,514.7612958411729,0.6367197036743164,201.58427643406534,11026.151833950364,61.37287757625938,159569.48169827438,1.0704545454545455,522.2160297237828,0.5800609588623047
vehicle_575,188.22976696348795,10456.360563405698,16.17101104117715,37193.32539470744,0.9212962962962964,281.2023297332827,0.014122247695922852,188.22976696348795,10456.360563405698,16.17101104117715,37193.32539470744,0.9212962962962964,281.2023297332827,0.6424729824066162,188.22976696348795,10456.360563405698,16.17101104117715,37193.32539470744,0.9212962962962964,281.2023297332827,0.5835714340209961
vehicle_576,216.51261911168638,11194.27645060857,20.15073867535532,46346.698953317224,1.1050724637681157,331.4265583624243,0.017819643020629883,190.30807410387078,10169.545032471306,17.021014864001348,39148.33418720311,1.0728070175438595,288.96609221944703,0.5743348598480225,190.30807410387078,10169.545032471306,17.021014864001348,39148.33418720311,1.0728070175438595,288.96609221944703,0.5510265827178955
vehicle_577,201.42348126752034,11602.936792651793,17.48071301816634,40205.63994178259,0.9703703703703703,301.7537880600146,0.02094244956970215,201.42348126752034,11602.936792651793,17.48071301816634,40205.63994178259,0.9703703703703703,301.7537880600146,0.5828628540039062,201.42348126752034,11602.936792651793,17.48071301816634,40205.63994178259,0.9703703703703703,301.7537880600146,0.5480642318725586
vehicle_578,245.45840916856173,14476.992840737696,20.995482310377387,48289.60931386799,1.028846153846154,364.7456691591151,0.01718902587890625,168.33266327577263,10681.566926770709,13.611791693509272,31307.120895071326,0.9324999999999999,248.68372366742193,0.6289081573486328,161.85421948178237,10014.436363636361,13.746677509347238,31617.358271498644,0.9643518518518519,243.01291342582493,0.6011173725128174
vehicle_579,207.66305798395106,11208.267799190608,18.323535626400837,42144.13194072193,1.0333333333333334,312.72747717128595,0.017128467559814453,229.56494581797585,12065.070515003941,20.25740673393434,46592.03548804898,1.0280701754385964,344.48408971842355,0.554530143737793,49.605870465664516,2884.384343434343,4.400675112705239,10121.552759222048,0.8472222222222223,80.88268612458913,0.527949333190918
vehicle_580,323.6169399559267,17623.96249275165,100.76611507103826,261991.89918469958,0.9546948356807512,841.8900088048009,0.0148468017578125,272.9522324487487,16131.139101572342,82.59848433985697,214756.0592836281,0.9523809523809524,699.9493356445021,0.6982901096343994,285.3104971572321,15910.614109538712,88.98205788965427,231353.35051310112,0.8414141414141414,743.0545430500722,0.6225292682647705
vehicle_581,248.8160158328834,13043.71329917314,22.420613577017917,51567.41122714122,1.0118518518518518,374.66085593070625,0.015676021575927734,214.99645506925899,12192.135606964182,18.53727750714465,42635.7382664327,0.9739837398373985,320.80938433862406,0.6316208839416504,217.24591259442903,11641.35570280126,19.38505229643075,44585.62028179075,0.9507936507936507,326.9128205019641,0.5714824199676514
vehicle_582,239.5885146904103,13217.109043203822,21.14372434086238,48630.56598398348,0.890251572327044,357.88107129666037,0.012418985366821289,197.98440493308195,11490.766549999136,16.90326939730765,38877.51961380759,0.8772727272727273,294.46535878956945,0.6948041915893555,197.98440493308195,11490.766549999136,16.90326939730765,38877.51961380759,0.8772727272727273,294.46535878956945,0.6362299919128418
vehicle_583,115.10429641695839,5579.419208255057,37.467687504568545,97415.98751187822,1.0714285714285712,314.70685832304656,0.007964134216308594,121.5107969788977,6721.809429091601,38.7358676454634,100713.25587820483,0.8839285714285714,325.8965902063592,0.6668641567230225,121.5107969788977,6721.809429091601,38.7358676454634,100713.25587820483,0.8839285714285714,325.8965902063592,0.5904409885406494
vehicle_584,233.890677607307,13016.967343359069,20.47343168546227,47088.892876563215,1.001063829787234,349.88429859453487,0.02088022232055664,191.5253190272655,11293.292806259187,16.378300935576892,37670.09215182685,0.9621212121212122,286.17506160587857,0.7263481616973877,190.27801263764024,10854.910640176944,16.602368485896243,38185.447517561355,0.9804878048780489,286.1099860715067,0.6019361019134521
vehicle_585,333.8191512479346,17425.426895028504,105.74629011755854,274940.3543056522,1.0200520833333333,877.5915190287908,0.015533924102783203,257.40252814659505,14214.056766646056,80.96167080007692,210500.34408019998,1.0439102564102565,676.5983338129283,0.6874148845672607,260.7423037058435,13462.703095978093,82.69981711877585,215019.52450881718,0.9760416666666667,687.7414457152722,0.6131014823913574
vehicle_586,242.2104970897244,13198.17680677824,20.353364745215295,46812.73891399517,1.034722222222222,357.99070326212814,0.02483081817626953,192.43342285057028,10826.165368501599,16.114550446103863,37063.46602603888,0.9914529914529913,285.92797315353664,0.6515252590179443,192.43342285057028,10826.165368501599,16.114550446103863,37063.46602603888,0.9914529914529913,285.92797315353664,0.5927736759185791
vehicle_587,231.14463261139807,12426.86529026529,20.464182401176163,47067.61952270517,0.782608695652174,344.74353859887435,0.025437116622924805,231.30360574504576,12363.270233243993,20.40602324795298,46933.85347029185,0.7375000000000002,344.14296371626733,0.6010510921478271,231.14463261139807,12426.86529026529,20.464182401176163,47067.61952270517,0.782608695652174,344.74353859887435,0.5656886100769043
vehicle_588,313.3622730172286,17042.6185702351,27.31960657068189,62835.09511256836,1.0525423728813559,465.2197903134058,0.018369674682617188,261.17603668329343,14600.81288041003,22.45660224212757,51650.18515689341,0.9944444444444444,387.45927369404524,0.6576340198516846,278.5883319514577,15483.110589540633,23.939055078799306,55059.8266812384,1.0309090909090908,412.89356230719534,0.5866448879241943
vehicle_589,241.52588949954801,14456.86046998763,20.162469334576937,46373.679469526935,1.0362318840579712,356.716349588009,0.013979911804199219,183.93833779591768,11744.810761914585,15.139183768534423,34820.12266762918,1.1271317829457366,274.1680219019123,0.734250545501709,183.93833779591768,11744.810761914585,15.139183768534423,34820.12266762918,1.1271317829457366,274.1680219019123,0.6152298450469971
vehicle_590,228.34613764292328,12472.219263222669,68.48297563320665,178055.7366463373,1.1654166666666668,585.8796878265184,0.03529238700866699,178.10162353071658,10068.331829675537,53.57782236992867,139302.3381618145,1.1754385964912282,460.54188018684874,0.6503555774688721,178.10162353071658,10068.331829675537,53.57782236992867,139302.3381618145,1.1754385964912282,460.54188018684874,0.550295352935791
vehicle_591,260.9755809798772,14936.75584378072,78.64457504153978,204475.89510800346,0.9823529411764704,668.1710844448354,0.023002147674560547,152.49119980958721,9632.567575504418,43.47571066894785,113036.84773926441,1.0151515151515151,382.6969815212595,0.627211332321167,159.39893857038794,9426.07892467726,46.69988352126554,121419.69715529041,1.078125,406.29796143357044,0.6003410816192627
vehicle_592,279.1570364398247,16321.534195517039,23.720178892277975,54556.41145223936,1.1028735632183908,413.3204260321532,0.015391111373901367,267.05208423226264,14862.811683088154,22.815502131133602,52475.65490160729,0.8887820512820512,394.14597420160896,0.6961710453033447,272.4197881916909,15597.995699948488,22.974543307667087,52841.44960763431,0.9347701149425286,400.97298246277063,0.6391201019287109
vehicle_593,317.9306299471747,15197.831453222521,105.36249046408457,273942.47520661994,1.1128654970760234,860.0933570864752,0.016286611557006836,253.5065338892298,12843.767280153483,80.04833297195722,208125.66572708884,1.030817610062893,667.6240879830208,0.6876847743988037,253.5065338892298,12843.767280153483,80.04833297195722,208125.66572708884,1.030817610062893,667.6240879830208,0.6187386512756348
vehicle_594,175.52930735397464,9752.935077603132,54.91068958686003,142767.7929258361,1.1823529411764704,464.615433332707,0.013349771499633789,125.89700323008675,7806.743455432253,37.02902862094322,96275.4744144524,1.1923076923076923,325.133763106611,0.7256443500518799,120.86715418031557,7493.372250454436,35.39237382094689,92020.1719344619,1.1846153846153846,311.75666942299677,0.6382391452789307
vehicle_595,176.2217147930654,8883.8149042478,57.52333744944883,149560.67736856692,1.0240740740740741,476.5468691433413,0.010911703109741211,151.69140288025025,8591.289501494886,46.34452181526324,120495.75671968443,1.1541666666666668,397.3421479292039,0.6669421195983887,168.5087137744487,8860.922279353734,51.46474443899741,133808.33554139326,1.012121212121212,438.4150153904684,0.6143662929534912
vehicle_596,170.5037779591456,9560.407961569006,15.250828820461876,35076.90628706231,1.0189189189189187,259.6027801288578,0.011601924896240234,151.74730907542244,8524.258939775844,12.568036281027762,28906.483446363844,1.1516129032258062,228.47146921831256,0.6503450870513916,151.74730907542244,8524.258939775844,12.568036281027762,28906.483446363844,1.1516129032258062,228.47146921831256,0.5803220272064209
vehicle_597,364.84708230818813,20537.64594909452,31.347221810356263,72098.6101638194,1.077948717948718,538.0675801919829,0.02084827423095703,244.95630396838428,14963.752232441855,20.352276471349178,46810.2358841031,1.0041666666666669,360.91595083414177,0.6927337646484375,244.95630396838428,14963.752232441855,20.352276471349178,46810.2358841031,1.0041666666666669,360.91595083414177,0.6399965286254883
vehicle_598,204.2337891915433,11802.218510894354,17.477425474566314,40198.078591502526,0.9637681159420289,304.53699175459917,0.02508234977722168,165.4723153526534,9490.789381963064,13.913825055546145,32001.797627756132,0.8083333333333333,245.76110434759607,0.6634917259216309,165.4723153526534,9490.789381963064,13.913825055546145,32001.797627756132,0.8083333333333333,245.76110434759607,0.6022095680236816
vehicle_599,167.53026164678266,9463.124067149067,14.508691164362123,33369.989678032885,0.9214814814814813,251.91717785761614,0.017160415649414062,130.5235064890775,8085.306824274027,11.308225962657168,26008.919714111486,0.9431372549019607,198.74192741368128,0.637946367263794,130.5235064890775,8085.306824274027,11.308225962657168,26008.919714111486,0.9431372549019607,198.74192741368128,0.5730054378509521
vehicle_600,132.2417449994763,7619.039966602024,10.945029346608619,25173.56749719982,1.0761111111111112,199.8444028343533,0.024848222732543945,126.84464974362197,7602.798694890381,10.366376545449473,23842.666054533784,1.046111111111111,191.24953210833888,0.5446734428405762,126.84464974362197,7602.798694890381,10.366376545449473,23842.666054533784,1.046111111111111,191.24953210833888,0.5882961750030518
vehicle_601,242.0690047046557,13828.635999970591,73.22305388446244,190379.94009960236,0.9081481481481481,621.1070433862191,0.027493000030517578,209.38460660934888,12264.987476329774,62.839198175770335,163381.91525700287,0.907482993197279,536.0623683858205,0.6034033298492432,209.38460660934888,12264.987476329774,62.839198175770335,163381.91525700287,0.907482993197279,536.0623683858205,0.6807124614715576
vehicle_602,183.2164278733171,10315.255577209095,16.7947320456016,38627.883704883694,1.079059829059829,280.84603516337035,0.018842458724975586,169.09130582919497,9333.838910542427,15.7217075612696,36159.927390920086,1.1035353535353534,261.3279302016027,0.6786906719207764,165.506182625758,9057.280378317335,15.288309746600376,35163.11241718088,1.0811827956989246,255.27547053194837,0.5861866474151611
vehicle_603,331.59865939233214,18367.12565105225,29.38537720859009,67586.3675797572,0.9656410256410256,493.28393503920734,0.015635013580322266,275.37861875766816,16352.718377700729,22.763339338798932,52355.68047923756,0.921111111111111,402.9488483343574,0.7341561317443848,284.8108691589973,17171.42853320812,23.910840983438007,54994.93426190743,1.0088888888888887,419.2238042243007,0.6344661712646484
vehicle_604,174.87192841419528,10198.870141596753,55.60950303878632,144584.70790084443,1.003658536585366,465.7890484577574,0.017612218856811523,175.5842419667975,10080.332638422578,53.8595788514948,140034.90501388648,0.9407407407407408,457.08963603124073,0.6440320014953613,174.87192841419528,10198.870141596753,55.60950303878632,144584.70790084443,1.003658536585366,465.7890484577574,0.565453052520752
vehicle_605,191.84776595292195,11415.55169832237,16.009589072552764,36822.05486687136,1.0422764227642276,285.48946212619535,0.017562150955200195,189.1878741405909,11467.945355258827,15.56979958552327,35810.539046703525,1.00375,280.25991244466803,0.6335701942443848,195.88261452682056,12114.44794376316,15.842482451432085,36437.70963829379,0.9464285714285714,287.9244369270898,0.5768413543701172
vehicle_606,137.87867752567925,9272.31588190149,10.589362336845147,24355.533374743834,0.9878787878787879,203.27992038922105,0.014953851699829102,113.64821116462382,7722.811993929798,8.830782234464449,20310.799139268234,0.9481481481481482,169.42882937229695,0.6735415458679199,112.25695306406826,8040.1127930623425,8.740181975874984,20102.418544512464,1.0,168.19122760818271,0.6323025226593018
vehicle_607,238.6035129698241,12547.206798201796,21.325981384227823,49049.75718372399,0.9137037037037036,357.85579214972296,0.013574361801147461,230.81901200460265,12217.920811235548,20.621186716914384,47428.729448903076,0.8614814814814813,345.93362729599926,0.7164652347564697,231.30567852107635,12228.997734312472,20.643221593368235,47479.40966474694,0.8570370370370368,346.48910067337465,0.6042470932006836
vehicle_608,218.5748087788957,12877.286704457965,18.007463282167606,41417.1655489855,0.9666666666666668,321.85581594097204,0.02589106559753418,132.65912828804036,9191.486378570908,10.13952722704309,23320.912622199095,1.0127192982456141,196.03714806642608,0.6178812980651855,132.65912828804036,9191.486378570908,10.13952722704309,23320.912622199095,1.0127192982456141,196.03714806642608,0.6649024486541748
vehicle_609,227.76579099497383,12411.46476255922,19.517314782309448,44889.823999311724,1.1884615384615387,340.68460939184735,0.014158487319946289,214.31722771174515,12149.22703078826,17.653028520271242,40601.96559662386,1.1275,317.23215559943145,0.6833500862121582,216.4180063812933,12318.061333808198,18.328347418640007,42155.19906287202,1.1046511627906976,322.5279388062359,0.7235231399536133
vehicle_610,157.25237826454992,8976.239824607028,13.494937826606062,31038.357001193945,0.9719047619047618,236.9395149679076,0.012866020202636719,152.19591910724475,9346.796103896106,12.35142064524967,28408.267484074247,0.9521929824561403,226.07128440913675,0.8736329078674316,152.19591910724475,9346.796103896106,12.35142064524967,28408.267484074247,0.9521929824561403,226.07128440913675,0.6900899410247803
vehicle_611,290.37931287594097,15621.99291662831,91.77745786723355,238621.3904548073,1.0632768361581921,764.2388130505319,0.016674041748046875,161.56266787532567,10426.58221595656,46.736118727909485,121513.90869256467,0.9350877192982454,407.49041154562127,0.8139309883117676,161.56266787532567,10426.58221595656,46.736118727909485,121513.90869256467,0.9350877192982454,407.49041154562127,0.7450556755065918
vehicle_612,124.88994748457635,7912.907216835451,36.13582674344294,93953.14953295165,0.8375000000000001,316.1421109842454,0.011903524398803711,78.43506236667704,4736.451477487081,22.51127677821257,58529.31962335269,0.869298245614035,201.00010967984886,0.6205544471740723,120.63884840575624,7328.173198356793,34.28685105295577,89145.81273768499,0.7988505747126438,302.09721308387174,0.6561591625213623
vehicle_613,292.0969252560254,15612.613495163983,93.41963953568522,242891.06279278154,1.1017241379310345,774.5492013957519,0.015063047409057617,216.76481596727785,12623.201162681646,67.9049155083953,176552.78032182774,1.0403846153846155,570.1996844305122,0.6974265575408936,216.76481596727785,12623.201162681646,67.9049155083953,176552.78032182774,1.0403846153846155,570.1996844305122,0.6156492233276367
vehicle_614,166.28462441991047,9466.191422466421,49.388448474875524,128409.96603467636,1.0652777777777775,426.5091421894176,0.013220071792602539,146.74955894889555,8521.624755799754,43.85182984621842,114014.75760016794,1.1145161290322585,379.52098745803244,0.6650905609130859,146.74955894889555,8521.624755799754,43.85182984621842,114014.75760016794,1.1145161290322585,379.52098745803244,0.5608055591583252
vehicle_615,315.3120842202335,17710.922981916447,98.2990526588163,255577.5369129223,1.0793650793650793,822.5206991362759,0.021587133407592773,225.60521459419886,13636.08731710563,71.19683274499158,185111.76513697807,1.0629629629629629,596.0068099813157,0.8034288883209229,225.60521459419886,13636.08731710563,71.19683274499158,185111.76513697807,1.0629629629629629,596.0068099813157,0.6381196975708008
vehicle_616,316.5129036546099,17938.446114613314,96.95900086627077,252093.40225230402,1.044871794871795,816.7395276331854,0.01727294921875,225.1272466159872,14538.427585793148,67.38015189826203,175188.39493548125,0.9657738095238094,575.7241963097002,0.6898980140686035,231.87592011072658,15063.826137638129,69.09226676489602,179639.89358872967,0.9236842105263159,590.7584921898138,0.6532042026519775
vehicle_617,236.26648680688365,13619.404313754798,20.697206890174026,47603.57584740026,1.0385802469135803,353.92149159182145,0.025706768035888672,199.0715281296635,11817.566167369725,16.79146941895786,38620.379663603075,0.9261904761904763,295.5734372550714,0.5895962715148926,199.0715281296635,11817.566167369725,16.79146941895786,38620.379663603075,0.9261904761904763,295.5734372550714,0.6494884490966797
vehicle_618,256.4865168705499,14301.01110245344,22.14077714257388,50923.78742791992,1.1282608695652174,382.4455143630863,0.031154155731201172,239.49947368601389,13703.238223830676,20.345475967612522,46794.59472550878,1.0708333333333335,355.74164191958505,0.7091140747070312,239.49947368601389,13703.238223830676,20.345475967612522,46794.59472550878,1.0708333333333335,355.74164191958505,0.5940811634063721
vehicle_619,245.69440496270295,13235.725487963184,21.65369087030681,49803.48900170567,1.2048780487804878,369.68823021536497,0.015195131301879883,207.7130742341683,11421.593765216025,18.066580516439178,41553.135187810105,1.1638297872340424,312.8569396234868,0.6628022193908691,216.75603211441015,12190.829500702726,18.4315810882171,42392.63650289934,1.2848837209302324,325.14911629277094,0.6095421314239502
vehicle_620,355.0340671819072,18639.22128648805,31.528529059531753,72515.61683692301,1.139344262295082,529.2477165709856,0.023087024688720703,232.92888372728274,13704.957238765399,18.96781166214115,43625.966822924645,0.9864583333333332,341.43945793764556,0.6427552700042725,235.3414607603532,12894.298867140242,21.16318035685038,48675.31482075585,1.041304347826087,355.1521557081827,0.6033577919006348
vehicle_621,247.12999521352666,13174.277003819569,21.86554168097234,50290.74586623638,1.0615942028985506,370.73316703732377,0.020169734954833984,205.42454998422397,12263.497081417732,17.083499950445596,39292.04988602486,0.9953488372093022,304.20206507560545,0.6459641456604004,205.42454998422397,12263.497081417732,17.083499950445596,39292.04988602486,0.9953488372093022,304.20206507560545,0.5918991565704346
vehicle_622,153.67221088918419,7925.731227106227,49.46758087324674,128615.71027044153,1.1085858585858586,414.29756584880596,0.020287275314331055,144.73484461664285,7564.85325091575,46.207092897404436,120138.44153325153,1.1388888888888888,389.2605461178083,0.6142897605895996,144.73484461664285,7564.85325091575,46.207092897404436,120138.44153325153,1.1388888888888888,389.2605461178083,0.5692574977874756
vehicle_623,299.2203430249369,17068.98274043433,94.137331827843,244757.0627523918,1.0890625,785.539011258717,0.014899015426635742,265.2179741615452,15531.02195653752,81.52240568039474,211958.2547690263,0.9377604166666667,686.5217794958905,0.7019164562225342,265.2179741615452,15531.02195653752,81.52240568039474,211958.2547690263,0.9377604166666667,686.5217794958905,0.6255154609680176
vehicle_624,190.04842129605538,11178.272519632903,16.63272870025529,38255.276010587164,1.0435897435897434,286.7530379331273,0.026240110397338867,188.45442571641826,10271.492382749035,16.65835474029419,38314.21590267663,1.0454954954954954,285.05434670138555,0.5876140594482422,188.45442571641826,10271.492382749035,16.65835474029419,38314.21590267663,1.0454954954954954,285.05434670138555,0.5561094284057617
vehicle_625,200.55071759180484,13120.9452142947,57.30811724965739,149001.10484910925,1.0725925925925925,501.4619367699885,0.01375436782836914,154.63329435161282,10891.877540126212,44.01005556613259,114426.14447194476,1.1083333333333334,388.79242705453305,0.685849666595459,154.63329435161282,10891.877540126212,44.01005556613259,114426.14447194476,1.1083333333333334,388.79242705453305,0.6002652645111084
vehicle_626,117.446453973732,7183.454431216931,9.471928543338505,21785.435649678562,0.9971264367816093,176.772765066912,0.008968353271484375,104.33626641967666,6600.088717356431,8.309419596505181,19111.665071961914,1.0479166666666668,158.19588904591268,0.611346960067749,104.33626641967666,6600.088717356431,8.309419596505181,19111.665071961914,1.0479166666666668,158.19588904591268,0.5566778182983398
vehicle_627,181.2950303813067,10061.071501807372,15.79663914516468,36332.27003387876,1.14375,274.51046819096547,0.02807903289794922,181.2950303813067,10061.071501807372,15.79663914516468,36332.27003387876,1.14375,274.51046819096547,0.5576567649841309,190.01400950866304,10728.428644664515,16.556623698548936,38080.234506662564,1.1028571428571428,286.8058184979415,0.5402705669403076
vehicle_628,223.44118516098658,11410.048400234828,20.20069786946837,46461.60509977726,1.1163265306122447,338.777397703405,0.019725799560546875,222.78860601790757,11679.443029136251,19.34622094777046,44496.30817987207,1.0829787234042552,333.593787721118,0.6314544677734375,220.8534497983496,11491.090648820324,19.506704066584007,44865.419353143225,1.0796296296296295,332.3752360522383,0.6017780303955078
vehicle_629,185.01196311802028,10415.551704523288,15.739629879688529,36201.148723283615,1.2106060606060607,278.70938192933556,0.019118309020996094,185.01196311802028,10415.551704523288,15.739629879688529,36201.148723283615,1.2106060606060607,278.70938192933556,0.6172409057617188,185.01196311802028,10415.551704523288,15.739629879688529,36201.148723283615,1.2106060606060607,278.70938192933556,0.5688228607177734
vehicle_630,252.50531883690823,13267.602394798078,22.16347148761169,50975.984421506895,0.902127659574468,376.02939798037744,0.013016939163208008,220.77586503388355,12041.670681339388,18.949559741088805,43583.98740450425,0.8737588652482269,327.6061609144041,0.6948285102844238,252.50531883690823,13267.602394798078,22.16347148761169,50975.984421506895,0.902127659574468,376.02939798037744,0.6370923519134521
vehicle_631,282.4076441476732,14356.26455574935,25.611672250233063,58906.84617553605,1.1774305555555555,426.22816221987995,0.026947021484375,196.95259216754087,11156.947845226448,16.999162880742727,39098.074625708265,0.9372093023255813,294.41965177373993,0.6388816833496094,196.95259216754087,11156.947845226448,16.999162880742727,39098.074625708265,0.9372093023255813,294.41965177373993,0.6220340728759766
vehicle_632,222.8687694334101,14090.393895490182,64.52753605518245,167771.5937434744,0.8673913043478261,558.0943610571035,0.013997554779052734,181.4951316306492,12142.974005406357,51.14106227139996,132966.7619056399,0.8560975609756097,449.13446693224023,0.8236639499664307,201.28082366692476,12334.510311033997,58.345561467707334,151698.4598160391,0.8920634920634921,505.3555187902724,0.6541545391082764
vehicle_633,149.5032797721048,8910.792802561064,43.874452718725664,114073.57706868673,0.8801075268817206,380.15183885748394,0.0169830322265625,143.0615762063474,8731.844423450648,43.15416222552226,112200.82178635792,0.9361111111111112,370.61901078491724,0.7068440914154053,143.0615762063474,8731.844423450648,43.15416222552226,112200.82178635792,0.9361111111111112,370.61901078491724,0.6134488582611084
vehicle_634,214.9512006070009,12050.119886496468,18.830438392466633,43310.00830267325,0.9196296296296296,321.64694438965716,0.011658668518066406,210.03854476367817,12335.568025643313,18.208962355397656,41880.6134174146,0.9523809523809523,314.03371273826576,0.8050899505615234,214.95174139332497,11915.396654173235,18.921981834313073,43520.55821892006,0.9097826086956521,321.96930905578387,0.6729297637939453
vehicle_635,336.55904689023964,19962.87183906268,28.697541018777915,66004.3443431892,1.123671497584541,496.82870913749207,0.01958489418029785,223.75949769853833,14097.353903836103,18.682422395569823,42969.57150981059,0.9871794871794872,330.9593361881368,0.7535018920898438,223.31204247223778,13522.624913502275,18.785836114727164,43207.42306387247,0.9363945578231291,330.3614533223,0.6658031940460205
vehicle_636,80.9922679143475,4659.638479130931,24.004342919836397,62411.29159157462,1.0148148148148148,212.45647468365846,0.011049032211303711,149.13352108984083,8013.416232590718,47.034328683991774,122289.25457837859,0.9474747474747475,396.0058609380446,0.6422276496887207,149.58884844367364,7877.293036421764,47.786440892807526,124244.74632129956,0.8444444444444444,399.1536343067173,0.51910400390625
vehicle_637,173.57265029731036,10060.326722606758,14.299044154051094,32887.80155431752,0.9444444444444445,257.3068507127344,0.006256818771362305,148.729358612606,8587.290277660051,12.501697678989617,28753.904661676115,0.7683908045977014,221.3071134639922,0.3748917579650879,148.729358612606,8587.290277660051,12.501697678989617,28753.904661676115,0.7683908045977014,221.3071134639922,0.321258544921875
vehicle_638,182.91555661589794,8974.884112554111,17.417706536709176,40060.72503443111,1.0833333333333335,283.33044599737553,0.008157968521118164,120.2278019704764,6992.083243311459,10.277524550004369,23638.30646501005,1.0265432098765432,183.82310216462798,0.33112168312072754,120.2278019704764,6992.083243311459,10.277524550004369,23638.30646501005,1.0265432098765432,183.82310216462798,0.3069112300872803
vehicle_639,126.19875846164886,6810.533352675694,11.440858532082217,26313.974623789098,1.1706666666666665,197.00153260891432,0.007688760757446289,126.98743451162375,7167.769534038191,11.008064623957518,25318.548635102296,1.14320987654321,195.45090348963183,0.31938838958740234,126.09713441702885,7041.032150369336,11.394111504719927,26206.456460855836,1.1902777777777778,196.92631198239775,0.43741846084594727
vehicle_640,259.16327598709154,14023.924083944568,83.07844997748848,216003.96994147004,1.0461538461538462,688.9125988038347,0.016366004943847656,204.36584724918137,12326.97659883489,61.03031012902309,158678.80633546002,0.9197278911564625,522.1388369722044,0.45799732208251953,204.36584724918137,12326.97659883489,61.03031012902309,158678.80633546002,0.9197278911564625,522.1388369722044,0.5195362567901611
vehicle_641,165.93847329778387,10191.480017935824,13.755625992354155,31637.939782414556,0.9856481481481482,247.40405141268496,0.03248763084411621,161.16137156918745,10315.293289571728,13.201939105548686,30364.459942761972,0.9083333333333333,239.11975967736748,0.5711162090301514,161.16137156918745,10315.293289571728,13.201939105548686,30364.459942761972,0.9083333333333333,239.11975967736748,0.3505542278289795
vehicle_642,246.52729723064567,13501.576776243845,21.711847780874823,49937.249896012094,1.0043478260869565,368.88045238929044,0.008798360824584961,161.1093315500248,9656.061790713899,13.4986475170304,31046.88928916992,0.9263888888888887,240.5486974103751,0.457899808883667,161.1093315500248,9656.061790713899,13.4986475170304,31046.88928916992,0.9263888888888887,240.5486974103751,0.36389994621276855
vehicle_643,190.05794716686572,10688.852317519406,57.6761925523642,149958.1006361469,1.04,491.8080355724421,0.021384239196777344,175.22639201510123,9927.576931078629,52.783150370582334,137236.19096351406,1.1133333333333333,453.0331374599792,0.6804132461547852,174.74667744888987,10031.808882783882,52.946310799274755,137660.40807811433,1.0400000000000003,452.6648450238148,0.6671991348266602
vehicle_644,112.44618508948405,7773.49488596969,8.935497505701832,20551.64426311421,0.9619047619047618,168.90202437203243,0.016559362411499023,112.44618508948405,7773.49488596969,8.935497505701832,20551.64426311421,0.9619047619047618,168.90202437203243,0.6970620155334473,112.44618508948405,7773.49488596969,8.935497505701832,20551.64426311421,0.9619047619047618,168.90202437203243,0.6457867622375488
vehicle_645,210.0141156602854,12041.246515984016,64.49029840956891,167674.77586487914,1.032371794871795,546.1341163557324,0.023447036743164062,187.8555783293062,10935.677509004632,56.440598550665484,146745.55623173024,1.0666666666666667,483.762925946246,0.7528111934661865,202.57306478840977,11565.257875457875,61.8705828638667,160863.51544605344,0.9979591836734694,525.1181425765496,0.6078481674194336
vehicle_646,328.8554642143194,16660.746418492174,28.598222935928458,65775.91275263546,1.049090909090909,486.9654731011186,0.017165184020996094,215.7978979065867,11331.400121347811,18.853068850140637,43362.058355323476,0.9841463414634146,323.0523167167429,0.6927354335784912,216.36700372549265,10763.72685341922,19.56022751414096,44988.523282524206,1.0986111111111112,328.14417653325836,0.6304855346679688
vehicle_647,184.6036391302941,9984.684654046,16.356425360963154,37619.77833021525,1.149099099099099,280.65028044111364,0.01690983772277832,168.08560525936005,8876.87128408263,14.90189122126153,34274.34980890152,1.1666666666666665,256.72752561124616,0.5794582366943359,178.26702697030476,9375.737149077457,16.070979391974735,36963.25260154189,0.9905405405405403,271.1317007658831,0.5560317039489746
vehicle_648,255.4271865726269,14248.269137330135,79.2230301664415,205979.878432748,1.084313725490196,666.3433271978836,0.014452219009399414,181.44478185736543,10003.35614052614,57.095993650612,148449.58349159124,0.8807692307692309,478.5111524571528,0.6957030296325684,181.44478185736543,10003.35614052614,57.095993650612,148449.58349159124,0.8807692307692309,478.5111524571528,0.6041905879974365
vehicle_649,212.33850511726695,11989.27613270668,18.087471621108165,41601.18472854877,1.2828947368421053,318.9351650725362,0.013340473175048828,197.03030831666007,11460.088176100511,16.883568731044782,38832.208081403,1.103846153846154,295.6699713370401,0.7154557704925537,197.03030831666007,11460.088176100511,16.883568731044782,38832.208081403,1.103846153846154,295.6699713370401,0.6507959365844727
vehicle_650,206.66140888926537,9876.921575091576,19.028480699518312,43765.505608892105,1.0029914529914528,314.5773162431858,0.03133654594421387,206.66140888926537,9876.921575091576,19.028480699518312,43765.505608892105,1.0029914529914528,314.5773162431858,0.5893545150756836,206.66140888926537,9876.921575091576,19.028480699518312,43765.505608892105,1.0029914529914528,314.5773162431858,0.5412626266479492
vehicle_651,272.7243117533669,14460.633575680404,24.13738852699044,55515.99361207802,1.03179012345679,407.7459982827982,0.01710796356201172,196.84015913122403,11382.418392318195,16.73583501570731,38492.42053612682,1.085,294.53111709651563,0.6454160213470459,202.6532735415555,11240.090170935107,17.291410349449084,39770.2438037329,0.9629166666666666,301.8617392251718,0.5768418312072754
vehicle_652,123.8049892967873,7421.885063828647,10.37154355482507,23854.550176097662,0.9142857142857144,186.86719895372218,0.02262258529663086,102.51664800113068,6528.194377104377,8.41014843762776,19343.34140654385,0.980952380952381,156.1903013257667,0.571871280670166,102.51664800113068,6528.194377104377,8.41014843762776,19343.34140654385,0.980952380952381,156.1903013257667,0.5394282341003418
vehicle_653,279.6119375727562,16077.11841050316,85.64270030026904,222671.02078069953,1.152201257861635,723.8133178778576,0.015310525894165039,212.27397506021737,13266.360815106316,63.27405382243528,164512.5399383317,1.0476666666666667,542.8060110654789,0.6924996376037598,212.27397506021737,13266.360815106316,63.27405382243528,164512.5399383317,1.0476666666666667,542.8060110654789,0.6314575672149658
vehicle_654,427.8828143092913,21569.307498120183,39.69240858172968,91292.53973797824,1.1109126984126985,643.4454585071,0.019793987274169922,263.4545248758436,15019.827898034162,22.75874654928131,52345.11706334701,1.009848484848485,391.5189168868556,0.6982414722442627,279.71596149133575,15733.35942951438,24.57147280544864,56514.38745253187,1.0597619047619047,417.5413221855075,0.6573488712310791
vehicle_655,159.56813202734412,8878.645078984264,13.740804298029767,31603.849885468462,0.9583333333333334,240.32177715054416,0.01993107795715332,147.18040097561942,8521.767790519209,12.349316525916041,28403.428009606894,0.9744791666666666,221.03893299145494,0.5878720283508301,147.18040097561942,8521.767790519209,12.349316525916041,28403.428009606894,0.9744791666666666,221.03893299145494,0.5577824115753174
vehicle_656,227.7637494348891,12431.08704956559,19.65809010782692,45213.60724800191,1.0877777777777777,340.38505748779187,0.019292354583740234,222.7766827836597,12190.176015967285,19.220613174454495,44207.410301245334,1.0000000000000002,332.2659086603676,0.6301183700561523,227.7637494348891,12431.08704956559,19.65809010782692,45213.60724800191,1.0877777777777777,340.38505748779187,0.5749688148498535
vehicle_657,299.80708901574747,16091.150905103774,26.354745458627967,60615.91455484431,1.110483870967742,447.1554191588714,0.016487598419189453,216.19831933758246,12672.809295116267,18.006415189771438,41414.75493647429,1.1287234042553191,321.0378541331918,0.697293758392334,216.19831933758246,12672.809295116267,18.006415189771438,41414.75493647429,1.1287234042553191,321.0378541331918,0.6424193382263184
vehicle_658,171.7660787595188,9230.487435766845,15.242150592591361,35056.94636296013,0.9874999999999999,260.4158560101886,0.025626659393310547,165.89519590723572,9263.83684636398,14.604503653409717,33590.35840284235,1.0153846153846153,251.64484834100935,0.5207898616790771,165.89519590723572,9263.83684636398,14.604503653409717,33590.35840284235,1.0153846153846153,251.64484834100935,0.5348305702209473
vehicle_659,235.3182673123191,12068.983227328225,20.901951026988574,48074.48736207372,1.0373015873015872,353.5535336612024,0.02458024024963379,229.0756117919578,11765.785854121725,20.61807603438995,47421.57487909689,0.9907407407407406,345.34167321968215,0.5293679237365723,229.0756117919578,11765.785854121725,20.61807603438995,47421.57487909689,0.9907407407407406,345.34167321968215,0.5222952365875244
vehicle_660,202.9330685273559,11888.032135624093,59.66890683844763,155139.15777996386,0.9702380952380952,514.2822148207595,0.012835979461669922,170.97074109558287,10452.08832724967,49.798941208577176,129477.24714230066,1.0295833333333335,433.16463834048255,0.6887683868408203,170.97074109558287,10452.08832724967,49.798941208577176,129477.24714230066,1.0295833333333335,433.16463834048255,0.7043366432189941
vehicle_661,95.68408777602697,6126.781603611811,7.460905929955754,17160.083638898235,0.9523809523809523,144.2143107283963,0.014528036117553711,95.68408777602697,6126.781603611811,7.460905929955754,17160.083638898235,0.9523809523809523,144.2143107283963,0.6122515201568604,95.68408777602697,6126.781603611811,7.460905929955754,17160.083638898235,0.9523809523809523,144.2143107283963,0.6752686500549316
vehicle_662,340.4698471438901,18048.117798941712,30.565624344880103,70300.93599322424,0.8341025641025641,506.65236056457786,0.015633344650268555,268.2649497229115,15239.53875691696,23.26261824959433,53504.02197406696,0.8845029239766082,397.65627542090397,0.710719108581543,281.6838047443667,15944.157055980078,24.56779316774551,56505.924285814675,1.003494623655914,418.9866493352034,0.622145414352417
vehicle_663,171.41545135503333,9699.793464748016,14.605932034174565,33593.6436786015,0.9469298245614034,256.6087968450613,0.024067401885986328,163.1403988683603,8914.200408932402,14.36950103875814,33049.85238914372,0.7495370370370371,244.9594412127804,0.6500630378723145,163.1403988683603,8914.200408932402,14.36950103875814,33049.85238914372,0.7495370370370371,244.9594412127804,0.6794219017028809
vehicle_664,208.2948679745241,13117.172512824942,17.20139799698269,39563.21539306018,1.0684782608695653,308.63029959947346,0.02178955078125,171.24749152797943,10625.637441643323,14.1496141683419,32544.112587186377,1.1145299145299146,256.0924274710001,0.6417450904846191,171.24749152797943,10625.637441643323,14.1496141683419,32544.112587186377,1.1145299145299146,256.0924274710001,0.5890491008758545
vehicle_665,161.68490724671483,8977.019653621966,49.98573514492788,129962.91137681251,0.9588235294117645,423.6954348359224,0.030674457550048828,153.2268940141511,9072.636716061717,45.1827389610512,117475.12129873312,0.9212121212121213,390.872886897101,0.5246334075927734,153.2268940141511,9072.636716061717,45.1827389610512,117475.12129873312,0.9212121212121213,390.872886897101,0.5411462783813477
vehicle_666,213.42698905374695,12672.655121141874,62.63203662073352,162843.2952139071,1.096099290780142,541.068347043311,0.015141725540161133,178.6508117335988,10359.255121141874,52.51694429729416,136544.0551729648,1.0324786324786326,454.4378904118398,0.6232626438140869,182.74968649728473,10880.576508521548,53.34752336653203,138703.56075298326,1.1816666666666666,464.32635236008974,0.5781459808349609
vehicle_667,199.44579417108116,12855.388410693562,16.691941846383603,38391.46624668229,0.8470370370370369,294.9468149985622,0.015753746032714844,176.37805596943687,11718.598246795158,15.063873107207465,34646.90814657717,0.8379166666666666,263.3317543518062,0.6295304298400879,176.37805596943687,11718.598246795158,15.063873107207465,34646.90814657717,0.8379166666666666,263.3317543518062,0.5925581455230713
vehicle_668,195.21640409649285,11824.4648727294,16.8976795010637,38864.66285244651,1.0329268292682927,293.3186434702525,0.012291193008422852,162.4665172982405,10242.548787020092,13.49238647909974,31032.4889019294,0.9890243902439023,242.6638460370171,0.656773567199707,168.35713149908165,10491.192669924314,14.177070309448556,32607.26171173168,0.937037037037037,251.5270736027849,0.5996561050415039
vehicle_669,77.79438075996195,3841.410303030303,26.667103726326033,69334.46968844769,1.1782051282051282,223.97900909115185,0.010533571243286133,94.76741000782134,4768.72246031746,30.44941078443827,79168.46803953951,1.107936507936508,259.4184741372437,0.5248656272888184,94.76741000782134,4768.72246031746,30.44941078443827,79168.46803953951,1.107936507936508,259.4184741372437,0.5096588134765625
vehicle_670,212.27147430325894,11480.182492080525,63.48886200652682,165071.04121696975,0.9026515151515152,541.9312390685417,0.01796698570251465,162.56534920707745,9411.339508110936,48.15644783742751,125206.76437731156,0.994871794871795,415.9105673174082,0.7344918251037598,162.56534920707745,9411.339508110936,48.15644783742751,125206.76437731156,0.994871794871795,415.9105673174082,0.6972212791442871
vehicle_671,254.2683718668169,14203.743148885285,77.48948159238527,201472.65214020174,0.8993464052287582,654.6547280890545,0.11149334907531738,216.1077690291709,13357.896814937116,63.75858662326074,165772.32522047794,0.9662962962962963,548.2741920014756,0.6448347568511963,220.05847252850242,13654.907527324145,64.75444715044804,168361.5625911649,0.9812925170068026,557.4366633195118,0.6555557250976562
vehicle_672,131.61390349247867,7995.570243753988,39.9553844959192,103883.99968938992,1.0216666666666667,343.8284843731174,0.01489400863647461,103.71364651458829,6569.907980302292,31.296906800859787,81371.95768223544,1.0203703703703704,272.2268586615638,0.6286795139312744,103.71364651458829,6569.907980302292,31.296906800859787,81371.95768223544,1.0203703703703704,272.2268586615638,0.5544826984405518
vehicle_673,334.15550033115113,17342.5134902031,103.3717688408005,268766.5989860813,1.1366666666666665,867.19837606021,0.024671077728271484,212.50910605568194,11660.496588245482,65.94368491908152,171453.58078961188,1.1435897435897437,556.9024549170551,0.6200861930847168,220.32896261834955,11688.40488306144,66.63145133009891,173241.77345825717,1.0975609756097562,567.7086081591253,0.5830576419830322
vehicle_674,217.4362155423395,12091.428273991494,18.917674064052317,43510.650347320334,1.0575757575757576,325.9590735144674,0.013220071792602539,181.3738684899,10867.53018699296,14.932067039807047,34343.7541915562,1.021705426356589,269.27001633777695,0.6413180828094482,181.3738684899,10867.53018699296,14.932067039807047,34343.7541915562,1.021705426356589,269.27001633777695,0.5710539817810059
vehicle_675,209.29201870053248,10290.989162459802,19.102898333099645,43936.66616612917,1.0698198198198197,318.3633166649122,0.014057636260986328,196.16591179255528,10342.616552573483,17.465921256181744,40171.618889218014,1.0351851851851852,296.7203189676974,0.6003174781799316,199.51725362478572,10153.385910671026,17.325020776288344,39847.5477854632,1.0162037037037035,299.12477951845085,0.5564751625061035
vehicle_676,119.85230997346332,6625.103977591036,10.425988829126293,23979.774306990475,0.8521739130434781,182.3442999099715,0.012485742568969727,133.70469794731966,7138.6401049233245,12.049732553647845,27714.384873390045,0.90625,204.99881630025982,0.582223653793335,133.70469794731966,7138.6401049233245,12.049732553647845,27714.384873390045,0.90625,204.99881630025982,0.6025984287261963
vehicle_677,319.739092487772,17702.33978575771,28.01900921725752,64443.721199692285,0.8984848484848484,473.736303666063,0.018425464630126953,247.7765554146099,14890.711252148085,20.392758314741624,46903.34412390572,0.8345454545454545,362.22211021492484,0.6164987087249756,247.7765554146099,14890.711252148085,20.392758314741624,46903.34412390572,0.8345454545454545,362.22211021492484,0.5835464000701904
vehicle_678,144.95198498676305,7749.6270839276785,12.944632466660849,29772.654673319954,1.09375,222.76532151004722,0.03728008270263672,136.94023157890663,7882.576529213574,11.619989666496913,26725.9762329429,1.074,207.96978450283942,0.5065054893493652,136.94023157890663,7882.576529213574,11.619989666496913,26725.9762329429,1.074,207.96978450283942,0.49056553840637207
vehicle_679,206.7833354137656,11193.894430984537,17.869800004694888,41100.540010798235,0.9453488372093023,308.695238929051,0.03833603858947754,165.62795738725134,9664.218936618936,14.109712031262372,32452.33767190346,0.8912698412698413,247.77372121643356,0.5649309158325195,169.0029081515996,9578.015941016425,14.729069812249952,33876.860568174896,0.8539473684210527,253.84829088067556,0.5363368988037109
vehicle_680,250.40821916645933,15377.76311620072,20.856090819099823,47969.008883929586,1.0271604938271606,369.2318790658414,0.014809608459472656,250.40821916645933,15377.76311620072,20.856090819099823,47969.008883929586,1.0271604938271606,369.2318790658414,0.6144869327545166,250.40821916645933,15377.76311620072,20.856090819099823,47969.008883929586,1.0271604938271606,369.2318790658414,0.5611057281494141
vehicle_681,198.9822465075647,11449.069170751955,61.03980969433554,158703.50520527238,1.0587301587301587,517.9488935584195,0.013659477233886719,198.9822465075647,11449.069170751955,61.03980969433554,158703.50520527238,1.0587301587301587,517.9488935584195,0.652510404586792,198.9822465075647,11449.069170751955,61.03980969433554,158703.50520527238,1.0587301587301587,517.9488935584195,0.5925958156585693
vehicle_682,281.4475274910946,15629.112133519237,86.53507850277859,224991.2041072244,0.8881818181818182,727.3461582238943,0.021038532257080078,203.59261078471968,12199.071850955073,60.16096564266881,156418.51067093888,0.8479166666666668,516.2652367344401,0.6591157913208008,205.09947953607417,12286.956777598354,60.50755536545181,157319.64395017474,0.9209999999999999,520.2602999126661,0.5846474170684814
vehicle_683,345.1371083725144,17539.743521272434,31.32847923304805,72055.5022360105,1.0294270833333332,516.9459263492192,0.019437313079833984,232.71167590383328,12510.036597931741,20.55416737156205,47274.58495459272,0.9177083333333332,348.134606261069,0.6407005786895752,251.7829718319127,13111.189080942204,22.436079412566443,51602.98264890282,0.9049019607843138,376.65438546951646,0.5880770683288574
vehicle_684,194.4840747503078,11523.679235223326,16.457819193563253,37852.98414519548,1.1473684210526316,291.4478769384346,0.017264604568481445,148.47635649879243,9895.706239926243,11.816988586189106,27179.073748234947,1.0,220.31010671860633,0.60685133934021,145.17221266499902,9173.165729595436,12.115426205829705,27865.480273408328,1.132258064516129,219.6200259308631,0.5475740432739258
vehicle_685,292.150264275277,15275.223456560905,26.23951966890354,60350.89523847814,1.0427419354838707,438.0183996014559,0.015022993087768555,198.39053849684865,11258.186313703765,16.873672578672718,38809.44693094725,1.0137681159420289,296.02385652566136,0.7029037475585938,204.43161966812693,11892.941075608525,17.430431688971012,40089.99288463332,1.0381944444444444,305.26931730065104,0.6147005558013916
vehicle_686,264.288673610125,14522.574942975973,23.013288320899022,52930.563138067744,1.0497076023391811,393.88623983328296,0.02531909942626953,211.5676026656342,12559.109791402982,17.4697288183072,40180.376282106554,0.9333333333333335,311.7382216992266,0.7363603115081787,222.58651490048769,13229.1310213544,19.211827322551176,44187.2028418677,0.9576923076923076,331.8973332072095,0.6212661266326904
vehicle_687,208.6657592737055,12582.72910640594,17.001957377980013,39104.50196935403,0.9437908496732026,306.6086571898948,0.01824474334716797,208.6657592737055,12582.72910640594,17.001957377980013,39104.50196935403,0.9437908496732026,306.6086571898948,0.8209750652313232,208.6657592737055,12582.72910640594,17.001957377980013,39104.50196935403,0.9437908496732026,306.6086571898948,0.6738061904907227
vehicle_688,114.62570081310353,6470.546969696969,10.0601571074946,23138.361347237584,0.8142857142857144,174.86671765168285,0.03108978271484375,114.62570081310353,6470.546969696969,10.0601571074946,23138.361347237584,0.8142857142857144,174.86671765168285,0.5415871143341064,114.62570081310353,6470.546969696969,10.0601571074946,23138.361347237584,0.8142857142857144,174.86671765168285,0.5221691131591797
vehicle_689,371.8950112901177,19539.252088908033,33.06323251828579,76045.43479205732,0.9267543859649123,551.9062877658923,0.017238378524780273,257.8468687260067,14328.687837921734,21.633984472933445,49758.16428774692,0.9728070175438597,379.72505233220187,0.6679644584655762,246.64095861046147,13420.797795657425,21.8932269991903,50354.42209813769,0.8231481481481482,368.06657447557706,0.6898684501647949
vehicle_690,436.6388419544396,22714.610044934987,38.24797226390321,87970.33620697736,1.083739837398374,645.0257155493102,0.020477771759033203,267.1210747497363,14887.032256990355,22.325651141875962,51348.99762631472,1.068421052631579,393.56882772348473,0.8446962833404541,267.1210747497363,14887.032256990355,22.325651141875962,51348.99762631472,1.068421052631579,393.56882772348473,0.6229779720306396
vehicle_691,17.195398157935582,1162.1222222222223,1.307459802590414,3007.1575459579526,0.9,33.055508899282714,0.0038559436798095703,172.80941180958536,9860.99938020566,14.632522548965438,33654.80186262051,1.0566666666666666,259.2778577155808,0.49538302421569824,172.80941180958536,9860.99938020566,14.632522548965438,33654.80186262051,1.0566666666666666,259.2778577155808,0.5488791465759277
vehicle_692,326.5918342012552,17853.20594293116,103.33931275284678,268682.21315740165,1.0888059701492536,859.1356815400181,0.015239238739013672,268.5177771152179,15609.373348728373,82.4410180599739,214346.6469559321,1.053030303030303,695.5891074867038,0.6826977729797363,278.3896789696861,16323.591535573405,85.15070083154905,221391.82216202747,1.0611111111111111,719.288625220646,0.7291576862335205
vehicle_693,309.0669797828355,17621.970473312947,26.226120183578928,60320.07642223155,1.0836206896551723,455.9287793954244,0.016144752502441406,193.2859250193704,11591.592654050846,15.9853426506998,36766.28809660955,0.924390243902439,285.6764275602413,0.6697750091552734,198.55342005695206,11743.702892146082,16.29345018755902,37474.93543138576,1.0097560975609756,293.3803716626197,0.6301639080047607
vehicle_694,304.3308902050923,15890.98060695541,27.424069212499674,63075.35918874925,1.0562091503267972,456.4274890505685,0.018004417419433594,186.991352382982,10392.768356643355,15.865895561834602,36491.55979221958,0.9925438596491226,279.13314888771384,0.6641418933868408,186.54161871724006,10291.102781793034,16.038372502986626,36888.25675686924,1.0132478632478632,279.724599526261,0.5942850112915039
vehicle_695,102.87846432791657,5468.966666666667,9.28548485136753,21356.61515814532,1.0675,161.50004599216163,0.010582685470581055,151.02422546983206,8859.88153471915,12.714008833170489,29242.22031629212,1.1838709677419357,228.89405751719252,0.4858276844024658,106.88611238220219,6180.329098071978,8.863146372203184,20385.236656067325,1.1875,164.79360232601587,0.476940393447876
vehicle_696,247.516938727916,13855.005946626472,21.41376699007107,49251.66407716345,1.1637254901960785,370.07164134318396,0.013070821762084961,213.22158552452268,11654.854835515362,18.709402542346087,43031.625847396004,1.2925,322.93105791278515,0.6591172218322754,213.22158552452268,11654.854835515362,18.709402542346087,43031.625847396004,1.2925,322.93105791278515,0.7132701873779297
vehicle_697,142.15287849958898,7538.8121317205605,12.735156939736036,29290.860961392882,1.0583333333333333,218.506111012636,0.017918825149536133,132.6431304233075,7507.760869883356,11.644197160295763,26781.653468680255,1.16,204.54960535530944,0.5108027458190918,142.15287849958898,7538.8121317205605,12.735156939736036,29290.860961392882,1.0583333333333333,218.506111012636,0.5023314952850342
vehicle_698,145.71115198471642,8056.883333333332,12.991900556082037,29881.37127898869,1.0370967741935484,223.27964565521026,0.021312713623046875,145.71115198471642,8056.883333333332,12.991900556082037,29881.37127898869,1.0370967741935484,223.27964565521026,0.5943775177001953,145.71115198471642,8056.883333333332,12.991900556082037,29881.37127898869,1.0370967741935484,223.27964565521026,0.5386860370635986
vehicle_699,231.60880496002702,13168.118560467667,19.761523842909444,45451.50483869171,0.9299319727891155,343.3735546137064,0.021673202514648438,230.787510430482,13352.334326805387,19.23243291478341,44234.59570400185,0.972108843537415,340.3797451972191,0.6041736602783203,231.60880496002702,13168.118560467667,19.761523842909444,45451.50483869171,0.9299319727891155,343.3735546137064,0.7068138122558594
vehicle_700,329.47523496043317,17871.54615775415,29.692696277904034,68293.20143917926,1.152956989247312,494.43260461958033,0.016260623931884766,239.32985794947587,14350.258928896164,20.357339291891382,46821.88037135018,1.0441176470588236,355.5439139153255,0.7758324146270752,239.32985794947587,14350.258928896164,20.357339291891382,46821.88037135018,1.0441176470588236,355.5439139153255,0.6136586666107178
vehicle_701,272.65200304802585,14849.52299302807,23.244654263866398,53462.70480689272,0.924425287356322,402.2443947389844,0.023199796676635742,243.20828733552327,13607.78398778219,20.46856840104654,47077.707322407034,0.9323899371069183,358.6549687084313,0.6331803798675537,247.22782958600533,14376.862652546453,21.073994636994605,48470.187665087586,1.0541666666666667,367.1330423966857,0.6840941905975342
vehicle_702,303.86441208748045,16093.933831144697,99.18189821131526,257872.93534941968,1.1248633879781422,815.4930741991561,0.018925905227661133,262.6379213254668,14090.44556763568,84.71021643219171,220246.56272369841,1.1003205128205127,701.106221272307,0.7510528564453125,262.6379213254668,14090.44556763568,84.71021643219171,220246.56272369841,1.1003205128205127,701.106221272307,0.6137068271636963
vehicle_703,204.79098831789972,11464.040478393968,17.693249268917256,40694.47331850969,1.065217391304348,307.09386426397225,0.01781630516052246,178.33821297219023,9970.276836810486,15.260588315811187,35099.353126365735,0.93,266.71067589480464,0.708195686340332,192.09478929797362,10539.551771778944,17.06655253415945,39253.07082856673,1.0175675675675675,290.53088091438514,0.5693514347076416
vehicle_704,255.3621003691811,12492.417201743778,23.81490831354031,54774.28912114271,1.1540880503144653,389.44763832940055,0.014351606369018555,177.31254927379157,9919.018821894482,15.530321680061347,35719.7398641411,1.0784552845528457,268.50399352570855,0.7048790454864502,177.31254927379157,9919.018821894482,15.530321680061347,35719.7398641411,1.0784552845528457,268.50399352570855,0.580547571182251
vehicle_705,234.95147182188788,14592.408956783956,20.16047776924746,46369.09886926916,0.8705128205128205,348.51243580569337,0.024791240692138672,234.95147182188788,14592.408956783956,20.16047776924746,46369.09886926916,0.8705128205128205,348.51243580569337,0.6357345581054688,234.95147182188788,14592.408956783956,20.16047776924746,46369.09886926916,0.8705128205128205,348.51243580569337,0.6855499744415283
vehicle_706,181.14668075648706,10159.802640993266,15.6680589342749,36036.53554883227,0.9122807017543859,271.4319498456813,0.013922691345214844,170.40885673153016,9894.255569238214,14.456463525264232,33249.86610810773,0.8574074074074073,254.01365275671378,0.6368851661682129,170.40885673153016,9894.255569238214,14.456463525264232,33249.86610810773,0.8574074074074073,254.01365275671378,0.6322619915008545
vehicle_707,225.3251484043895,12622.502921186064,19.468652967840082,44777.90182603219,0.9326530612244899,335.5011946672754,0.012902975082397461,187.53908055230576,10550.717642252484,15.90457409933913,36580.52042848,0.9000000000000001,278.99270594962707,0.6551363468170166,187.53908055230576,10550.717642252484,15.90457409933913,36580.52042848,0.9000000000000001,278.99270594962707,0.5900964736938477
vehicle_708,204.91429548518627,10670.751651574947,62.56389920092976,162666.1379224174,1.2466666666666664,533.1645558374947,0.026509523391723633,132.94594138605288,7313.146375480083,39.7199522405415,103271.87582540791,1.0772727272727272,344.3498594102321,0.5948843955993652,131.92652015022534,7509.80677491259,39.826362241107795,103548.54182688029,1.0954545454545455,344.0989342477855,0.575660228729248
vehicle_709,274.0226575050977,13681.457679314693,25.16459718955215,57878.57353596994,1.0733333333333335,414.37938169711254,0.015606403350830078,211.40854005169817,11373.413301526192,18.509763335681928,42572.455672068434,1.0136054421768708,317.2526926245227,0.6744937896728516,214.0367937189144,11795.02914886569,18.528517842293617,42615.59103727532,1.0541666666666667,320.49744658284516,0.5885341167449951
vehicle_710,197.8487520488455,12428.180422465855,15.840701283700053,36433.61295251012,0.932962962962963,289.83416043654927,0.015538692474365234,176.91014055634488,10636.148154534974,14.471196160377456,33283.751168868155,0.8575757575757575,260.79636453247167,0.62813401222229,176.91014055634488,10636.148154534974,14.471196160377456,33283.751168868155,0.8575757575757575,260.79636453247167,0.5815145969390869
vehicle_711,344.0152216897633,19068.70856221107,103.8235132823891,269941.13453421165,1.1328282828282827,879.7579344194947,0.017415761947631836,255.9121941173081,14025.4976481142,78.41647946404443,203882.84660651544,1.0602564102564105,662.493127109015,0.6909852027893066,272.01597054441896,14966.740578226645,82.41705870109035,214284.35262283494,1.0854166666666667,699.1128586549337,0.6231274604797363
vehicle_712,280.0155881421038,15811.600055054972,24.453054748828844,56242.02592230635,1.0217514124293787,416.890487136946,0.014354944229125977,207.27318222974276,12281.19752498148,17.637311049013746,40565.81541273162,1.115873015873016,310.02991139048095,0.6641745567321777,208.18049601366883,12364.33720607889,17.77961889485024,40893.12345815555,1.0592592592592593,311.1057211933123,0.6133639812469482
vehicle_713,144.97589479681167,9049.233242451783,11.811003309486084,27165.307611817992,1.1143678160919541,217.68826540584269,0.013677835464477539,140.38758336454748,8776.723478906713,11.427526543233435,26283.3110494369,1.1113095238095236,211.07629006295065,0.6043949127197266,139.76937554356064,8262.14452467407,11.625809345168351,26739.3614938872,0.9411111111111111,209.60457352625633,0.5760695934295654
vehicle_714,289.57497066575627,14687.22844164221,25.84567474868233,59445.05192196936,1.1154088050314463,434.0372181377163,0.015047550201416016,226.96666125632012,11538.315548524411,20.3050538237457,46701.62379461511,1.0856589147286821,342.5536071747033,0.668806791305542,234.97052220719272,12077.333516834684,21.00325987089657,48307.497703062116,1.1018115942028983,354.35975236949196,0.5860366821289062
vehicle_715,177.7713876615864,10699.807852511796,14.940915000714636,34364.10450164366,0.8429629629629627,263.8777611427091,0.01972055435180664,155.45960640511524,9286.477727827727,12.98456859334447,29864.507764692276,0.7491452991452991,230.4534795099094,0.6002466678619385,164.10124645388768,9778.638045288044,13.546858892197209,31157.775452053585,0.8305555555555555,242.85738481634263,0.5456013679504395
vehicle_716,178.29263532813357,9469.024237763315,16.341061675727634,37584.441854173565,0.8658730158730159,271.28695837599173,0.015984535217285156,156.84575462745764,8781.477658452659,13.64423144450021,31381.73232235048,0.862280701754386,236.1290182170727,0.596290111541748,156.84575462745764,8781.477658452659,13.64423144450021,31381.73232235048,0.862280701754386,236.1290182170727,0.5543277263641357
vehicle_717,125.9190384789923,7695.19985380117,10.591747200745477,24361.018561714598,0.8630952380952381,189.64628237861683,0.00893092155456543,140.8771118752557,8369.82940475806,12.484853529678032,28715.163118259476,1.0333333333333332,215.959665469412,0.6263628005981445,171.58310124205633,10026.611494775929,14.845499300524557,34144.64839120648,0.9931372549019608,258.5271401533587,0.5902113914489746
vehicle_718,201.2098829519937,10742.601803137317,17.423567079420586,40074.20428266736,1.0113821138211383,301.4255955437351,0.018712759017944336,165.60956971311435,9233.486676003735,14.127360738377883,32492.929698269127,0.9962962962962963,248.77419377796775,0.6197073459625244,165.60956971311435,9233.486676003735,14.127360738377883,32492.929698269127,0.9962962962962963,248.77419377796775,0.5629382133483887
vehicle_719,185.56160487080413,9865.013208955224,17.074777196786627,39271.98755260926,1.1863095238095238,285.5388675397645,0.012117862701416016,156.10331243261453,9517.328084251163,12.846935369315569,29547.951349425806,1.049462365591398,233.47631518073166,0.5689876079559326,156.10331243261453,9517.328084251163,12.846935369315569,29547.951349425806,1.049462365591398,233.47631518073166,0.5346460342407227
vehicle_720,206.30708166930265,12129.669764957267,62.02477983317027,161264.42756624272,0.9170731707317074,528.9710652549593,0.01241302490234375,180.8148374512227,11238.877362914862,53.00038012019225,137800.98831249986,0.9750000000000001,458.6886484307714,0.6128833293914795,180.8148374512227,11238.877362914862,53.00038012019225,137800.98831249986,0.9750000000000001,458.6886484307714,0.5603673458099365
vehicle_721,177.0037303196283,10174.426441909978,15.516529076931683,35688.016876942864,1.1973684210526316,269.3862894820102,0.011190176010131836,150.4672273164076,9132.766082704804,12.276440278576615,28235.81264072622,1.0206896551724138,224.5932047284328,0.6461248397827148,150.4672273164076,9132.766082704804,12.276440278576615,28235.81264072622,1.0206896551724138,224.5932047284328,0.58370041847229
vehicle_722,244.6201863637278,14267.570924908425,21.100819319199378,48531.884434158565,1.2550595238095237,366.6380923436278,0.013573169708251953,214.48869053943673,13713.318549126396,17.555336056339893,40377.27292958176,1.181560283687943,317.89022881055075,0.6568460464477539,209.38206412001847,12248.836706349208,18.038295031363692,41488.07857213649,1.238768115942029,315.3636750769098,0.6013097763061523
vehicle_723,191.6952281999747,9823.970519967574,64.44309825743481,167552.0554693305,1.2133333333333334,528.7729335204731,0.024747133255004883,144.23935562679134,8302.37228210668,44.30469883074295,115192.2169599317,1.296296296296296,381.0320272662765,0.5535032749176025,144.23935562679134,8302.37228210668,44.30469883074295,115192.2169599317,1.296296296296296,381.0320272662765,0.5290231704711914
vehicle_724,205.59326717618907,10680.86531350569,18.37495878940147,42262.40521562339,1.1600000000000001,312.0349681547258,0.01476287841796875,146.05081419915544,8093.265235644745,12.363222297158503,28435.411283464553,1.0962962962962963,221.07801788003445,0.5912110805511475,145.89081439302524,7752.084863945578,12.591142250032007,28959.62717507362,1.0307692307692307,221.30757485752912,0.6172733306884766
vehicle_725,195.19287121864224,9982.604437229436,62.59336707381389,162742.7543919161,1.0175675675675675,521.1083279403955,0.013652324676513672,195.60669809409598,10744.397065436919,59.890358177208206,155714.9312607413,1.0111111111111113,508.15415483164725,0.6319479942321777,195.60669809409598,10744.397065436919,59.890358177208206,155714.9312607413,1.0111111111111113,508.15415483164725,0.5684528350830078
vehicle_726,117.76981978701137,7490.893468720821,33.19935397965043,86318.32034709112,0.7461538461538463,293.3089318881133,0.015501737594604492,107.41422082342748,7172.550033171163,30.107198671342417,78278.71654549029,0.8512820512820513,268.4554097021743,0.5706229209899902,107.41422082342748,7172.550033171163,30.107198671342417,78278.71654549029,0.8512820512820513,268.4554097021743,0.6144428253173828
vehicle_727,115.75048594043719,7437.560896831506,9.325842598134251,21449.437975708777,0.7096153846153845,171.54184191527102,0.018472909927368164,115.75048594043719,7437.560896831506,9.325842598134251,21449.437975708777,0.7096153846153845,171.54184191527102,0.5542993545532227,115.75048594043719,7437.560896831506,9.325842598134251,21449.437975708777,0.7096153846153845,171.54184191527102,0.505887508392334
vehicle_728,175.96294636124634,9493.634767602069,15.066840614558028,34653.73341348346,0.9504901960784314,263.43917216359915,0.03388500213623047,166.20015056808367,9758.059844533427,13.64378304335237,31380.70099971045,1.001388888888889,247.14352685277146,0.5561769008636475,173.24620607708354,9554.28147836495,14.667008332760929,33734.11916535014,0.9595959595959597,258.83117441417136,0.55216383934021
vehicle_729,250.92578493718545,12704.023429712362,78.886249022358,205104.2474581307,0.9659259259259261,658.5451847053771,0.015705347061157227,185.84558266581115,9980.581122020056,56.90281563073725,147947.32063991684,0.9761904761904763,482.8939492264077,0.7546162605285645,190.3876480156186,9986.880555555554,58.966806144878255,153313.69597668346,1.0004385964912281,498.0001981925765,0.6305153369903564
vehicle_730,131.31446596626066,8048.300773209154,10.950213265099327,25185.490509728446,0.9898809523809523,198.199980919236,0.012813568115234375,122.51156794092358,7539.136840498682,10.011201963993555,23025.76451718518,0.8891025641025642,183.5528080798333,0.6112117767333984,120.4449787574727,7514.072294372294,10.072279326293256,23166.24245047449,0.8301282051282052,181.19489974421333,0.5752875804901123
vehicle_731,98.25527646389467,5923.714613220815,7.931100633501061,18241.531457052442,1.1047619047619048,150.60387496046926,0.00955820083618164,87.6021318037422,5431.723438373351,7.143423229785522,16429.873428506704,1.1,135.82806001888463,0.6106197834014893,87.6021318037422,5431.723438373351,7.143423229785522,16429.873428506704,1.1,135.82806001888463,0.5811843872070312
vehicle_732,271.5511106335135,14888.7105006105,23.410796487045886,53844.831920205535,1.1868589743589744,404.60943572916887,0.02246689796447754,218.03820577649358,12096.63384740844,18.588929172560047,42754.537096888096,0.9083333333333335,323.4263610413517,0.6363849639892578,218.03820577649358,12096.63384740844,18.588929172560047,42754.537096888096,0.9083333333333335,323.4263610413517,0.6938118934631348
vehicle_733,193.2629002290673,10093.469741905266,59.66665886327915,155133.3130445258,1.011764705882353,504.5175831992603,0.016853809356689453,171.18386180245182,9484.71414837599,51.69525772571725,134407.67008686485,1.0042857142857142,442.3376503928886,0.6391148567199707,171.18386180245182,9484.71414837599,51.69525772571725,134407.67008686485,1.0042857142857142,442.3376503928886,0.5846414566040039
vehicle_734,324.38789870081047,18086.16959241584,27.274888368260996,62732.2432470003,1.2062499999999998,477.8487765400087,0.028498172760009766,223.8445580102272,13368.100241351018,18.734238677602995,43088.748958486874,1.1849056603773587,333.07816918016886,0.6597142219543457,242.1145331979531,13737.387926139065,20.11915362625515,46274.05334038684,1.1437908496732028,357.96415091655507,0.5923845767974854
vehicle_735,332.99277931936575,18363.812854167514,28.483981440833187,65513.15731391633,1.027049180327869,490.784237452968,0.015658855438232422,288.08576660814305,17384.738655994715,23.374160882780743,53760.570030395706,0.9492063492063492,419.2777285852199,0.7060308456420898,279.17691768994695,15923.676495152022,23.631854095646855,54353.26441998778,0.9612903225806451,411.3723348648632,0.6852190494537354
vehicle_736,258.6773709514568,14017.045543822205,81.79138405559921,212657.59854455793,1.0553191489361704,682.0811064809874,0.012983083724975586,206.0332912230142,11753.973124098124,63.861819864513755,166040.73164773578,1.0704545454545455,539.3119285346002,0.6455276012420654,206.0332912230142,11753.973124098124,63.861819864513755,166040.73164773578,1.0704545454545455,539.3119285346002,0.6142480373382568
vehicle_737,283.5866035388447,16730.418854313863,24.414527519423576,56153.41329467422,1.0494949494949493,420.8015292015548,0.01603102684020996,245.93807907491612,13692.169163153572,21.287901496975874,48962.17344304451,1.0717948717948718,366.89891560084243,0.6725680828094482,252.99508736182827,14659.06797494322,21.416682354242706,49258.36941475822,1.0593939393939393,374.7444018533543,0.6029617786407471
vehicle_738,102.67988561570107,7578.035267545418,8.030976788841294,18471.246614334977,1.0119047619047619,155.05882697549555,0.011139869689941406,81.99706102194493,6821.534344668724,6.249461061292612,14373.760440973008,1.0777777777777777,125.91701475748263,0.6895906925201416,81.99706102194493,6821.534344668724,6.249461061292612,14373.760440973008,1.0777777777777777,125.91701475748263,0.5694060325622559
vehicle_739,296.6124873660421,14477.44813492063,27.2400791847391,62652.18212489993,1.0453846153846154,447.28824281439506,0.013211250305175781,244.34841847775195,12309.782559428873,22.15383097920612,50953.81125217408,1.0006410256410256,368.54336767447865,0.6865808963775635,244.34841847775195,12309.782559428873,22.15383097920612,50953.81125217408,1.0006410256410256,368.54336767447865,0.6169078350067139
vehicle_740,166.03860413937312,9185.0179501241,15.039048346426666,34589.81119678133,1.1951612903225806,255.73685264976672,0.03471994400024414,164.47798143507327,9064.99324646129,14.067305174823204,32354.801902093368,1.115151515151515,248.484076140277,0.5467431545257568,164.47798143507327,9064.99324646129,14.067305174823204,32354.801902093368,1.115151515151515,248.484076140277,0.5176317691802979
vehicle_741,227.59718679409747,13080.28874852011,19.39485880825174,44608.17525897901,0.9287234042553191,337.49212841916494,0.013731718063354492,202.42009243567202,11934.372045707658,16.30008222915435,37490.189127055004,0.9231707317073171,296.46731424454686,0.6791651248931885,202.42009243567202,11934.372045707658,16.30008222915435,37490.189127055004,0.9231707317073171,296.46731424454686,0.6454453468322754
vehicle_742,292.58013558531593,15068.18856340335,25.8829622767759,59530.81323658457,1.0223214285714286,436.40376918918844,0.014722824096679688,215.40697094534977,12390.872511039952,17.83158025803381,41012.63459347776,1.0693181818181818,318.69996308454506,0.9510509967803955,215.40697094534977,12390.872511039952,17.83158025803381,41012.63459347776,1.0693181818181818,318.69996308454506,0.6293849945068359
vehicle_743,133.82412290076488,8502.839070680518,10.839657981836048,24931.21335822291,0.9233333333333333,199.61764588513415,0.025052547454833984,132.36692148718282,8450.077641004928,10.742649275581382,24708.093333837176,0.92,197.62741165425774,0.5418193340301514,132.36692148718282,8450.077641004928,10.742649275581382,24708.093333837176,0.92,197.62741165425774,0.5353913307189941
vehicle_744,193.8211081221019,10885.083210322016,16.93259648339964,38944.971911819164,0.9373983739837397,290.8817085040269,0.017435312271118164,157.8546506674878,9691.32540738078,13.655408887084185,31407.440440293627,1.0009803921568627,238.83353385986086,0.6130483150482178,162.1519523020436,9361.363814074988,14.040282613133279,32292.65001020654,1.0215686274509803,245.16943047946287,0.5623118877410889
vehicle_745,185.34213981340216,10697.536021784024,15.967277809032186,36724.73896077403,0.9981060606060606,278.1311272484526,0.013279914855957031,150.60322163140575,8891.31771738311,12.576802537981898,28926.645837358363,0.9842857142857143,225.79990194122325,0.6699042320251465,147.91407427296983,8722.134831307832,12.619918100131992,29025.81163030358,1.0014705882352941,223.45118588690158,0.6364030838012695
vehicle_746,140.3951035442924,8422.203988489837,11.927400051211455,27433.020117786342,1.0767857142857145,213.13946205112063,0.011754751205444336,127.13950826500887,8944.865477787818,10.063351994166524,23145.70958658301,1.1810344827586206,191.75129791836872,0.7263929843902588,127.13950826500887,8944.865477787818,10.063351994166524,23145.70958658301,1.1810344827586206,191.75129791836872,0.6059517860412598
vehicle_747,195.1113203584636,12023.883628007496,16.351010091505614,37607.32321046293,0.9940476190476188,290.14681468091436,0.018860816955566406,188.09283646417563,11562.110602626468,16.11786826885744,37071.09701837211,0.9243589743589743,281.13746494167106,0.6527590751647949,192.6556625664512,11867.224286471837,16.187387572113458,37230.99141586096,0.9951219512195121,286.8402711299002,0.5885190963745117
vehicle_748,284.2018172494381,15661.613395809785,86.7332184145218,225506.3678777567,0.9506289308176102,731.7246467957259,0.015501022338867188,220.4816040807954,12976.826529658174,66.76023769147601,173576.61799783763,0.9433333333333334,567.3207999075249,0.7611479759216309,223.8365217121593,13104.184331701419,67.96961685479884,176721.003822477,0.9271739130434784,576.5963963198387,0.6489300727844238
vehicle_749,169.86811518396564,9524.424918456989,14.782205311214433,33999.072215793196,1.1076923076923078,257.5017384054212,0.03224992752075195,169.86811518396564,9524.424918456989,14.782205311214433,33999.072215793196,1.1076923076923078,257.5017384054212,0.6553173065185547,180.02312782961852,9936.813677303791,15.592251371444476,35862.1781543223,1.0909090909090906,271.6537016174051,0.5993862152099609
vehicle_750,185.5807811977252,10684.414847367843,15.32558881785845,35248.85428107443,0.9285714285714286,274.46233258588944,0.015138387680053711,168.34295647211698,10250.803060677405,13.859983291892947,31877.961571353782,1.0138888888888888,250.6292071151032,0.6759564876556396,168.34295647211698,10250.803060677405,13.859983291892947,31877.961571353782,1.0138888888888888,250.6292071151032,0.5713675022125244
vehicle_751,385.42967979618805,19596.990435308875,125.43159816084811,326122.155218205,1.0459523809523807,1028.4908028642049,0.01697087287902832,275.8592306852956,14871.620460727405,88.24451761216311,229435.74579162407,0.9811475409836066,731.0242998394826,0.7505888938903809,281.84862245345147,15055.340628333544,89.61648915679652,233002.8718076709,0.9893442622950819,744.0065499238109,0.6453337669372559
vehicle_752,78.69935646367792,4711.305145797598,6.584379374043471,15144.072560299983,0.9764705882352942,122.69465509008087,0.007302045822143555,127.82929622553725,8225.918834152137,10.529480806816373,24217.805855677656,1.089655172413793,193.6582294376882,0.6261825561523438,127.82929622553725,8225.918834152137,10.529480806816373,24217.805855677656,1.089655172413793,193.6582294376882,0.5684847831726074
vehicle_753,144.7492178878879,8145.687512487512,12.668007189782626,29136.416536500048,0.9126436781609196,219.47838159410122,0.012774467468261719,144.7492178878879,8145.687512487512,12.668007189782626,29136.416536500048,0.9126436781609196,219.47838159410122,0.552424430847168,144.7492178878879,8145.687512487512,12.668007189782626,29136.416536500048,0.9126436781609196,219.47838159410122,0.5097720623016357
vehicle_754,223.34524670237877,12500.689308058065,66.63895924736953,173261.29404316077,0.9673202614379084,569.6856592502883,0.012961864471435547,157.9988272484764,9515.200704524234,47.34076345238701,123085.98497620624,1.0810185185185184,408.1559410024089,0.6547393798828125,162.42569831147443,9789.300704524232,48.219868827270616,125371.65895090358,1.0788288288288288,417.03258093181694,0.5659918785095215
vehicle_755,256.37622375632543,13079.541204784955,23.66208766493615,54422.80162935314,1.0064102564102564,388.38397053532674,0.012750387191772461,224.1883476729934,12410.71158314065,19.747423264673966,45419.07350875011,1.0777777777777777,337.15066165834673,0.6479382514953613,234.6726717065631,12692.936189940034,20.35356683383555,46813.20371782177,1.082312925170068,350.78945073575824,0.5929527282714844
vehicle_756,17.195398157935582,1162.1222222222223,1.307459802590414,3007.1575459579526,0.9,33.055508899282714,0.003982067108154297,139.67038274288416,8081.857706319583,11.788247757072563,27112.969841266902,1.1722222222222223,212.57880422444686,0.5022299289703369,178.48239082925815,10807.951993713212,15.049700746356047,34614.311716618904,1.1236842105263158,267.96994555344406,0.5784201622009277
vehicle_757,177.4667669364619,9743.171706839787,55.72134866649873,144875.50653289663,1.0774193548387099,469.5541404025759,0.020708560943603516,167.41203551070748,9091.143601340837,51.47491077822649,133834.76802338887,1.0390625,437.70253206887907,0.6007530689239502,172.8213264001446,9754.386213488538,53.52279478563092,139159.2664426404,1.0328125,453.4729770542683,0.5672616958618164
vehicle_758,283.65952202955805,14544.085087221007,89.73479684976587,233310.47180939125,0.9738562091503268,746.1120920052299,0.01826310157775879,244.08803790290062,13410.792672076564,75.17917347636676,195465.85103855352,0.8782051282051283,632.4911767534736,0.6050879955291748,244.08803790290062,13410.792672076564,75.17917347636676,195465.85103855352,0.8782051282051283,632.4911767534736,0.569455623626709
vehicle_759,340.15026605871776,18531.578672062114,106.13069346436652,275939.8030073529,1.08015873015873,886.752981424377,0.01668548583984375,222.84404224963248,13182.891068770687,64.89374838140061,168723.7457916416,0.9598039215686274,560.5727375580914,0.6770341396331787,222.84404224963248,13182.891068770687,64.89374838140061,168723.7457916416,0.9598039215686274,560.5727375580914,0.5971372127532959
vehicle_760,331.37278517269834,15726.418425797503,31.09253483678346,71512.83012460195,1.0838461538461537,502.0423704577987,0.014426231384277344,203.91720108092017,10419.65054112554,18.606560505595407,42795.089162869415,0.976086956521739,309.60522054664943,0.6518771648406982,213.920620609099,11220.658787878787,19.5123101094265,44878.31325168094,1.1337037037037034,325.93605785656814,0.5789616107940674
vehicle_761,224.17261519347596,12170.233389077383,19.762436961126294,45453.605010590465,0.8536666666666666,334.90208705162894,0.012670755386352539,177.20424187375338,9857.575984146784,14.88934711671973,34245.49836845538,0.8700854700854702,263.0900477093586,0.6488840579986572,177.20424187375338,9857.575984146784,14.88934711671973,34245.49836845538,0.8700854700854702,263.0900477093586,0.5951428413391113
vehicle_762,204.2715633258193,11364.336580594663,17.343564091654244,39890.197410804765,1.1986842105263156,306.13298605062994,0.019130229949951172,146.07533021034112,8936.564570382228,11.62142613740555,26729.28011603276,1.1500000000000001,218.1648399446973,0.5924255847930908,148.80935931780337,8804.530806841374,12.134854615991795,27910.165616781127,1.1086206896551725,223.01554229621445,0.5604774951934814
vehicle_763,327.04023503155,17819.85626546656,101.17405593310643,263052.54542607674,0.9713114754098361,847.5735895249213,0.015590429306030273,249.1372111655723,15604.32367371191,71.62970109875614,186237.222856766,0.8858333333333334,620.4785843464952,0.7037012577056885,249.1372111655723,15604.32367371191,71.62970109875614,186237.222856766,0.8858333333333334,620.4785843464952,0.6721785068511963
vehicle_764,178.09441577787965,9615.207635395589,55.252500603073784,143656.50156799186,1.1078125,468.1059348030807,0.022921085357666016,148.32909694075295,8636.193654159786,43.75756906852216,113769.67957815764,1.1,380.5158849650748,0.5951189994812012,148.32909694075295,8636.193654159786,43.75756906852216,113769.67957815764,1.1,380.5158849650748,0.5480678081512451
vehicle_765,258.26321368583257,14115.128578617156,80.71368300661963,209855.5758172111,0.8848765432098765,674.6012632006455,0.022515296936035156,256.1764244412679,14088.42295660759,79.68457757974329,207179.90170733258,0.8774691358024691,667.287454519289,0.6261200904846191,262.4837111558705,13931.690145945675,83.58887666702192,217331.07933425703,0.9784313725490195,694.0823221458996,0.5737223625183105
vehicle_766,297.9059292224428,17085.012930654586,90.68895526451267,235791.28368773297,1.0655172413793104,766.7517148839811,0.015590429306030273,216.72350468234762,13300.89612892397,64.81278889309705,168513.25112205232,0.9053333333333333,553.5354758503117,0.6535599231719971,232.8613697673323,13545.52687644722,70.54732559991028,183423.0465597667,1.1079999999999999,600.4406441214524,0.6029975414276123
vehicle_767,138.23804245054055,7995.638803930201,11.595331065552141,26669.261450769925,0.9379310344827587,207.81501890199834,0.01631307601928711,129.61196026851562,7746.951414519054,10.539540167597897,24240.942385475166,0.993103448275862,194.39262653774125,0.6079411506652832,129.61196026851562,7746.951414519054,10.539540167597897,24240.942385475166,0.993103448275862,194.39262653774125,0.5407660007476807
vehicle_768,194.33225241194896,10521.67783721795,59.07289730303608,153589.53298789376,1.088888888888889,503.50831610413434,0.03302478790283203,176.54735357368125,10039.298930366269,53.00743119607514,137819.32110979533,1.1227272727272726,455.6004764286536,0.5555884838104248,176.54735357368125,10039.298930366269,53.00743119607514,137819.32110979533,1.1227272727272726,455.6004764286536,0.538923978805542
vehicle_769,247.50074598509985,13005.176762820513,77.88229409491377,202493.96464677577,1.0954248366013073,651.4790139264653,0.013698816299438477,229.08603058814424,12268.310305128718,71.69837196866627,186415.76711853224,1.031060606060606,601.2963604657285,0.598228931427002,233.46977206655984,11936.471707769177,75.40941124104815,196064.46922672517,1.0036231884057971,623.8687467413499,0.5720236301422119
vehicle_770,192.54120207411196,9900.686420352573,17.790780037524918,40918.794086307316,1.105128205128205,295.2965749853388,0.015905380249023438,169.75754889522057,9275.998847079658,14.763701019949023,33956.51234588276,1.0116666666666667,256.26938700804334,0.5545382499694824,169.75754889522057,9275.998847079658,14.763701019949023,33956.51234588276,1.0116666666666667,256.26938700804334,0.5233447551727295
vehicle_771,258.38185774918463,15224.843998824435,21.79529359087241,50129.17525900655,0.8043209876543208,379.6306589130967,0.015571355819702148,184.32163285243251,11355.16184588892,15.243125073707342,35059.18766952689,0.9182170542635659,272.87364038746296,0.6613659858703613,202.45993070819705,12494.062675070028,16.826713927195687,38701.44203255006,0.7963768115942027,298.02784142541475,0.5856258869171143
vehicle_772,268.72876757699595,15837.939881346449,79.27638541500312,206118.6020790081,1.1482142857142856,680.9922652539728,0.016074657440185547,208.87855663861768,12574.882069692576,61.23282118626195,159205.33508428102,1.1255813953488374,529.7914993205526,0.6009113788604736,214.809269277282,13012.882069692576,62.71551913036263,163060.34973894278,1.1255555555555556,543.2571099484542,0.5600631237030029
vehicle_773,307.8544851134727,15465.330849005784,28.581396599459886,65737.21217875773,1.15,466.5573933466071,0.017360448837280273,223.30263847862108,12124.786436947259,19.677904420243564,45259.180166560196,1.0711805555555556,335.7719623678798,0.6078517436981201,220.9594064250852,12130.756277702398,19.952883257360615,45891.63149192941,1.0387755102040817,334.4812323355131,0.5704107284545898
vehicle_774,216.89256140768998,12411.100717703346,65.62148592245399,170615.86339838037,0.8948148148148148,557.3956671452479,0.013248443603515625,140.01710998484404,9047.2943814957,41.10756641500709,106879.67267901845,0.9519607843137255,357.58768723121,0.6315279006958008,140.01710998484404,9047.2943814957,41.10756641500709,106879.67267901845,0.9519607843137255,357.58768723121,0.5609874725341797
vehicle_775,164.87174770521685,9103.789285714285,51.920551232244776,134993.4332038364,0.9568627450980391,436.5719616745639,0.020699739456176758,104.70857422598228,6571.276984126985,31.501289422503493,81903.35249850908,0.7731884057971016,271.7722601142838,0.5395617485046387,104.70857422598228,6571.276984126985,31.501289422503493,81903.35249850908,0.7731884057971016,271.7722601142838,0.515531063079834
vehicle_776,277.36393931555625,15574.117039390901,87.29480313634214,226966.48815448952,1.1313725490196078,729.4778241095161,0.013679742813110352,277.36393931555625,15574.117039390901,87.29480313634214,226966.48815448952,1.1313725490196078,729.4778241095161,0.6559896469116211,277.2768893375887,14190.468261563,90.8969400493897,236332.04412841317,1.219,747.8933863238603,0.5945265293121338
vehicle_777,216.98808921298252,12486.368823293169,18.793119458786787,43224.17475520961,0.9567375886524822,323.98949817768937,0.013966083526611328,185.87099471893154,11408.323144455098,15.612729894931581,35909.27875834263,0.9100775193798449,276.2043980386254,0.6047096252441406,185.87099471893154,11408.323144455098,15.612729894931581,35909.27875834263,0.9100775193798449,276.2043980386254,0.5568900108337402
vehicle_778,291.95238453909224,15112.9756281035,94.23339649404137,245006.83088450757,0.9452380952380953,776.7697967472643,0.013498067855834961,259.6201950969437,12980.302225117597,84.0219853426125,218457.1618907925,0.8677304964539007,692.0130662815222,0.6677649021148682,266.0552046152059,13914.993250758624,85.28673784053419,221745.51838538886,0.8894557823129251,705.2487275439946,0.6019601821899414
vehicle_779,191.97991491597898,11360.512843216382,15.881783395406893,36528.10180943586,0.9645299145299145,284.18982905031714,0.011185646057128906,166.57207570332665,10725.386691086691,13.362333423204477,30733.3668733703,0.9078703703703704,245.44172060391014,0.5837748050689697,174.4666865956744,10596.964269241338,14.462625030182174,33264.037569419,0.9990476190476191,259.71388912296186,0.5714819431304932
vehicle_780,304.9657382181069,17559.969325165148,25.897123724535447,59563.38456643152,0.9891203703703704,449.2203298014781,0.020938873291015625,243.49507414264673,14345.398638362714,21.51023204428415,49473.53370185355,0.9734463276836157,364.7655305960044,0.6193084716796875,243.49507414264673,14345.398638362714,21.51023204428415,49473.53370185355,0.9734463276836157,364.7655305960044,0.5770010948181152
vehicle_781,77.4799925095675,5168.424848484849,6.449960865824989,14834.909991397477,1.0468253968253969,121.63372437596996,0.006845712661743164,142.6262268070683,10269.293795399515,11.576444179582767,26625.82161304036,0.9240196078431373,212.60122539324672,0.6333110332489014,144.53230435735404,9960.505677655678,12.2036115339477,28068.306528079705,1.0232323232323233,218.54949239209793,0.5976057052612305
vehicle_782,372.0679664398567,19669.279608625995,33.22088401030197,76408.03322369453,1.115,554.7860752715404,0.02069234848022461,240.7228144052446,13242.590608472048,20.937136152719336,48155.41315125448,1.030232558139535,359.3893181414789,0.614567756652832,240.7228144052446,13242.590608472048,20.937136152719336,48155.41315125448,1.030232558139535,359.3893181414789,0.5823571681976318
vehicle_783,99.25627069315324,5414.913333333333,9.138599024093697,21018.777755415507,0.9222222222222223,155.67563062843652,0.007203102111816406,124.88363754045842,7921.382758974609,10.339554747232956,23780.975918635806,0.8977011494252873,187.75880687059123,0.552579402923584,124.88363754045842,7921.382758974609,10.339554747232956,23780.975918635806,0.8977011494252873,187.75880687059123,0.5234823226928711
vehicle_784,189.0693956180178,10335.306223548834,16.529505049272682,38017.861613327164,1.21875,286.77533925981146,0.01960921287536621,181.61385451019268,10618.459311441798,15.621954295967878,35930.49488072612,1.1984375,274.65757302098814,0.5962073802947998,188.1161595031613,10765.127103583392,16.080188033718013,36984.43247755144,1.1628571428571428,283.13598418465153,0.5452580451965332
vehicle_785,176.52550176063068,10878.829075357544,14.45150108213633,33238.452488913565,1.048780487804878,262.2927090147382,0.0118865966796875,137.7744111121648,8616.65514262872,11.23354208411108,25837.146793455482,0.9133333333333333,205.4689701834504,0.6211936473846436,137.7744111121648,8616.65514262872,11.23354208411108,25837.146793455482,0.9133333333333333,205.4689701834504,0.5852518081665039
vehicle_786,358.57115595852304,18999.097362833454,112.02993202395754,291277.82326228963,1.0881944444444445,934.8802875679868,0.015788793563842773,296.1661008182657,15953.622460872462,94.24038311034745,245024.99608690344,0.9722222222222222,781.521800386912,0.6889479160308838,321.36594850614233,17213.950651733005,102.47867581204626,266444.5571113203,0.9772058823529413,848.3130393487177,0.6067609786987305
vehicle_787,203.0705945511642,11199.558093306448,17.6585707041788,40614.712619611244,1.1378048780487804,305.8524852117978,0.01777195930480957,197.96158691762835,11136.027773016765,16.774814140786667,38582.07252380932,1.1507936507936507,296.43693517755844,0.5988695621490479,204.67367559241174,11683.166854233301,17.03846737194092,39188.474955464124,1.0976190476190475,304.08752705448273,0.555931568145752
vehicle_788,351.73402644718936,18184.0366236796,30.824185468446924,70895.62657742792,1.1323232323232324,522.2293073970118,0.01726055145263672,225.38818386540805,12868.087630713006,19.54946998598802,44963.780967772436,1.049019607843137,337.20019866008874,0.681910514831543,225.38818386540805,12868.087630713006,19.54946998598802,44963.780967772436,1.049019607843137,337.20019866008874,0.6050601005554199
vehicle_789,134.29627120059538,7854.985966983399,11.868245567685612,27296.96480567691,1.1511111111111112,207.33055069651886,0.013689994812011719,134.29627120059538,7854.985966983399,11.868245567685612,27296.96480567691,1.1511111111111112,207.33055069651886,0.5768818855285645,134.29627120059538,7854.985966983399,11.868245567685612,27296.96480567691,1.1511111111111112,207.33055069651886,0.5333542823791504
vehicle_790,249.7326091854664,13810.164075563813,21.30820767530104,49008.877653192394,1.0531914893617023,370.64171914324527,0.02153611183166504,203.04907745841575,11665.276129936474,17.04446237541783,39202.26346346099,1.0230769230769232,301.74251304681206,0.6217374801635742,203.63135731616669,11648.965018825364,17.12161933265568,39379.724465108055,1.0162393162393164,302.6376707581786,0.5634782314300537
vehicle_791,242.82488621422615,12561.451874667695,21.985140131115493,50565.82230156564,0.9321969696969696,365.561848754181,0.01165914535522461,174.239782067537,9309.773566199883,15.622643644117186,35932.08038146954,0.7606837606837608,262.5458861077939,0.6486153602600098,174.239782067537,9309.773566199883,15.622643644117186,35932.08038146954,0.7606837606837608,262.5458861077939,0.5856304168701172
vehicle_792,247.55377858571129,13975.40837590083,21.06347320043923,48445.988361010226,1.1107142857142858,367.86034532724494,0.012821674346923828,205.47519230702142,12152.334452954754,17.524224166470326,40305.715582881756,1.0888888888888888,307.36085048741603,0.6659884452819824,205.47519230702142,12152.334452954754,17.524224166470326,40305.715582881756,1.0888888888888888,307.36085048741603,0.5996348857879639
vehicle_793,203.516937979502,12506.830552325524,16.98415309505104,39063.55211861739,1.0047619047619047,301.9594421002444,0.013384819030761719,155.59136962991394,9762.992094921987,12.931763235386963,29743.055441390014,1.1891891891891893,234.85401994733013,0.638225793838501,155.59136962991394,9762.992094921987,12.931763235386963,29743.055441390014,1.1891891891891893,234.85401994733013,0.5894412994384766
vehicle_794,201.50110275368723,11200.585612919944,17.389583552585158,39996.04217094587,1.1261363636363635,302.8216579343433,0.01220250129699707,195.17577365344934,11450.82125768707,16.516657259919594,37988.31169781507,1.0571428571428572,291.5112722071667,0.654468297958374,190.74014977921706,10243.56341991342,16.741492569999426,38505.43291099869,1.1807692307692308,289.1007392202158,0.5866594314575195
vehicle_795,219.62536642650795,11392.799010409877,19.678227219438952,45259.92260470959,0.9642276422764229,330.82344533824744,0.017644643783569336,219.62536642650795,11392.799010409877,19.678227219438952,45259.92260470959,0.9642276422764229,330.82344533824744,0.573850154876709,225.81667310634006,11996.175011771533,20.417240783756075,46959.65380263897,1.0263565891472868,341.4987137531965,0.5441532135009766
vehicle_796,276.5798811949035,15865.044240276742,23.210228452404632,53383.52544053066,0.9442528735632184,406.4805089259691,0.014385700225830078,176.62027846012975,10719.09259013547,14.392201095576652,33102.0625198263,0.7261261261261261,258.82007091875636,0.6502475738525391,176.62027846012975,10719.09259013547,14.392201095576652,33102.0625198263,0.7261261261261261,258.82007091875636,0.5859353542327881
vehicle_797,278.34754774999635,15325.648877092986,88.28915812943971,229551.81113654323,0.8901785714285715,732.9522487995621,0.02707839012145996,230.4717201236889,13089.08269426318,71.65887096461272,186313.06450799308,0.8950617283950618,601.3525485346651,0.6267945766448975,250.78368616161455,13599.859969014684,81.54836189482613,212025.740926548,0.85,670.803234516027,0.58907151222229
vehicle_798,219.59632662347127,12549.072868242865,67.5116545743779,175530.30189338254,0.9097484276729557,569.7379373466022,0.011241674423217773,205.42338583841914,11451.978815628816,62.67004128231426,162942.10733401706,0.9628472222222223,531.5831696987763,0.6365642547607422,205.42338583841914,11451.978815628816,62.67004128231426,162942.10733401706,0.9628472222222223,531.5831696987763,0.582237958908081
vehicle_799,241.19779843169235,13177.01302939839,20.93059755327477,48140.374372531965,1.0777777777777777,360.28884537289906,0.013621091842651367,188.7019180847643,10672.434796941172,16.244667332899212,37362.73486566818,1.1445945945945948,284.3357659165788,0.6391851902008057,188.7019180847643,10672.434796941172,16.244667332899212,37362.73486566818,1.1445945945945948,284.3357659165788,0.5839476585388184
vehicle_800,259.00189197780225,13979.16072345278,22.980388935882523,52854.89455252981,0.8839622641509433,386.6265594996834,0.016356229782104492,193.17550782920847,10621.270047462105,16.92839043591412,38935.29800260248,0.825609756097561,289.0239103607164,0.75537109375,196.3283943140932,10897.690987633045,16.90201651472372,38874.63798386456,0.7904761904761906,291.77037517792735,0.5476701259613037
vehicle_801,110.00586217977329,6893.5624340990025,8.910717963449525,20494.651315933912,1.2453333333333334,168.92766378427064,0.020535707473754883,106.32214598931483,6796.057843442339,8.746317839336523,20116.53103047401,1.1193333333333333,163.13486236473142,0.5326647758483887,106.32214598931483,6796.057843442339,8.746317839336523,20116.53103047401,1.1193333333333333,163.13486236473142,0.5320065021514893
vehicle_802,136.72593224881535,8194.39084281994,11.165978534072435,25681.75062836661,1.0160714285714285,204.9927588834529,0.015226364135742188,136.59274563085046,8455.483903998525,10.75139064011212,24728.19847225788,1.1574074074074072,204.27251843437364,0.5572779178619385,136.59274563085046,8455.483903998525,10.75139064011212,24728.19847225788,1.1574074074074072,204.27251843437364,0.5449585914611816
vehicle_803,262.30772901029013,14484.806694953082,23.153482341912934,53253.00938639975,1.0496913580246914,392.5956117153665,0.017866849899291992,262.30772901029013,14484.806694953082,23.153482341912934,53253.00938639975,1.0496913580246914,392.5956117153665,0.5690035820007324,262.30772901029013,14484.806694953082,23.153482341912934,53253.00938639975,1.0496913580246914,392.5956117153665,0.544114351272583
vehicle_804,169.96830771117925,8999.979603436523,55.17887370409222,143465.0716306398,0.9544117647058822,457.90678821298707,0.011806011199951172,131.81866542934782,8261.68808759437,38.1644244523547,99227.50357612224,1.049019607843137,335.4258971272178,0.6347403526306152,131.81866542934782,8261.68808759437,38.1644244523547,99227.50357612224,1.049019607843137,335.4258971272178,0.7932288646697998
vehicle_805,196.8849126187238,9810.685335742686,17.675513038412646,40653.67998834909,0.9845833333333334,297.83350151516004,0.02655339241027832,196.8849126187238,9810.685335742686,17.675513038412646,40653.67998834909,0.9845833333333334,297.83350151516004,0.5743422508239746,196.8849126187238,9810.685335742686,17.675513038412646,40653.67998834909,0.9845833333333334,297.83350151516004,0.5317709445953369
vehicle_806,115.57509650184122,6123.791087567403,10.431820219790488,23993.186505518122,0.8545454545454544,177.98070522612804,0.00850367546081543,115.57509650184122,6123.791087567403,10.431820219790488,23993.186505518122,0.8545454545454544,177.98070522612804,0.838498592376709,116.06176301831488,6298.791087567403,10.329316778402461,23757.428590325664,0.8521739130434781,177.97975023175292,0.7085232734680176
vehicle_807,234.2417667675829,14244.261350538127,70.8773715751986,184281.1660955163,1.1267441860465117,603.8528057680794,0.01839423179626465,190.99035432920158,11896.656814483933,58.20743389532002,151339.32812783204,1.0666666666666667,495.99881736538055,0.787316083908081,202.96057078849861,12432.222243651708,61.57747678336853,160101.43963675815,1.073076923076923,525.0321190037915,0.6017642021179199
vehicle_808,258.88318317682615,14142.556891257775,23.152566461913377,53250.90286240078,0.86,387.17450351174244,0.00936436653137207,190.36451934456738,11003.92372210608,16.414133204240844,37752.50636975394,0.9186666666666666,284.6784975108011,0.36464405059814453,190.36451934456738,11003.92372210608,16.414133204240844,37752.50636975394,0.9186666666666666,284.6784975108011,0.6373310089111328
vehicle_809,265.3039821860738,13755.497335720023,23.815176186836915,54774.9052297249,0.7715686274509804,395.9165208769126,0.016373634338378906,176.08657819324134,9892.955243282786,15.308253037799712,35208.98198693935,0.764102564102564,263.01691214639965,0.6754648685455322,176.08657819324134,9892.955243282786,15.308253037799712,35208.98198693935,0.764102564102564,263.01691214639965,0.6130697727203369
vehicle_810,160.99216762486296,9246.517139330446,13.353434043269175,30712.898299519104,0.9515625000000001,239.84343982435618,0.022294044494628906,150.51784207928574,8695.133196117711,12.591363665947924,28960.136431680225,0.9409090909090908,225.29906609481566,0.5693507194519043,150.51784207928574,8695.133196117711,12.591363665947924,28960.136431680225,0.9409090909090908,225.29906609481566,0.5761091709136963
vehicle_811,178.5589462701122,10559.18245083696,54.16492735339838,140828.8111188358,1.1808943089430894,464.1256323628786,0.016559123992919922,171.11953724885086,9706.420583123447,51.42326113984304,133700.4789635919,1.1078947368421048,442.01101825624363,0.6565442085266113,171.11953724885086,9706.420583123447,51.42326113984304,133700.4789635919,1.1078947368421048,442.01101825624363,0.6209783554077148
vehicle_812,198.6770844189439,11593.063021169863,16.597213252248228,38173.590480170926,1.0235772357723578,295.1192183215669,0.028324604034423828,168.78261446905483,10698.001047266573,13.599925421895488,31279.82847035963,0.9688596491228071,249.44250502733442,0.7655978202819824,166.9941311135293,10228.085900746426,13.860582304977669,31879.339301448643,0.9267543859649123,248.40572147049633,0.6971378326416016
vehicle_813,288.56029985488857,13671.089131953317,26.786619335566375,61609.224471802656,1.0453703703703703,436.74462499530006,0.021143674850463867,239.46144882906836,12457.63073525557,21.395001449166138,49208.50333308212,1.0854609929078012,360.75151898599245,0.6319358348846436,238.76638581505995,12225.696078340265,21.536263749231082,49533.40662323148,1.0081699346405228,359.92543059604844,0.5897045135498047
vehicle_814,99.25627069315324,5414.913333333333,32.637853657477486,84858.41950944149,0.9222222222222223,273.1719037953555,0.006875514984130859,149.60664144642428,10302.640855927699,43.27434443645366,112513.2955347795,0.7563725490196079,376.4039338010908,0.6528668403625488,149.60664144642428,10302.640855927699,43.27434443645366,112513.2955347795,0.7563725490196079,376.4039338010908,0.6150045394897461
vehicle_815,220.1120855798144,11968.070743876488,19.297094792729922,44383.31802327883,0.9965116279069768,329.887139918055,0.020169973373413086,157.29711868036938,9049.42066840802,13.29050282950101,30568.156507852324,1.053763440860215,236.80099519992325,0.7759573459625244,161.18435250641136,9410.696909728633,13.435425785584021,30901.479306843252,0.8742424242424242,239.71798815168034,0.5696437358856201
vehicle_816,268.4206403258157,14472.656551045156,84.13715661201319,218756.60719123422,1.012962962962963,703.2562353908016,0.014790773391723633,199.56145900339513,11604.352550291258,60.19008730077419,156494.22698201283,1.0405797101449274,514.1411238726852,0.7302854061126709,199.56145900339513,11604.352550291258,60.19008730077419,156494.22698201283,1.0405797101449274,514.1411238726852,0.6299698352813721
vehicle_817,209.9170603301351,11988.543544914593,64.66443838433756,168127.53979927767,0.9280141843971631,545.849545080493,0.018416166305541992,143.6844131237819,9129.895839534996,42.39156673425004,110218.07350905013,0.9757575757575758,367.9359047302564,0.653742790222168,149.1147029017494,8806.457109557108,46.0901848885094,119834.48071012442,0.9130208333333334,391.1420737636178,0.5869960784912109
vehicle_818,151.67001107327718,8214.896822298713,13.398466068235422,30816.47195694147,1.1633333333333333,232.57759053175948,0.025229692459106445,151.67001107327718,8214.896822298713,13.398466068235422,30816.47195694147,1.1633333333333333,232.57759053175948,0.5550382137298584,151.67001107327718,8214.896822298713,13.398466068235422,30816.47195694147,1.1633333333333333,232.57759053175948,0.5466349124908447
vehicle_819,181.61637954288943,10306.872431185422,15.533554527284066,35727.17541275335,1.0604761904761906,272.7519342038454,0.03178858757019043,181.61637954288943,10306.872431185422,15.533554527284066,35727.17541275335,1.0604761904761906,272.7519342038454,0.533268928527832,181.61637954288943,10306.872431185422,15.533554527284066,35727.17541275335,1.0604761904761906,272.7519342038454,0.5108366012573242
vehicle_820,125.39367599930101,7614.775409455749,10.079024677095681,23181.756757320072,0.9741935483870967,187.64595026016588,0.012234926223754883,98.6019134066643,6538.770148450369,7.787873490789915,17912.109028816805,0.9928571428571428,149.2861773304215,0.5997045040130615,98.6019134066643,6538.770148450369,7.787873490789915,17912.109028816805,0.9928571428571428,149.2861773304215,0.5549190044403076
vehicle_821,250.63169608704428,13848.70129475148,77.32574356052477,201046.9332573644,1.0658536585365852,651.7658119457983,0.023024320602416992,181.14402076008668,10173.594999112338,56.12221927928225,145917.77012613387,0.977027027027027,474.3513860376327,0.5625803470611572,181.14402076008668,10173.594999112338,56.12221927928225,145917.77012613387,0.977027027027027,474.3513860376327,0.6015851497650146
vehicle_822,269.31626431912866,14249.943940931806,24.08431994318116,55393.93586931667,1.0545138888888888,404.2413206852933,0.014211177825927734,236.4422457561867,13047.3668781152,20.29519091722992,46678.93910962882,0.9624183006535948,351.16665192612646,0.7372186183929443,236.4422457561867,13047.3668781152,20.29519091722992,46678.93910962882,0.9624183006535948,351.16665192612646,0.7115566730499268
vehicle_823,223.10098455691556,12563.721731335956,70.29136197811792,182757.54114310656,0.9957364341085272,588.0050814917394,0.01716303825378418,201.87386013913806,11871.104805030343,61.61175487569253,160190.5626768006,1.0679166666666666,523.9093302967758,0.7861042022705078,210.065593990247,11409.570110352464,66.84456615298612,173795.8719977639,0.9910852713178294,557.3686024990093,0.6539862155914307
vehicle_824,169.5263501048802,8331.46554112554,16.208975364750785,37280.643338926806,1.14375,264.3230229122801,0.02242279052734375,144.91326358785764,7570.547825183841,13.80924413692776,31761.26151493385,1.09375,226.9999142239364,0.5939371585845947,144.91326358785764,7570.547825183841,13.80924413692776,31761.26151493385,1.09375,226.9999142239364,0.5924460887908936
vehicle_825,274.97192775448804,14313.398681756042,23.98683710827837,55169.72534904025,0.9647798742138365,408.52985611628384,0.019080162048339844,224.2391260505632,12767.218892874236,19.124299373918404,43985.888560012325,1.0429078014184396,333.8361506268047,0.7040925025939941,224.2391260505632,12767.218892874236,19.124299373918404,43985.888560012325,1.0429078014184396,333.8361506268047,0.6152729988098145
vehicle_826,241.90011928384837,14000.915304703482,73.35204481935445,190715.31653032158,1.072549019607843,623.2749767168945,0.013550281524658203,198.92306599460977,12386.523039918306,59.51674931657245,154743.5482230884,1.159920634920635,511.54671977110013,0.7909049987792969,198.92306599460977,12386.523039918306,59.51674931657245,154743.5482230884,1.159920634920635,511.54671977110013,0.6840240955352783
vehicle_827,260.3845056682786,15315.97032702146,22.141913012339145,50926.39992838002,1.0859195402298851,386.2077023342236,0.024306058883666992,254.37284423886302,14398.602406934402,21.820699558316925,50187.60898412892,0.8620370370370369,376.09632418052206,0.6880006790161133,254.37284423886302,14398.602406934402,21.820699558316925,50187.60898412892,0.8620370370370369,376.09632418052206,0.6720647811889648
vehicle_828,251.37026159038896,15123.27717837718,76.58229298016494,199113.96174842876,0.9319672131147542,647.8023089496883,0.01707625389099121,188.00769766633303,11706.422559953045,55.46524220022517,144209.62972058542,0.9,477.58569271189026,0.7138898372650146,188.00769766633303,11706.422559953045,55.46524220022517,144209.62972058542,0.9,477.58569271189026,0.593376636505127
vehicle_829,155.54425973858886,9636.274473328738,12.67739964189819,29158.019176365837,1.0843434343434344,232.45143520077215,0.01131749153137207,136.62616696343213,9197.985529801897,10.971072395700785,25233.4665101118,1.0781609195402297,204.8181341178389,0.7005884647369385,136.62616696343213,9197.985529801897,10.971072395700785,25233.4665101118,1.0781609195402297,204.8181341178389,0.592552900314331
vehicle_830,229.93511007022306,13587.657899279295,70.85756563567942,184229.67065276648,0.9496527777777777,597.4938154428644,0.03462719917297363,221.40311197394064,13457.505218436534,65.54017952596946,170404.46676752061,1.0173333333333334,563.0155388311314,0.6772868633270264,231.0358792584442,13332.125275337077,69.67037930204162,181142.98618530823,1.017628205128205,593.2674259519724,0.7185695171356201
vehicle_831,309.87312169751686,17106.859181401313,94.39868080086124,245436.57008223928,0.8917989417989417,795.5364204479795,0.02176070213317871,226.40055932920555,13531.726773286553,66.54392966407659,173014.2171265992,0.7352564102564103,570.2315847447322,0.6666152477264404,226.40055932920555,13531.726773286553,66.54392966407659,173014.2171265992,0.7352564102564103,570.2315847447322,0.6003835201263428
vehicle_832,212.4697149659404,10680.881302629006,19.2982232745661,44385.91353150205,1.0605263157894733,322.5330059696181,0.018347978591918945,175.89800021565333,9304.58731962482,15.96234350694483,36713.39006597311,1.0675675675675673,268.97000101483786,0.5881509780883789,181.9966147079144,10076.180247043658,15.823654524581329,36394.40540653706,1.169298245614035,275.60680874447354,0.5319070816040039
vehicle_833,124.80404736878936,7107.010869883356,39.326481704375134,102248.85243137536,1.2,335.41062557674377,0.02163839340209961,123.88550073345394,7041.611980994468,38.41122579548238,99869.1870682542,1.2111111111111112,330.00874415003096,0.5425121784210205,137.76214182548011,7211.29213172056,44.06294739346906,114563.66322301955,1.1391304347826086,371.4713198439072,0.524444580078125
vehicle_834,334.3913918323976,17881.46728926747,105.15133718680048,273393.47668568126,1.1364197530864197,876.4793495442829,0.015872955322265625,221.3403688378202,12029.030325343994,68.12435646616207,177123.32681202138,1.0691666666666666,575.9952151478927,0.635174036026001,221.3403688378202,12029.030325343994,68.12435646616207,177123.32681202138,1.0691666666666666,575.9952151478927,0.5832266807556152
vehicle_835,294.40586222776346,15844.604486161872,25.668336166009677,59037.17318182226,1.0852941176470587,438.00176325821633,0.024039745330810547,226.17173917371835,13063.157087917294,19.045873301078714,43805.508592481034,0.9711111111111114,334.74087153686673,0.6489560604095459,232.35069668808262,13413.357413502727,19.50426787396663,44859.81611012324,0.988888888888889,343.4868575616665,0.6571612358093262
vehicle_836,271.37335668473185,14809.65015965359,23.65704136133082,54411.195131060886,0.9593333333333334,403.3656885357341,0.016253948211669922,200.61825429809917,11826.471416414142,16.63746180027584,38266.16214063443,0.815040650406504,295.24110075254737,0.7820863723754883,215.9810447201272,12635.459999999997,18.304957655160244,42101.40260686856,0.8626016260162602,319.641699256091,0.7378735542297363
vehicle_837,125.26165283599491,7420.196273171274,10.921148701060819,25118.642012439886,1.0803030303030303,192.73159227576576,0.016477108001708984,125.26165283599491,7420.196273171274,10.921148701060819,25118.642012439886,1.0803030303030303,192.73159227576576,0.5865561962127686,125.26165283599491,7420.196273171274,10.921148701060819,25118.642012439886,1.0803030303030303,192.73159227576576,0.578174352645874
vehicle_838,294.5969512857588,15299.69775313683,26.804928661222565,61651.335920811885,1.0051912568306012,442.92342320271564,0.023967981338500977,248.03055845167788,13685.9312685402,21.825921691346867,50199.6198900978,0.9996732026143791,370.9585465091505,0.6015355587005615,254.10327540590774,13627.216184992334,22.712877505601544,52239.61826288354,0.9866666666666667,381.3196674297467,0.5808529853820801
vehicle_839,196.83146820975026,11271.100317200047,16.564192677748252,38097.643158820974,1.233783783783784,295.1211306355516,0.01979351043701172,194.85263418482248,11315.12803297228,16.34285327298295,37588.562527860784,1.2347222222222223,292.0572138922295,0.6270513534545898,194.85263418482248,11315.12803297228,16.34285327298295,37588.562527860784,1.2347222222222223,292.0572138922295,0.6158928871154785
vehicle_840,196.90944450323875,11340.025610563918,16.845377703993023,38744.36871918395,1.007037037037037,294.35671050761977,0.029430627822875977,134.87832944960113,8036.129908621844,11.799534485011193,27138.929315525744,0.9277777777777778,205.38603796038535,0.6533193588256836,134.87832944960113,8036.129908621844,11.799534485011193,27138.929315525744,0.9277777777777778,205.38603796038535,0.5875575542449951
vehicle_841,240.91414374699005,14137.444013185486,20.600795191582726,47381.82894064026,0.9230496453900711,357.0756839402448,0.01684713363647461,228.9290839780478,13688.261543216813,19.91895947919461,45813.606802147595,0.9557823129251701,341.8839993763883,0.62605881690979,231.38669007837223,13464.996353498205,19.943309368015516,45869.61154643569,0.95,344.34351368331045,0.5946798324584961
vehicle_842,151.68241443413547,7211.531732348111,13.945462623238324,32074.564033448143,1.0865384615384615,234.2783154246973,0.024820327758789062,146.86506925446236,7146.043545534925,13.478525539792837,31000.608741523516,1.1217391304347828,227.46010035375627,0.5356872081756592,146.86506925446236,7146.043545534925,13.478525539792837,31000.608741523516,1.1217391304347828,227.46010035375627,0.5871355533599854
vehicle_843,312.1667648057029,15765.484657898734,28.681486878575534,65967.41982072372,1.0770833333333332,470.7243338257746,0.012683391571044922,249.1901318000213,13938.73542378674,21.335326601342466,49071.25118308767,1.0892857142857142,370.6314929006427,0.6852710247039795,269.097263876879,15020.050505050505,23.45538529184454,53947.38617124244,1.1359649122807018,401.90607571031165,0.6327972412109375
vehicle_844,219.32757313680952,13004.436699687109,18.36377163639604,42236.67476371089,1.05,325.2587748464806,0.015535831451416016,198.32355938468947,11184.196011099313,17.270242874510682,39721.558611374574,0.9757142857142859,297.53863772858,0.7192814350128174,212.10046029875124,12108.629723398355,18.656732505077127,42910.48476167737,1.0243589743589747,318.99122082422616,0.6951935291290283
vehicle_845,188.0006260871437,10631.785223481016,16.188781281664347,37234.196947828,1.131111111111111,283.2089172797657,0.014396905899047852,144.32125319319078,8390.369516498637,12.119926859327093,27875.831776452313,1.0853333333333333,218.10487902218696,0.5849244594573975,144.32125319319078,8390.369516498637,12.119926859327093,27875.831776452313,1.0853333333333333,218.10487902218696,0.5664248466491699
vehicle_846,54.77440266153373,3540.773153471915,4.477112038902287,10297.357689475262,1.0035714285714286,88.1792252399461,0.0063898563385009766,161.8214746941523,9853.889691131235,13.394390020307467,30807.09704670718,1.1975490196078429,243.50610657263786,0.5824344158172607,163.32322967557212,9884.032753813279,13.499512869006859,31048.879598715776,1.2034313725490196,245.60067239993361,0.5867738723754883
vehicle_847,296.084715935295,15667.929917398418,26.167005479256694,60184.1126022904,1.347115384615385,444.7430999325652,0.014749288558959961,187.79855953368636,10906.408467309106,15.936457761270756,36653.85285092273,1.4395833333333332,284.9062395809593,0.660900354385376,187.79855953368636,10906.408467309106,15.936457761270756,36653.85285092273,1.4395833333333332,284.9062395809593,0.5932374000549316
vehicle_848,245.62863028297002,13495.508077239594,74.29101901740256,193156.6494452466,1.010740740740741,630.939885021068,0.019416093826293945,217.80940122343006,12255.725886802047,65.3981464395858,170035.18074292305,0.9912698412698414,558.1172001359469,0.6460294723510742,217.80940122343006,12255.725886802047,65.3981464395858,170035.18074292305,0.9912698412698414,558.1172001359469,0.6058254241943359
vehicle_849,220.4434449057969,13505.221861124986,64.72880903325597,168294.9034864655,0.9857638888888888,557.6965794779449,0.013942480087280273,220.4434449057969,13505.221861124986,64.72880903325597,168294.9034864655,0.9857638888888888,557.6965794779449,0.6389806270599365,220.4434449057969,13505.221861124986,64.72880903325597,168294.9034864655,0.9857638888888888,557.6965794779449,0.6082055568695068
vehicle_850,267.37229653202706,14775.462763820364,22.571938161702988,51915.457771916874,0.8697916666666666,393.034199219381,0.01730513572692871,184.89208408426597,11289.20785010336,14.865129021423176,34189.79674927331,0.7792682926829269,270.1463031876843,0.6442763805389404,188.57314490665095,11597.550754277883,15.061584874264675,34641.645210808754,1.01125,277.2151111541626,0.5794937610626221
vehicle_851,208.48998013112117,11988.161646453756,17.470648621391508,40182.49182920047,1.2087962962962961,311.26123110283436,0.012407302856445312,167.5140753840028,9408.619619460436,14.325955193361356,32949.69694473112,1.0266666666666666,252.0240234673264,0.6202442646026611,165.66649382249847,9520.49824691142,14.266209552960067,32812.28197180815,1.0193548387096774,249.83567282075984,0.5564064979553223
vehicle_852,383.3792285279992,20600.339530147725,123.94922251356967,322267.97853528115,1.20078125,1020.8554701319997,0.01713871955871582,210.39958877230862,12695.309974038397,64.59135940359694,167937.53444935204,1.0499999999999998,547.3828607830817,0.6470460891723633,212.2497739528909,12744.334577212998,65.40285116007334,170047.41301619067,1.0119047619047616,552.9231703104199,0.5715749263763428
vehicle_853,281.60888751954997,15558.472708259445,24.875617477860096,57213.92019907823,1.153125,421.84002288336694,0.026242971420288086,200.26984750708198,12436.106691450042,16.70070909489694,38411.63091826296,1.083720930232558,298.0650763648506,0.653660774230957,200.26984750708198,12436.106691450042,16.70070909489694,38411.63091826296,1.083720930232558,298.0650763648506,0.5878560543060303
vehicle_854,253.18912049281596,12951.467725760078,23.21032392960534,53383.745038092275,0.9728395061728393,382.5667651263933,0.019374370574951172,206.68886416261202,11407.329781651095,18.13504684352296,41710.60774010281,1.0768115942028984,311.3009170393811,0.6045315265655518,204.0101256812706,10895.760236196551,18.513475291981106,42580.99317155654,1.0394557823129253,309.9986600299155,0.5391063690185547
vehicle_855,187.00306827161904,10626.322961748278,15.75136221653307,36228.13309802606,1.1153846153846152,279.865481886394,0.01663494110107422,187.00306827161904,10626.322961748278,15.75136221653307,36228.13309802606,1.1153846153846152,279.865481886394,0.5563607215881348,187.00306827161904,10626.322961748278,15.75136221653307,36228.13309802606,1.1153846153846152,279.865481886394,0.5402696132659912
vehicle_856,281.13849452558753,16169.901237336882,23.2773390652535,53537.87985008306,1.1245614035087719,413.26244311953633,0.014663934707641602,223.2299502723258,12499.624186049923,18.79478330601999,43228.001603845994,1.05,331.17598463188403,0.7161245346069336,229.03448831015626,13238.150234222127,19.131443664997562,44002.320429494386,1.1416666666666668,339.78563725576134,0.8311812877655029
vehicle_857,99.38471057167803,6223.278922803488,8.388823873997787,19294.294910194905,1.0095238095238095,153.15275662657268,0.00883030891418457,99.38471057167803,6223.278922803488,8.388823873997787,19294.294910194905,1.0095238095238095,153.15275662657268,0.6582098007202148,99.38471057167803,6223.278922803488,8.388823873997787,19294.294910194905,1.0095238095238095,153.15275662657268,0.5346148014068604
vehicle_858,229.104718020554,12880.510917597861,19.24802039945789,44270.44691875313,1.2434108527131784,341.35684824430797,0.018258094787597656,229.104718020554,12880.510917597861,19.24802039945789,44270.44691875313,1.2434108527131784,341.35684824430797,0.6518948078155518,229.104718020554,12880.510917597861,19.24802039945789,44270.44691875313,1.2434108527131784,341.35684824430797,0.6067345142364502
vehicle_859,326.1100555467501,17888.570317776368,28.090452558830233,64608.04088530953,1.1261538461538463,482.7929041129331,0.026543617248535156,217.96193781993466,12112.879780644895,18.713248917106522,43040.472509345,1.050387596899225,325.39674720241646,0.7758896350860596,220.37415624986863,12361.291717804725,18.716866790746252,43048.79361871637,0.7488636363636364,324.8808187110709,0.7269454002380371
vehicle_860,188.1644687630409,9520.228271462334,17.04117458421756,39194.70154370038,1.0472972972972974,286.4878225102857,0.047408342361450195,186.60193166991104,10142.949671196635,15.875352657974096,36513.311113340416,1.037837837837838,279.17455935793674,0.7660982608795166,186.60193166991104,10142.949671196635,15.875352657974096,36513.311113340416,1.037837837837838,279.17455935793674,0.6252036094665527
vehicle_861,165.55415365733847,8372.15272967773,14.78777641558258,34011.88575583993,0.9310344827586207,251.12897854330362,0.010016918182373047,180.79043713043902,9653.441527880605,16.059952450840363,36937.89063693282,0.9842105263157894,273.6138161833211,0.7300822734832764,186.71727355711715,9685.338536427613,16.827627273858514,38703.54272987458,0.9794871794871793,283.34065353695587,0.5972075462341309
vehicle_862,248.24572606558365,12689.411533193488,22.350774174150985,51406.78060054726,0.8928104575163398,372.4525380485002,0.017498254776000977,197.94239280547615,10831.740080997433,17.33589429111829,39872.556869572065,0.848780487804878,296.11848582828236,0.6957666873931885,197.94239280547615,10831.740080997433,17.33589429111829,39872.556869572065,0.848780487804878,296.11848582828236,0.8583152294158936
vehicle_863,168.30257346667034,9128.952539162256,15.192825115879492,34943.49776652283,1.0833333333333333,257.63585252916846,0.019575119018554688,144.29361360501377,8055.161003838085,12.328742438439239,28356.107608410246,0.8983870967741937,217.15874148824025,0.6340432167053223,144.29361360501377,8055.161003838085,12.328742438439239,28356.107608410246,0.8983870967741937,217.15874148824025,0.5711290836334229
vehicle_864,295.79911209654324,15389.758155982401,26.69222319580257,61392.11335034591,1.0333333333333334,443.86849422999563,0.016366958618164062,171.71394094696836,10527.825258343808,14.091190193318335,32409.737444632163,1.0,255.09428781865554,0.7351195812225342,171.1321424377298,10497.509673928223,14.093660368377419,32415.41884726806,1.0,254.51641918904141,0.5867280960083008
vehicle_865,277.4654148338345,15571.795318663006,23.508660762135293,54069.91975291116,0.9609929078014185,408.9441464221537,0.023019075393676758,211.08969338268818,12138.310159806413,17.660469260693542,40619.079299595156,0.9325396825396827,312.08918933372115,0.601003885269165,211.08969338268818,12138.310159806413,17.660469260693542,40619.079299595156,0.9325396825396827,312.08918933372115,0.5615589618682861
vehicle_866,259.02754455128576,13922.014745620725,22.94071753794779,52763.65033727992,1.0755813953488371,388.3541725127411,0.01579737663269043,171.74833060214712,10220.879528189058,14.133183291355579,32506.32157011783,1.0183333333333333,255.4367135945331,0.6513872146606445,188.02039248830022,11011.459075672736,15.918878299794123,36613.42008952648,1.1054166666666667,281.7276892860688,0.5874068737030029
vehicle_867,234.6136690392458,13813.3100605218,69.18991484064668,179893.7785856814,1.0892857142857142,595.2931309577035,0.013982057571411133,206.6558273416653,12132.773338458439,61.359624375779305,159535.02337702614,0.9637499999999999,526.4616640368002,0.6369738578796387,206.6558273416653,12132.773338458439,61.359624375779305,159535.02337702614,0.9637499999999999,526.4616640368002,0.5697979927062988
vehicle_868,295.38864973160395,16692.706169342997,89.43297844261929,232525.74395081008,0.9147849462365591,756.3382542318834,0.014461517333984375,190.28855898735262,11636.878754578753,55.62731134438047,144631.00949538918,0.9503787878787878,481.1613699087592,0.6448540687561035,190.28855898735262,11636.878754578753,55.62731134438047,144631.00949538918,0.9503787878787878,481.1613699087592,0.5984716415405273
vehicle_869,129.81394898386728,8567.006030035744,10.28544672521312,23656.527467990178,0.8333333333333334,191.95423984049836,0.01122140884399414,107.74707217317511,6938.059730962153,8.566633103154212,19703.256137254684,0.8493827160493828,161.00130366359616,0.5830843448638916,109.02580474184748,7871.6309732664995,8.635844540099704,19862.44244222932,0.832183908045977,162.71343068204646,0.5225207805633545
vehicle_870,97.45591234237644,6358.48070955262,29.171780822417,75846.63013828419,0.804,253.1210610960038,0.019500732421875,97.45591234237644,6358.48070955262,29.171780822417,75846.63013828419,0.804,253.1210610960038,0.5045421123504639,97.45591234237644,6358.48070955262,29.171780822417,75846.63013828419,0.804,253.1210610960038,0.5011796951293945
vehicle_871,110.26197627867809,5947.24062092586,34.653835910947905,90099.97336846456,1.2125000000000001,297.3081671170081,0.01694321632385254,110.26197627867809,5947.24062092586,34.653835910947905,90099.97336846456,1.2125000000000001,297.3081671170081,0.5279779434204102,110.26197627867809,5947.24062092586,34.653835910947905,90099.97336846456,1.2125000000000001,297.3081671170081,0.4773249626159668
vehicle_872,125.06165429105985,6085.906060606059,40.41493262350161,105078.82482110421,0.9521739130434782,338.3485860002822,0.007681608200073242,154.69627026169775,7311.47101200686,51.889235452135594,134912.01217555258,0.9153846153846155,425.3272578462238,0.5278685092926025,163.10044911366626,7875.332124435848,54.0025059677223,140406.515516078,0.9806451612903224,445.1070228219687,0.4996809959411621
vehicle_873,259.47631205887313,13824.544676808418,22.76292948205557,52354.737808727805,0.9519607843137254,386.65071861140166,0.012788772583007812,238.6987971210865,12912.932327394827,20.83554863978543,47921.7618715065,0.930952380952381,355.772989776036,0.6701655387878418,238.6987971210865,12912.932327394827,20.83554863978543,47921.7618715065,0.930952380952381,355.772989776036,0.5920696258544922
vehicle_874,170.57230701215082,11044.86208267996,14.002912664356872,32206.699128020802,0.9325581395348835,252.9804689744729,0.016158580780029297,154.01703919239526,9780.183101321336,12.758215615424668,29343.895915476733,0.9416666666666668,229.94150146433006,0.5911624431610107,154.01703919239526,9780.183101321336,12.758215615424668,29343.895915476733,0.9416666666666668,229.94150146433006,0.5395350456237793
vehicle_875,167.86158780163976,9395.658387963176,14.51784129082308,33391.03496889309,0.9949074074074074,253.00977343759678,0.015708446502685547,169.63553837596018,10399.89039688051,14.040803651892242,32293.848399352148,1.0793859649122806,253.5222747281221,0.5869457721710205,167.86158780163976,9395.658387963176,14.51784129082308,33391.03496889309,0.9949074074074074,253.00977343759678,0.5483200550079346
vehicle_876,270.48215736686,13262.778675350131,88.07368691241808,228991.58597228708,1.046014492753623,724.994842044084,0.019199848175048828,214.01100992037667,10899.097605354475,68.10997077121505,177085.92400515906,1.0018939393939392,567.6073302829898,0.5974380970001221,225.0960773621452,11434.22771016996,72.38645437829197,188204.7813835592,1.0027131782945737,600.2316554004869,0.5610635280609131
vehicle_877,200.92315975953093,11664.777439227439,17.389969889881964,39996.93074672851,1.0182170542635658,301.29539570691736,0.026940107345581055,200.92315975953093,11664.777439227439,17.389969889881964,39996.93074672851,1.0182170542635658,301.29539570691736,0.5374939441680908,200.92315975953093,11664.777439227439,17.389969889881964,39996.93074672851,1.0182170542635658,301.29539570691736,0.5223498344421387
vehicle_878,274.74465892497545,15632.694138656307,23.642014075501752,54376.63237365402,1.0259615384615384,407.5567597256152,0.02063441276550293,226.2301373754859,13449.784194136902,18.594153090051723,42766.55210711897,0.8627659574468086,331.5646135652506,0.6398446559906006,226.2301373754859,13449.784194136902,18.594153090051723,42766.55210711897,0.8627659574468086,331.5646135652506,0.5643327236175537
vehicle_879,258.9395346099156,13608.588027089589,22.85069297020264,52556.59383146607,1.0343971631205673,387.3171344329927,0.020531177520751953,188.756132068856,10479.973777439656,16.089288261078632,37005.36300048086,0.9785087719298243,281.898764920614,0.6122047901153564,188.756132068856,10479.973777439656,16.089288261078632,37005.36300048086,0.9785087719298243,281.898764920614,0.5591461658477783
vehicle_880,237.94296401371773,12814.234312227176,21.420146140626535,49266.336123441026,0.9879432624113474,358.4826368721381,0.014530658721923828,231.27573913380357,12835.871705708134,20.329147678433756,46757.03966039763,1.0118589743589743,346.60558718781436,0.6664667129516602,237.94296401371773,12814.234312227176,21.420146140626535,49266.336123441026,0.9879432624113474,358.4826368721381,0.6055655479431152
vehicle_881,308.5084536252402,15237.395774540377,28.56611427975927,65702.06284344633,1.0044642857142858,465.6162778185517,0.015194892883300781,204.79625523913413,11967.136697568652,17.685528955545344,40676.71659775429,0.8614814814814815,305.1629194698892,0.6912908554077148,204.79625523913413,11967.136697568652,17.685528955545344,40676.71659775429,0.8614814814814815,305.1629194698892,0.6373016834259033
vehicle_882,191.28346942335105,9865.523504562652,60.559300819169884,157454.18212984168,1.0319444444444446,507.13984115935676,0.02331233024597168,190.48332447961835,10107.944800015892,59.07336835299164,153590.75771777827,1.103030303030303,499.6882317193284,0.5831851959228516,188.840067546379,9772.662645096987,59.95462193714656,155882.01703658103,1.0705882352941178,502.03368809757995,0.5654189586639404
vehicle_883,210.07035391382192,10889.51047292069,18.956634247375124,43600.25876896277,0.9906504065040651,317.78489323599393,0.015020132064819336,167.02963368603508,9014.922207096417,14.219390275950651,32704.597634686503,0.9313131313131313,249.94386143644644,0.6210088729858398,167.02963368603508,9014.922207096417,14.219390275950651,32704.597634686503,0.9313131313131313,249.94386143644644,0.5656044483184814
vehicle_884,198.18785562965311,11942.842651714482,16.07133507218287,36964.070666020605,0.8193798449612403,290.05578573232276,0.013850212097167969,198.18785562965311,11942.842651714482,16.07133507218287,36964.070666020605,0.8193798449612403,290.05578573232276,0.6332123279571533,198.18785562965311,11942.842651714482,16.07133507218287,36964.070666020605,0.8193798449612403,290.05578573232276,0.6095001697540283
vehicle_885,371.13452408342425,19716.161840160818,115.64506999271308,300677.181981054,1.1776119402985072,966.6127050722416,0.01896357536315918,235.5700008707269,13072.564358071426,72.83919238849309,189381.900210082,1.0179245283018867,613.5764759734533,0.681861400604248,235.5700008707269,13072.564358071426,72.83919238849309,189381.900210082,1.0179245283018867,613.5764759734533,0.6281700134277344
vehicle_886,368.1957019101829,20278.70224918759,31.97437501682876,73541.06253870613,0.9892018779342725,543.5925686206659,0.018822193145751953,283.21663250535323,16584.927088006403,23.449952854362145,53934.89156503293,0.9595628415300548,414.66894938357746,0.69439697265625,283.21663250535323,16584.927088006403,23.449952854362145,53934.89156503293,0.9595628415300548,414.66894938357746,0.6338534355163574
vehicle_887,241.66114158383942,13172.740746934223,21.465383257339468,49370.38149188077,1.0127450980392159,362.7746035028551,0.015807390213012695,208.82101817860251,11534.931608693449,17.90280480153532,41176.45104353124,0.9,310.53918985536063,0.607691764831543,208.82101817860251,11534.931608693449,17.90280480153532,41176.45104353124,0.9,310.53918985536063,0.5494523048400879
vehicle_888,263.1117347710615,13165.193341918724,88.76168985967661,230780.3936351592,1.0173758865248224,720.7509410852257,0.025524616241455078,184.07234849193318,10104.262354022016,57.38284688098901,149195.4018905714,0.9089430894308943,482.8827533339711,0.654430627822876,184.07234849193318,10104.262354022016,57.38284688098901,149195.4018905714,0.9089430894308943,482.8827533339711,0.5755612850189209
vehicle_889,190.68376989227028,10524.938551514724,16.52241069171387,38001.5445909419,0.8899122807017543,285.11854019994456,0.016965150833129883,174.81094999761248,9886.001859679322,14.49755717939426,33344.3815126068,0.8764957264957266,258.8098047872297,0.6387779712677002,174.81094999761248,9886.001859679322,14.49755717939426,33344.3815126068,0.8764957264957266,258.8098047872297,0.5868744850158691
vehicle_890,291.0290158052735,16889.666602706802,90.39474149915306,235026.32789779795,1.1737704918032787,759.432002275379,0.015250205993652344,262.71264341632684,15149.222158262359,81.49457029510607,211885.8827672758,1.113888888888889,685.5325010469301,0.6666262149810791,262.71264341632684,15149.222158262359,81.49457029510607,211885.8827672758,1.113888888888889,685.5325010469301,0.5969352722167969
vehicle_891,168.53263479789277,9609.555042715569,14.054566495044453,32325.502938602243,0.9714285714285714,251.18907383259952,0.023142099380493164,167.83574425078757,9606.318169866197,13.852813508439008,31861.471069409716,0.9485714285714286,249.25394779254862,0.5844006538391113,166.80581155704178,9479.79730323283,13.928984076449627,32036.66337583415,0.9612903225806451,248.69691219377216,0.5513007640838623
vehicle_892,262.8284525260023,14503.096551160814,23.382272852632063,53779.22756105375,1.0715686274509804,394.48414099455044,0.023699522018432617,214.84363000988608,12619.96089155858,18.541130120968138,42644.59927822672,0.9445652173913043,320.5004774807394,0.6287591457366943,225.33558310476892,13039.017451394524,19.06389417806735,43846.95660955491,1.1541666666666666,335.8186699538264,0.5966649055480957
vehicle_893,117.54584378019143,6838.943268005336,10.52911887493793,24216.973412357238,1.0952380952380953,183.04352557059684,0.009160280227661133,121.69114468934181,7094.135119740148,10.203042078297766,23466.996780084864,1.1142857142857143,185.8198053125045,0.6601481437683105,117.54584378019143,6838.943268005336,10.52911887493793,24216.973412357238,1.0952380952380953,183.04352557059684,0.5811524391174316
vehicle_894,284.90351878807326,17181.182029842555,23.802964606031,54746.8185938713,0.9,417.6908923820734,0.016354799270629883,229.19304204839514,14399.446385808225,18.706789282830872,43025.615350511005,0.9830128205128206,336.5569628859578,0.6619338989257812,256.63041851450214,15468.821530108371,21.442147124913856,49316.938387301874,0.8575757575757575,376.71380658430354,0.5881397724151611
vehicle_895,235.70798665746057,12998.774597968071,19.952972679092493,45891.837161912736,1.2,351.0836207745808,0.01258707046508789,182.10956265102186,10883.764275811385,15.169266690647387,34889.31338848899,1.1970588235294117,272.94975219394496,0.6579287052154541,189.54942145295644,10465.571945572488,16.36904123733433,37648.794845868964,1.1094017094017095,285.39574805185975,0.5931289196014404
vehicle_896,226.31504511576713,12493.01812222865,69.47664798024336,180639.28474863275,0.9936666666666666,587.1052344953807,0.012664794921875,168.9130518047461,10449.540534875792,50.11548929528796,130300.27216774868,1.1932432432432432,434.3255808621949,0.6267499923706055,204.07959964278214,11464.377165670587,62.60611578617013,162775.90104404234,1.0977272727272727,531.2720005135918,0.5541591644287109
vehicle_897,168.77848119881705,10644.864720268131,49.45585429921564,128585.22117796066,0.9841880341880344,428.8565399035167,0.011327743530273438,161.16421724056292,10056.668594172004,47.13864501772925,122560.47704609607,0.9617117117117118,409.26807850026296,0.6470754146575928,161.16421724056292,10056.668594172004,47.13864501772925,122560.47704609607,0.9617117117117118,409.26807850026296,0.7451961040496826
vehicle_898,300.07127529282224,15851.950671289389,26.510555622807114,60974.27793245637,1.2088235294117649,449.1156083318891,0.020346403121948242,251.9661329064396,13499.780653907495,21.85712282381379,50271.38249477172,1.1977011494252874,376.9786975902913,0.5632421970367432,262.6350184974081,13692.087794968402,23.416717211084915,53858.449585495306,1.1010416666666665,394.53237894032395,0.5424749851226807
vehicle_899,173.73312186902092,10442.685288081166,52.2286734566831,135794.55098737607,0.8504385964912281,446.28162103070457,0.01193547248840332,142.02061558003004,8717.773491167618,42.40357167798247,110249.28636275441,0.8286458333333333,364.74653605082233,0.677807092666626,143.5891699481083,8496.388374109421,43.66301997020777,113523.8519225402,0.9286458333333333,373.55083601417755,0.5796396732330322
vehicle_900,324.74483685521056,17094.330220608954,28.812691028593893,66269.18936576597,0.9551912568306009,483.10862962776633,0.021808862686157227,262.82852812586475,14454.035870562187,22.499886636876568,51749.73926481611,0.8399371069182389,387.74234234347506,0.6319336891174316,262.82852812586475,14454.035870562187,22.499886636876568,51749.73926481611,0.8399371069182389,387.74234234347506,0.6123909950256348
vehicle_901,235.28778342324884,13857.037158828443,19.79913889387778,45538.0194559189,0.9540816326530612,347.6734712077318,0.014516353607177734,203.5949354393898,12249.196562076922,17.36839821203475,39947.315887679935,0.85968992248062,302.4363803249467,0.6583924293518066,243.46295304132073,13764.945344622696,21.065793609544535,48451.32530195244,0.9188679245283018,361.80419626338823,0.626481294631958
vehicle_902,181.60085561347898,9405.189810430527,16.404853259022705,37731.162495752214,1.0870967741935484,277.1086423756476,0.01931905746459961,168.23222277800244,9488.574525591112,14.417345720808083,33159.89515785859,1.3233333333333335,256.18799986137367,0.5102815628051758,168.23222277800244,9488.574525591112,14.417345720808083,33159.89515785859,1.3233333333333335,256.18799986137367,0.5112271308898926
vehicle_903,207.04393652736275,11311.887017340241,17.643944646545755,40581.07268705524,1.0725000000000002,309.1308505982416,0.01730632781982422,205.06324832046784,11580.42699157051,17.404356383674987,40030.019682452476,1.08125,306.11431551427904,0.6417362689971924,205.06324832046784,11580.42699157051,17.404356383674987,40030.019682452476,1.08125,306.11431551427904,0.577111005783081
vehicle_904,286.789334987987,15784.377134439505,88.5803991746673,230309.03785413498,0.8833333333333332,742.9092133986678,0.01436161994934082,246.06321228765276,14364.135192516518,73.6198207519228,191411.5339549993,0.8064814814814812,626.2171684155585,0.6809694766998291,246.06321228765276,14364.135192516518,73.6198207519228,191411.5339549993,0.8064814814814812,626.2171684155585,0.6286540031433105
vehicle_905,234.80653438921325,13015.978337735052,74.35960240966949,193334.9662651407,0.9076086956521737,619.2961829323422,0.016675472259521484,193.2312898299474,11210.576289897746,58.45284108359154,151977.386817338,0.84375,497.0470442173211,0.6449301242828369,200.60742954507762,10843.17340626205,62.92054500061972,163593.41700161126,0.8814393939393939,527.0365411004208,0.5847854614257812
vehicle_906,354.83846594450586,19696.696672255803,29.683262120931474,68271.50287814238,1.0055555555555555,518.781636735901,0.016568899154663086,271.4152997132653,15463.170953209901,22.84251486205448,52537.7841827253,1.0074404761904763,399.997604050223,0.6921684741973877,299.96843699184063,17438.93415681598,25.00006671821042,57500.15345188396,0.9096354166666667,438.9092731264527,0.6135950088500977
vehicle_907,195.03975888711452,11216.338849020802,16.339548788388804,37580.962213294246,1.045,290.3031525093421,0.022135496139526367,160.75323609219362,10368.961635009493,12.789515020060133,29415.884546138306,0.9527027027027027,237.1081053403573,0.6193435192108154,163.20666085635122,9941.10913128951,13.3825012699016,30779.75292077368,0.9315789473684212,242.1963758826794,0.5648176670074463
vehicle_908,258.70812285594627,13446.562710263173,22.895145915065733,52658.835604651176,1.180952380952381,388.72853254920517,0.018368244171142578,219.15912505411654,11768.435777089564,19.10693286510946,43945.94558975175,1.12972972972973,329.26009661504156,0.5904221534729004,222.6079662159899,12027.998170453964,19.235381118326604,44241.37657215119,1.2054054054054055,334.1800364645809,0.5516457557678223
vehicle_909,145.86615553692602,7056.916017316017,13.626167495488795,31340.185239624232,0.9891304347826086,225.84855181145053,0.009248495101928711,187.2972969208409,9825.916979977465,16.419868627850025,37765.69784405506,0.8324324324324324,280.45038576774243,0.5009274482727051,187.2972969208409,9825.916979977465,16.419868627850025,37765.69784405506,0.8324324324324324,280.45038576774243,0.5817685127258301
vehicle_910,195.28972296154825,10290.030405681915,62.067834627447866,161376.3700313644,1.0740740740740742,519.2279786188844,0.030414819717407227,191.26132851973716,10522.022485346808,57.426924322290645,149310.00323795565,1.0666666666666667,491.98540082156444,0.542982816696167,191.26132851973716,10522.022485346808,57.426924322290645,149310.00323795565,1.0666666666666667,491.98540082156444,0.5304391384124756
vehicle_911,99.25627069315324,5414.913333333333,32.637853657477486,84858.41950944149,0.9222222222222223,273.1719037953555,0.006285667419433594,187.17743452357513,10893.360714285716,57.86200816679729,150441.22123367296,1.0955284552845528,490.46869344215315,0.6191985607147217,187.17743452357513,10893.360714285716,57.86200816679729,150441.22123367296,1.0955284552845528,490.46869344215315,0.5600521564483643
vehicle_912,70.96690136881077,4701.890003472777,20.663454450317193,53724.9815708247,1.0794117647058823,186.38437182397575,0.02135467529296875,69.42873931297353,4430.286012296881,20.06623097737277,52172.20054116919,1.0843749999999999,181.83427920325317,0.49344730377197266,69.42873931297353,4430.286012296881,20.06623097737277,52172.20054116919,1.0843749999999999,181.83427920325317,0.4827406406402588
vehicle_913,213.74326368187093,12837.307000785018,17.42432318109511,40075.943316518766,1.010144927536232,314.53224747403794,0.021417856216430664,213.74326368187093,12837.307000785018,17.42432318109511,40075.943316518766,1.010144927536232,314.53224747403794,0.6276571750640869,225.53175682232086,12781.366026176549,18.86004890302522,43378.11247695801,1.1742753623188407,335.1251344123511,0.580986738204956
vehicle_914,240.39398261443955,13891.556957521429,76.31334612079752,198414.69991407354,0.9401360544217686,635.2208395841785,0.025443077087402344,221.32075454887257,13375.762921165677,67.87598256959724,176477.5546809529,1.0468085106382978,574.8842422035655,0.5702831745147705,221.32075454887257,13375.762921165677,67.87598256959724,176477.5546809529,1.0468085106382978,574.8842422035655,0.5271914005279541
vehicle_915,243.75486817847374,13296.044700360071,20.66116000811995,47520.66801867589,0.9524305555555556,360.27831952472906,0.021058082580566406,206.20874344917416,12088.739970427598,17.060814535329644,39239.87343125818,0.9872340425531915,304.74313987647304,0.5701436996459961,211.58877987429946,11761.982608052553,18.4032378142542,42327.446972784666,0.9390151515151516,316.2623378518477,0.5312466621398926
vehicle_916,296.69001864123214,16197.166434178047,25.945306622385154,59674.20523148585,1.101212121212121,441.9278858636619,0.016185283660888672,230.61354576023174,12746.052238746419,19.57000625383494,45011.014383820366,1.0003472222222223,342.00761931794716,0.6521909236907959,230.61354576023174,12746.052238746419,19.57000625383494,45011.014383820366,1.0003472222222223,342.00761931794716,0.5998275279998779
vehicle_917,168.62531309075402,9417.51413819876,14.933065106252398,34346.04974438051,1.0516129032258066,256.42274380377376,0.011499881744384766,162.34817729613022,9226.6766365976,13.540936836208015,31144.154723278436,0.9666666666666668,242.28249387622517,0.6163389682769775,162.34817729613022,9226.6766365976,13.540936836208015,31144.154723278436,0.9666666666666668,242.28249387622517,0.5682492256164551
vehicle_918,226.7246831966433,11606.44118510283,20.41468547702455,46953.776597156444,1.3,345.0221220220724,0.016593456268310547,187.2437631265406,9972.841819058922,16.364287465089777,37637.86116970649,1.2048780487804875,283.88421477842184,0.5978055000305176,187.2437631265406,9972.841819058922,16.364287465089777,37637.86116970649,1.2048780487804875,283.88421477842184,0.5458989143371582
vehicle_919,247.89731961174093,13017.583271734245,22.47843128125842,51700.39194689438,1.0812056737588651,374.7175281088812,0.015686988830566406,178.77398015556457,10364.007498196248,15.268959383868543,35118.60658289765,1.0234848484848484,268.2325165314769,0.5916297435760498,178.77398015556457,10364.007498196248,15.268959383868543,35118.60658289765,1.0234848484848484,268.2325165314769,0.5552365779876709
vehicle_920,202.168795209918,12294.750896448251,16.918559954285108,38912.68789485575,0.946938775510204,299.6461913187923,0.01120758056640625,191.05953754547048,11887.277026843582,15.625417397632923,35938.46001455573,1.1023255813953488,283.511901743934,0.6402769088745117,194.71993042250534,11913.76867201874,16.627509430699238,38243.27169060825,1.031111111111111,291.4779688737845,0.5814244747161865
vehicle_921,258.164992557706,15422.717236606435,21.957215360879776,50501.59533002348,1.0865497076023392,383.1006545594079,0.013572216033935547,207.85845250232393,12433.501722297136,17.50386562706131,40258.89094224101,1.1585185185185183,310.41671630123153,0.6384279727935791,207.85845250232393,12433.501722297136,17.50386562706131,40258.89094224101,1.1585185185185183,310.41671630123153,0.5756757259368896
vehicle_922,247.77246631062667,14350.458615567439,74.86372320550961,194645.68033432498,1.0360119047619047,636.4374398901181,0.027224063873291016,179.00902920205783,10501.093464052288,52.85203525062262,137415.2916516188,1.1816666666666666,458.00284252851884,0.5650880336761475,179.00902920205783,10501.093464052288,52.85203525062262,137415.2916516188,1.1816666666666666,458.00284252851884,0.5655124187469482
vehicle_923,287.193849904321,14744.805411050722,92.36723494823914,240154.8108654218,0.8322033898305085,761.4478378246693,0.018469810485839844,239.43452074387494,13075.222312017004,75.05033999555478,195130.88398844245,0.9019607843137254,627.3378347625686,0.5781054496765137,239.43452074387494,13075.222312017004,75.05033999555478,195130.88398844245,0.9019607843137254,627.3378347625686,0.5572638511657715
vehicle_924,247.32050315487695,13622.807845069776,20.787597898906917,47811.475167485914,1.2015873015873015,367.05847895558173,0.01362466812133789,181.77337067116554,10821.026771908733,15.17815681223404,34909.76066813829,1.1941176470588235,272.6111719728986,0.6234879493713379,181.77337067116554,10821.026771908733,15.17815681223404,34909.76066813829,1.1941176470588235,272.6111719728986,0.5650310516357422
vehicle_925,238.93340079791437,13440.80538346767,20.653701107481115,47503.51254720656,1.0506410256410257,356.44187364269345,0.022944927215576172,181.76752874836603,10185.71932286161,15.929338423964492,36637.478375118335,1.041880341880342,274.66239076556457,0.6560742855072021,181.76752874836603,10185.71932286161,15.929338423964492,36637.478375118335,1.041880341880342,274.66239076556457,0.5481231212615967
vehicle_926,195.7369482675449,11863.593610425998,60.20278084797769,156527.230204742,1.0684210526315787,510.7305057033119,0.021586894989013672,178.2565873300006,10662.141363539225,54.82143553252535,142535.7323845659,1.0444444444444443,465.7699153713882,0.6536648273468018,179.8437653817175,10805.589589496274,55.21251961381999,143552.55099593196,0.9882352941176471,468.7902690557429,0.6634228229522705
vehicle_927,151.92733870194655,8953.845634889225,12.373376740495322,28458.766503139243,0.9212121212121211,225.4935229595692,0.013251781463623047,142.37069624340518,8513.596276584009,11.578734056975906,26631.088331044586,0.9483870967741935,212.1131253506333,0.6278319358825684,142.2733048383101,8487.155053638118,11.633689428794588,26757.485686227552,0.9199999999999999,211.99929505273806,0.6418824195861816
vehicle_928,185.04499599276892,9215.013308913307,16.833165678832394,38716.28106131451,0.9081300813008131,280.85185111908163,0.022744417190551758,142.3133724890203,7194.0315628815615,13.093042680428479,30113.998164985496,0.7691919191919192,217.46884718388236,0.5924150943756104,142.3133724890203,7194.0315628815615,13.093042680428479,30113.998164985496,0.7691919191919192,217.46884718388236,0.5384151935577393
vehicle_929,112.0016287056535,7109.94267067448,9.22528293908557,21218.15075989681,1.203846153846154,172.14148901473024,0.008410215377807617,164.1880346306615,9269.034518002656,14.148033784377166,32540.477704067485,1.128125,248.78418536310363,0.5969109535217285,164.1880346306615,9269.034518002656,14.148033784377166,32540.477704067485,1.128125,248.78418536310363,0.5566768646240234
vehicle_930,277.14788252917555,15074.393406430188,23.843002620405525,54838.906026932695,1.1203703703703705,411.75393083669303,0.012724161148071289,229.87305936376652,12119.376618715696,20.259848675229364,46597.65195302752,1.2011363636363637,346.5501598814758,0.6580731868743896,242.35471500896244,13074.800296474721,21.19068121016249,48738.56678337371,1.1797872340425535,363.73788237144345,0.6011521816253662
vehicle_931,266.4565622905259,14285.233171544478,23.10249451428228,53135.737382849235,1.0907801418439715,396.84495660580603,0.033884286880493164,228.29561138642637,12399.928467497162,20.444206888126146,47021.675842690136,1.0853741496598641,344.8148118979605,0.6375260353088379,243.60922561590542,12712.712294830157,21.986025759762093,50567.859247452805,1.0884057971014491,367.95472135651653,0.5914468765258789
vehicle_932,191.35316751470137,11216.397718902226,15.809976676464226,36362.946355867716,0.9298245614035087,282.816962544086,0.011199474334716797,189.20726055048755,10635.173158168844,16.08923563267397,37005.24195515013,1.0532520325203254,283.14017380521864,0.5716218948364258,199.50376082715772,11493.418779421361,16.581686224548164,38137.87831646078,0.9746031746031745,295.35084002354733,0.5850672721862793
vehicle_933,191.72269629363356,10004.456838601383,60.69379223146222,157803.8598018018,0.9185714285714287,507.1563875251593,0.016993284225463867,148.20481821460507,8004.317397027922,46.1242712547564,119923.10526236666,0.8944444444444444,389.99404043200593,0.5381152629852295,148.20481821460507,8004.317397027922,46.1242712547564,119923.10526236666,0.8944444444444444,389.99404043200593,0.5113918781280518
vehicle_934,226.361143145289,13026.610733662048,19.120859037392048,43977.975786001705,1.1148936170212767,336.7328774840348,0.018695831298828125,163.14452048297898,9929.117809042807,13.611657128728108,31306.811396074652,1.1319444444444444,245.28033885135363,0.586538553237915,163.14452048297898,9929.117809042807,13.611657128728108,31306.811396074652,1.1319444444444444,245.28033885135363,0.5716056823730469
vehicle_935,164.66953669138334,9400.149160181156,13.960664569527765,32109.528509913864,1.0308823529411764,247.3928356129287,0.012531042098999023,164.66953669138334,9400.149160181156,13.960664569527765,32109.528509913864,1.0308823529411764,247.3928356129287,0.6338422298431396,171.36307335006094,9591.666476405975,14.907948490870405,34288.281529001935,0.915151515151515,257.7186827549298,0.5632610321044922
vehicle_936,283.95239639830106,15512.733328318855,88.3111849889702,229609.08097132252,0.8279661016949152,738.0970749513008,0.013286113739013672,264.81341988137683,14924.319383394384,81.0555278109645,210744.37230850774,0.8586206896551724,682.8229101059162,0.6786799430847168,264.81341988137683,14924.319383394384,81.0555278109645,210744.37230850774,0.8586206896551724,682.8229101059162,0.6162197589874268
vehicle_937,191.26783933460985,11831.336455232515,15.562589206569314,35793.95517510942,1.0372093023255815,282.7393607393879,0.023694276809692383,150.7099402166276,10271.89450274056,12.0385479293632,27688.66023753536,1.0014285714285716,223.77026960626833,0.6115705966949463,169.74375723173736,10717.97102616166,13.888903782848612,31944.47870055181,1.00625,252.22799031991423,0.5856738090515137
vehicle_938,195.19273883391105,10204.352583162197,65.6584062864235,170711.8563447011,0.8922764227642275,535.2420768778825,0.010993003845214844,216.28245389633508,12229.676855079702,67.54860397133186,175626.37032546286,0.9217054263565891,566.6396604763047,0.5924956798553467,282.9037287453057,15476.017015297148,90.36730086139202,234954.98223961928,0.875132275132275,747.7904494189489,0.5614151954650879
vehicle_939,291.89828522816015,16703.434558989113,25.374896251063106,58362.261377445146,1.080392156862745,434.21653098515566,0.015213489532470703,236.29014774047306,14117.754850472733,20.146391471571913,46336.7003846154,0.9601307189542483,350.5450108574509,0.6794755458831787,249.05667634597177,15152.032937499627,20.698168630290176,47605.787849667395,0.9822916666666667,366.5793342022837,0.5857627391815186
vehicle_940,176.44231027358558,10014.79226530626,56.143623798701945,145973.42187662507,0.9500000000000001,469.44231600745815,0.011516094207763672,165.29902455442308,9461.35378787879,50.541874284192225,131408.8731388998,0.9823529411764708,430.4600792171152,0.6592113971710205,173.44458839975732,9883.23923500323,54.61217033933588,141991.6428822733,0.9411764705882353,458.66254903426443,0.6092331409454346
vehicle_941,222.00737641115626,11845.48223476266,19.435304529598156,44701.20041807575,1.0054054054054054,332.52836484507964,0.01319575309753418,198.6685738002501,10480.914097416047,17.526668039474973,40311.33649079243,0.9963963963963964,299.17724298864897,0.6668775081634521,198.6685738002501,10480.914097416047,17.526668039474973,40311.33649079243,0.9963963963963964,299.17724298864897,0.5889227390289307
vehicle_942,198.83470632889382,11382.034731934733,17.260116746683615,39698.26851737233,1.034126984126984,298.63823621800805,0.011263132095336914,133.26575919099955,8505.6927988678,10.858822239246182,24975.29115026622,0.9172043010752687,199.09460584211308,0.6363675594329834,133.26575919099955,8505.6927988678,10.858822239246182,24975.29115026622,0.9172043010752687,199.09460584211308,0.5748560428619385
vehicle_943,321.6739046696484,17021.265343512623,29.16981014315463,67090.56332925564,1.1371980676328504,483.6230653238369,0.01497793197631836,285.90405118138057,15080.082675265834,25.55886830609511,58785.397104018746,1.1308333333333336,429.19563789943,0.6969711780548096,290.1925553624786,15707.780610492018,25.524306412387077,58705.90474849027,1.1469945355191258,433.64730517140856,0.6590046882629395
vehicle_944,200.36488936356156,11279.71292574192,60.306372480314074,156796.56844881657,1.0900793650793652,515.9307990064094,0.011163949966430664,144.89725753712736,8885.128651729898,42.91997845519294,111591.94398350164,1.0729166666666667,372.6944077719059,0.653369665145874,147.5894798693992,9111.514668544321,43.100407324309415,112061.05904320448,1.0873737373737373,376.49623016150156,0.5560562610626221
vehicle_945,52.17463850185102,3014.586111111111,4.522736332045519,10402.293563704694,0.9727272727272727,85.35297792021554,0.014206409454345703,210.97082828219615,11256.356304208379,18.38159620822143,42277.67127890929,0.973170731707317,315.73728228043433,0.526782751083374,210.97082828219615,11256.356304208379,18.38159620822143,42277.67127890929,0.973170731707317,315.73728228043433,0.634819507598877
vehicle_946,310.5408640574783,15937.069673123488,27.94717667642216,64278.506355770965,1.018238993710692,464.88610117478584,0.025589942932128906,213.52333398603335,11934.751982232778,18.21230526964337,41888.30212017975,0.9631782945736433,317.5318521639402,0.7524611949920654,219.54464417764504,12402.641736615547,18.795122554377766,43228.78187506885,1.0537878787878787,327.50331399758363,0.5934295654296875
vehicle_947,171.93402542071445,11033.674161371271,13.877667043349797,31918.634199704535,0.9092592592592593,253.4798627193258,0.026094913482666016,171.93402542071445,11033.674161371271,13.877667043349797,31918.634199704535,0.9092592592592593,253.4798627193258,0.6044337749481201,172.5827513362132,10940.419203511345,14.122469301800086,32481.679394140207,0.9324324324324325,255.55842750384664,0.5552175045013428
vehicle_948,310.4685894870705,16777.415284421797,26.54662588408596,61057.23953339771,1.0175438596491229,458.03755063855317,0.015911579132080078,226.27597756464618,12889.970789691773,19.50219665100088,44855.05229730201,0.9404255319148936,336.7717635803806,0.6518247127532959,226.27597756464618,12889.970789691773,19.50219665100088,44855.05229730201,0.9404255319148936,336.7717635803806,0.5754101276397705
vehicle_949,354.6289264562303,20019.222490996664,30.729671474320668,70678.24439093751,0.9802222222222224,523.6404011864438,0.01714611053466797,248.81491683691087,16602.662511302166,19.89646934005007,45761.879482115146,0.9777777777777776,362.686892012523,0.6715316772460938,257.47176193849384,15705.059738586146,21.688505410678363,49883.56244456024,0.9336111111111111,379.6129166970485,0.7588953971862793
vehicle_950,276.744364874662,14714.58192731762,87.1585660342817,226612.27168913235,1.2124242424242424,728.7488213390122,0.018973827362060547,215.01341072473983,12197.02438394938,65.84074955433675,171185.94884127556,1.137037037037037,558.9755911956688,0.6126866340637207,215.01341072473983,12197.02438394938,65.84074955433675,171185.94884127556,1.137037037037037,558.9755911956688,0.638667106628418
vehicle_951,222.24148518848824,12024.45823432231,19.75914703328417,45446.03817655357,1.2146825396825396,336.5241730390462,0.013712882995605469,158.06057294752816,9431.434261180288,12.955152626884995,29796.851041835485,1.1734375,237.190553932281,0.6688647270202637,158.06057294752816,9431.434261180288,12.955152626884995,29796.851041835485,1.1734375,237.190553932281,0.617342472076416
vehicle_952,172.95950630031544,10515.560005365003,51.66772522556181,134336.08558646071,1.1159259259259258,445.3783805777629,0.011040449142456055,136.03083219761345,8800.008264820503,39.667926572018715,103136.60908724865,1.1107526881720429,347.92243867965533,0.667830228805542,133.79767101939225,7851.98203708572,39.189231472917555,101892.00182958564,1.1344086021505375,343.2690205268981,0.7185764312744141
vehicle_953,353.3607634982779,17265.801492466053,116.13649365270638,301954.8834970366,0.937442922374429,948.2137169556836,0.017648935317993164,228.29530043610512,12541.554310997824,72.30395317441891,187990.27825348917,0.8598039215686274,601.8968706102742,0.6886508464813232,235.81004741471708,12391.520121163765,74.47849699141233,193644.0921776721,0.8472222222222221,620.1168435165464,0.609705924987793
vehicle_954,170.73673874338837,10073.076147025287,14.327724872223644,32953.76720611438,1.0166666666666666,255.34010647868027,0.029796600341796875,151.85016126357604,10031.561279892972,12.69227968987397,29192.24328671013,0.9397058823529413,227.4951633364456,0.5936465263366699,151.85016126357604,10031.561279892972,12.69227968987397,29192.24328671013,0.9397058823529413,227.4951633364456,0.5690734386444092
vehicle_955,136.46772304781587,8194.319531005058,10.95091300325155,25187.09990747857,0.9075757575757576,202.5742455095548,0.0313260555267334,136.46772304781587,8194.319531005058,10.95091300325155,25187.09990747857,0.9075757575757576,202.5742455095548,0.5169956684112549,136.46772304781587,8194.319531005058,10.95091300325155,25187.09990747857,0.9075757575757576,202.5742455095548,0.5017027854919434
vehicle_956,294.6813104298703,15918.722475034248,25.309415788947163,58211.656314578475,0.9838983050847457,435.4892397796297,0.04052400588989258,233.2026374419731,13788.80910866911,19.57465707061675,45021.711262418525,1.1451515151515153,346.3576626989801,0.8038899898529053,233.2026374419731,13788.80910866911,19.57465707061675,45021.711262418525,1.1451515151515153,346.3576626989801,0.6638209819793701
vehicle_957,191.16757663617216,10690.396321072796,16.54451996612726,38052.39592209269,1.0583333333333331,287.4430643337731,0.011354923248291016,180.70541526392708,9089.528503083837,16.541497887273586,38045.44514072926,1.034313725490196,276.2809109838314,0.6601166725158691,180.70541526392708,9089.528503083837,16.541497887273586,38045.44514072926,1.034313725490196,276.2809109838314,0.5816903114318848
vehicle_958,62.110208292477935,4054.667084377611,5.2654236152622715,12110.474315103223,1.1991228070175437,101.55485085129183,0.007094621658325195,160.57506783954375,8957.095205881073,14.654842069121248,33706.136758978864,0.9833333333333333,246.17069352011697,0.7729215621948242,160.57506783954375,8957.095205881073,14.654842069121248,33706.136758978864,0.9833333333333333,246.17069352011697,0.7178225517272949
vehicle_959,198.42270168877667,11067.562113636475,61.391088211354536,159616.82934952175,0.9318840579710145,517.7713061346029,0.023951292037963867,121.68276854408842,7588.973364445596,35.877150462235996,93280.59120181362,0.8770114942528736,311.94668395458757,0.5519773960113525,121.68276854408842,7588.973364445596,35.877150462235996,93280.59120181362,0.8770114942528736,311.94668395458757,0.5461952686309814
vehicle_960,310.61839234827437,15116.088758608203,28.275576630229075,65033.82624952688,1.0767241379310346,466.962430422788,0.014586687088012695,237.30458625159528,12820.509457209457,21.156104877544212,48659.041218351704,0.9673469387755101,356.31983265407405,0.6508214473724365,241.17761129336216,12489.706002475445,21.497914876918543,49445.20421691266,1.0663120567375886,362.7996690237962,0.6240415573120117
vehicle_961,109.78199741776565,6105.766666666666,9.704313815855052,22319.92177646662,1.0694444444444444,170.69405723778166,0.007843017578125,201.6563482152922,11018.909495130445,17.562841709652485,40394.53593220071,1.0701754385964914,303.2331193426113,0.6265959739685059,201.6563482152922,11018.909495130445,17.562841709652485,40394.53593220071,1.0701754385964914,303.2331193426113,0.5770843029022217
vehicle_962,186.27388000236584,11307.138143771894,15.292555301639673,35172.87719377125,1.0864864864864863,276.7423930820324,0.01492452621459961,145.70435560846676,9917.59041191023,11.168957200138147,25688.60156031774,1.076470588235294,215.06873371704103,0.711859941482544,145.70435560846676,9917.59041191023,11.168957200138147,25688.60156031774,1.076470588235294,215.06873371704103,0.556643009185791
vehicle_963,313.8419855673005,16972.902351121502,27.66526601417211,63630.11183259587,1.0403508771929824,467.2865195076247,0.021307706832885742,258.5039038237917,14894.178008445802,22.011868553936086,50627.297674053,1.0486111111111112,383.1866293735959,0.6174943447113037,273.84808451012947,16251.479152781996,22.934894198279586,52750.25665604305,1.0737704918032787,403.7745601842218,0.5672872066497803
vehicle_964,304.84346893740405,17286.629793422377,26.010834163013484,59824.91857493101,0.9364406779661016,449.0638881414165,0.015315055847167969,199.6574963072724,13457.243621448493,15.796063226973914,36330.94542204,0.9510204081632652,291.8861397519548,0.6407313346862793,199.65716449537464,13103.792606613657,16.142000057589794,37126.60013245652,0.8177083333333334,292.184190507383,0.5890483856201172
vehicle_965,275.89317823924915,14729.07138696875,24.71936717558934,56854.54450385547,1.1366666666666665,414.948089502465,0.019833803176879883,191.89331326400017,10355.696062999152,17.03144755291038,39172.32937169388,1.0358333333333334,290.28546660160737,0.5993905067443848,191.89331326400017,10355.696062999152,17.03144755291038,39172.32937169388,1.0358333333333334,290.28546660160737,0.5664613246917725
vehicle_966,211.6628595685396,12225.752012361463,61.92260054469086,160998.76141619627,1.077037037037037,535.4422748880203,0.012352228164672852,195.37137180783606,11256.33290529872,58.233652995711815,151407.49778885074,0.9884057971014495,499.55045389777035,0.7154724597930908,190.02180167875287,10995.176256684494,55.379630181663806,143987.03847232592,0.9449275362318841,479.42344357624756,0.5848228931427002
vehicle_967,169.18453349427875,9893.22706480492,14.083165136168223,32391.279813186913,0.8074561403508773,250.4230392077411,0.019299030303955078,165.72557634187083,9602.71565954351,13.917570992153216,32010.4132819524,0.9093495934959349,247.0743482541361,0.5616955757141113,165.72557634187083,9602.71565954351,13.917570992153216,32010.4132819524,0.9093495934959349,247.0743482541361,0.5284926891326904
vehicle_968,230.0252557425381,11393.711409546919,20.784941510696612,47805.3654746022,1.109920634920635,348.21408948121274,0.01908707618713379,168.00078795774593,9146.414751556687,14.108114472486443,32448.663286718816,1.05,251.58203108449945,0.6125869750976562,168.00078795774593,9146.414751556687,14.108114472486443,32448.663286718816,1.05,251.58203108449945,0.6415741443634033
vehicle_969,222.88817620293557,12249.727823184814,68.29753661409607,177573.59519664978,1.2147727272727271,579.9262887192501,0.011230230331420898,190.90120110916453,10494.473671780665,59.3898891325759,154413.71174469736,1.1842105263157894,502.60788361069655,0.6390736103057861,200.2738590468058,11108.609057294905,60.03645152340216,156094.7739608456,1.1684782608695652,515.2266240106497,0.6596040725708008
vehicle_970,269.92291373833206,16199.103802260614,22.49697094518847,51743.03317393348,1.0052631578947369,396.96015109940527,0.026680469512939453,223.96192054161727,13704.428315951463,18.505623739199823,42562.9346001596,0.971,330.0068248809362,0.7041113376617432,223.96192054161727,13704.428315951463,18.505623739199823,42562.9346001596,0.971,330.0068248809362,0.5993821620941162
vehicle_971,245.41899436829135,13395.53901039744,76.68017194405384,199368.4470545399,1.0617021276595744,643.1578584235999,0.014638900756835938,202.1301611124916,11570.620665387143,60.68275131864523,157775.15342847764,1.143421052631579,520.1921895279744,0.6049983501434326,198.24304750226923,11297.594612676663,61.281607268964635,159332.17889930806,1.1192307692307693,518.9816122651437,0.5510096549987793
vehicle_972,227.77040440468474,12556.495154069382,19.75422268566194,45434.71217702247,1.0374999999999999,340.4044331535693,0.017967939376831055,198.6568179861221,11466.443314887209,16.169498623253578,37189.84683348324,1.0345238095238094,293.03467234065226,0.5828592777252197,198.6568179861221,11466.443314887209,16.169498623253578,37189.84683348324,1.0345238095238094,293.03467234065226,0.5473606586456299
vehicle_973,356.3642699393121,20894.705733326813,108.58665831607908,282325.31162180565,0.8798701298701299,913.900347744333,0.017036914825439453,250.33131661747782,15490.843022443098,73.78099755758706,191830.5936497264,0.8393442622950819,631.9327589790425,0.7112228870391846,268.39906426052113,16377.385676597813,79.3948931261045,206426.72212787173,0.9048387096774194,678.9711907868729,0.6041610240936279
vehicle_974,203.22305106381322,10439.283793996781,18.58979030957535,42756.5177120233,0.949206349206349,308.5638671576414,0.011462926864624023,193.32720176725252,9760.460715859728,17.68885368032717,40684.363464752496,0.8886178861788617,293.3688881184158,0.6616253852844238,193.32720176725252,9760.460715859728,17.68885368032717,40684.363464752496,0.8886178861788617,293.3688881184158,0.6185400485992432
vehicle_975,349.69687649954363,19068.302046956505,30.22765165371904,69523.59880355377,0.966393442622951,515.7958197629673,0.025990009307861328,215.36074697021255,12640.905661225217,18.105145017476573,41641.83354019612,0.8988095238095238,318.38592997936433,0.7960469722747803,221.28049390554742,13346.883623682212,18.75519773929164,43136.95480037076,0.8728260869565218,327.4922111448159,0.720639705657959
vehicle_976,296.68685784875044,16285.64777652136,26.26287342902854,60404.60888676565,0.971069182389937,442.23570786682626,0.018625259399414062,204.7059702886047,12779.26832750819,17.13368454674546,39407.47445751457,0.9356060606060606,303.28025038603374,0.6289429664611816,204.7059702886047,12779.26832750819,17.13368454674546,39407.47445751457,0.9356060606060606,303.28025038603374,0.585862398147583
vehicle_977,217.97558669177656,11135.753635040388,19.053512704889037,43823.07922124478,1.0096899224806202,326.4333143396503,0.012969732284545898,186.6954968749046,9696.353647026732,16.150410589181533,37145.94435511752,1.0700980392156862,280.84196178158766,0.6577866077423096,186.6954968749046,9696.353647026732,16.150410589181533,37145.94435511752,1.0700980392156862,280.84196178158766,0.6812403202056885
vehicle_978,274.1949130607274,15231.110388483894,81.8907196888587,212915.87119103258,0.9639880952380953,697.5192564542028,0.0279080867767334,222.95936949193083,13251.853605887718,66.82432366748803,173743.24153546893,0.8847517730496455,569.6095760059474,0.6682281494140625,232.7395465494243,13077.802432484874,70.92713587001367,184410.55326203554,0.9261904761904762,600.2698535593099,0.6480486392974854
vehicle_979,226.95063933364176,12537.959300618786,68.8029302203999,178887.61857303968,1.1233333333333333,585.6813902413687,0.012838125228881836,208.83664875744086,10937.272535963257,64.57628729070827,167898.34695584152,1.30375,547.793716470972,0.6791024208068848,223.02298353812628,11663.85442036769,71.0489758483417,184727.33720568838,1.2368421052631582,593.8762433936796,0.5863847732543945
vehicle_980,161.40204324363393,8928.504110496982,48.727651323041805,126691.89343990869,1.1428571428571428,418.949011318108,0.015242338180541992,159.04966448370777,8904.025703211428,47.75790091819989,124170.54238731973,1.0983333333333334,411.29584288115484,0.5792975425720215,159.04966448370777,8904.025703211428,47.75790091819989,124170.54238731973,1.0983333333333334,411.29584288115484,0.5060896873474121
vehicle_981,171.5044800710343,9761.235672736822,14.986040824933228,34467.89389734643,1.067204301075269,259.81818155999116,0.021333932876586914,169.9760134531241,9867.333853789401,14.360961132389036,33030.21060449479,1.053921568627451,255.06096087184085,0.6053693294525146,171.5044800710343,9761.235672736822,14.986040824933228,34467.89389734643,1.067204301075269,259.81818155999116,0.5538349151611328
vehicle_982,140.9793405813455,8908.765190508953,40.69477474632413,105806.41434044275,0.9274509803921569,356.20238111425135,0.018809795379638672,120.80354561864529,8366.272296918767,34.18464675317601,88880.0815582576,1.0822222222222222,304.8729661336695,0.6105740070343018,120.80354561864529,8366.272296918767,34.18464675317601,88880.0815582576,1.0822222222222222,304.8729661336695,0.5347285270690918
vehicle_983,327.49259169202827,17572.328105666653,100.95218786448116,262475.68844765093,0.8904761904761905,846.0394951707701,0.017002582550048828,211.87183593773895,11786.635689027391,65.09961678685362,169259.00364581935,0.9277777777777778,549.9217631189591,0.7312579154968262,211.87183593773895,11786.635689027391,65.09961678685362,169259.00364581935,0.9277777777777778,549.9217631189591,0.6741378307342529
vehicle_984,333.07176214570615,17933.696803307143,29.69278615827171,68293.40816402494,1.1790404040404039,498.3076794228318,0.024600982666015625,230.38923017129125,12670.991423187976,20.549724440027653,47264.3662120636,1.137847222222222,348.0360444334262,0.6504647731781006,236.88030203971064,12884.142117870482,20.88652416780704,48039.0055859562,1.1097222222222223,355.9890734670432,0.5973944664001465
vehicle_985,223.67781639092829,11044.63778609672,72.92200593477415,189597.21543041282,1.0629629629629629,601.985430635011,0.0161135196685791,162.96065633200624,8973.049757649756,49.3568411907472,128327.78709594272,1.0245098039215688,422.4824741465273,0.679541826248169,162.96065633200624,8973.049757649756,49.3568411907472,128327.78709594272,1.0245098039215688,422.4824741465273,0.5724914073944092
vehicle_986,272.2272675392438,14931.490229304045,84.8874999557481,220707.49988494496,0.9590909090909091,710.4033125837001,0.023304462432861328,165.30267740908093,9780.96590190521,48.23132172105765,125401.43647474988,0.8570175438596492,417.7463964257171,0.5968859195709229,165.30267740908093,9780.96590190521,48.23132172105765,125401.43647474988,0.8570175438596492,417.7463964257171,0.5429394245147705
vehicle_987,84.04369712085693,5358.349065756021,24.196529298219282,62910.97617537013,1.1658333333333333,218.17310724133,0.007426261901855469,207.0938697390987,12249.766079298033,61.852584504721854,160816.71971227677,0.9256172839506173,529.0156779020192,0.5942418575286865,161.55931636368956,9142.34025212956,49.83164282359812,129562.27134135514,1.0470833333333331,423.72790277393835,0.5423338413238525
vehicle_988,233.87988167723816,13450.674280049176,19.927055019734535,45832.2265453894,0.9734042553191491,346.9854977402271,0.030278682708740234,172.28186774275414,10302.474942349772,14.157366548431382,32561.943061392176,0.9852941176470589,255.7834402564788,0.5525007247924805,180.46224109426817,11114.958051893256,14.862317483589907,34183.33021225679,0.9205128205128207,267.06644506509406,0.5484926700592041
vehicle_989,149.44670706765322,7588.656786092179,13.534238959423767,31128.74960667466,1.0739583333333331,229.96544541646432,0.022180795669555664,128.5733817360088,6861.322328548644,11.124621350959362,25586.629107206532,1.055952380952381,196.66193516937074,0.5371289253234863,131.3943686562278,6845.63894471026,11.602201379013334,26685.06317173066,1.0333333333333334,201.64027525815845,0.5114407539367676
vehicle_990,354.0828182079198,18234.70329870274,31.42253178158903,72271.82309765478,1.126923076923077,527.5299032458465,0.016394853591918945,282.99513144412026,15914.486947358113,24.505211298767854,56361.98598716606,1.1098214285714285,421.04009304238434,0.6689682006835938,294.6502354371134,15275.145001450484,26.277383808032976,60437.982758475846,1.1271929824561404,441.5521801355759,0.6012318134307861
vehicle_991,151.433304185559,9128.287322012136,12.580240860257442,28934.553978592117,1.0379166666666666,227.24931052073845,0.01752471923828125,135.30929309963042,8563.006064788375,10.8322135451515,24914.09115384845,1.1318181818181816,203.1671554393443,0.5839946269989014,135.42877002949507,8225.974188331498,11.104612237015777,25540.60814513629,1.12,204.43682404466603,0.5370783805847168
vehicle_992,256.51324828949777,14032.060371879315,22.633804154296936,52057.749554882954,0.9107843137254903,382.6879067459816,0.02455902099609375,205.16929507197733,12265.07922881482,17.389178209385815,39995.10988158738,0.803061224489796,303.55276481625293,0.6610512733459473,213.8497722529675,12202.855064209505,18.29952126409455,42088.89890741747,0.8370370370370371,317.10743090609105,0.561464786529541
vehicle_993,242.6009950318596,14006.056325317193,20.710627694680355,47634.44369776483,1.1076086956521738,361.1207916632601,0.014881134033203125,185.09874777929318,11070.109634656354,15.66298895147288,36024.87458838762,1.0935897435897435,277.42462042662623,0.6458210945129395,185.09874777929318,11070.109634656354,15.66298895147288,36024.87458838762,1.0935897435897435,277.42462042662623,0.5878236293792725
vehicle_994,252.76205784645583,13838.011403070614,21.315475008666084,49025.59251993198,0.9784848484848484,372.9681734310433,0.012424707412719727,225.00194983878265,12700.228516902242,19.172164130436716,44095.97750000444,1.1192592592592594,335.5832043382539,0.6564228534698486,252.76205784645583,13838.011403070614,21.315475008666084,49025.59251993198,0.9784848484848484,372.9681734310433,0.6027133464813232
vehicle_995,124.98044438039439,7450.141732692529,10.413781072403719,23951.696466528552,1.0939999999999999,190.0588335570498,0.020963430404663086,124.98044438039439,7450.141732692529,10.413781072403719,23951.696466528552,1.0939999999999999,190.0588335570498,0.5382204055786133,124.98044438039439,7450.141732692529,10.413781072403719,23951.696466528552,1.0939999999999999,190.0588335570498,0.5108227729797363
vehicle_996,354.27862192850364,18301.469250695583,31.459482384711166,72356.80948483568,1.1598958333333331,528.2587336439194,0.016638994216918945,227.2244964891348,12526.206942580275,19.661189048632536,45220.73481185483,1.0590579710144927,339.6005233709369,0.6534395217895508,227.2244964891348,12526.206942580275,19.661189048632536,45220.73481185483,1.0590579710144927,339.6005233709369,0.6020810604095459
vehicle_997,188.92267035876142,11917.339609916606,15.827101184310417,36402.332723913954,1.1585470085470084,282.95401847964933,0.0165102481842041,173.51998311347296,11115.551114948059,14.939634491193305,34361.1593297446,1.16984126984127,263.0042213553378,0.5508325099945068,173.51998311347296,11115.551114948059,14.939634491193305,34361.1593297446,1.16984126984127,263.0042213553378,0.5249118804931641
vehicle_998,219.02859967855923,12594.44422599551,19.49796517737133,44845.31990795406,1.135576923076923,331.3726515256283,0.018865585327148438,188.45412638502813,11228.381398472156,16.259054844140962,37395.826141524216,1.035185185185185,283.2202472904937,0.5858612060546875,188.45412638502813,11228.381398472156,16.259054844140962,37395.826141524216,1.035185185185185,283.2202472904937,0.5595028400421143
vehicle_999,294.47635064827443,16381.970169042275,25.93475586878587,59649.93849820751,1.050595238095238,439.20662964233463,0.014902830123901367,213.30754653588656,11682.932958025824,19.020987309895094,43748.27081275872,1.0295833333333335,321.95357557370255,0.6932811737060547,222.6354159650906,12098.78851358138,19.820483693255447,45587.11249448752,1.0937984496124031,336.0365935145978,0.635932207107544
vehicle_1000,249.97943509603118,14554.906917997834,74.22146336239581,192975.80474222908,1.0527210884353742,635.6569924918078,0.019523143768310547,224.5624098723278,13547.606604899318,65.6841782024058,170778.86332625506,1.1030303030303032,567.7768279715763,0.6294922828674316,239.29794366585057,13531.254842407388,70.09449553552537,182245.68839236593,0.9851851851851853,603.3809550959979,0.5639185905456543
